Jerome Ibanez,Chief Executive Officer,"Jerome is one of the Co-Founders and CEO at RefundMe. Originally from the Philippines, he is in charge of business development, partnerships, finance, and marketing. Highly analytical, motivated, and entrepreneurial, he previously worked as a Data Scientist at mClinica (backed by 500 Startups) and as a UX Consultant at On-Off Group (Asia's leading UX firm). He also started MetroPlate, a food delivery startup that he launched in the Philippines at age 19. Jerome has a Master in Management from IE Business School and a Bachelor's Degree in Computer Science from De La Salle University."
Robert Hoevers,CEO,"Robert Hoevers MSc, former GM at A1GP Netherlands and one of the initiators of the FIA Formula E. Robert initiated team China Racing which was later sold to NIO. He was one of the early employees at the Lightyear Solar Car project and was responsible for commerce, business development and government relations. Robert was the creator of the multi million Euro partnership with LeasePlan and the tax exemption for Solar cars in the Dutch climate accord. At Squad Mobility, next to general operations as CEO, Robert is responsible for sales & marketing."
Chris Klok,Chief of Design,"Chris Klok MSc MTD has a broad experience in developing mobility products, from two- to four-wheeled vehicles. He has developed advanced interior concepts for Renault, motorcycles for Piaggio and played an important role in the development of the PAL-V flying car, being responsible for systems integration and styling. Before starting Squad, Chris was the chief vehicle engineer at Lightyear, technically in charge of the complete engineering and prototyping team. At Squad Mobility, Chris is responsible for Research and Development."
Danielle Bosma,Designer & Branding,Danielle is our designer and branding queen.
Joshua van Londen,Founder & Developer,Joshua is a software architect and business developer. A Rotterdammer to the core with entrepreneurial blood flowing through his veins.
Humayun Tanwar,Developer & Devops,Humayun is the brain behind the logic of our application. He is responsible for the entire back-end of the applications.
Orpheo Bena,CEO/CTO,Serial entrepreneur who founded three tech startups. Sold first startup. Background has always been in data and tech. Worked for many years as a data- and innovation consultant.
Noud van den Eerenbeemt,Marketing & Sales,Founded two tech startups after helping to build the biggest independent media agency group in the Netherlands. Background has been in marketing and sales.
Jan Cassalette,Founder,Serial founder
Selina Tirtajana,"Co-founder, CEO",10+ yrs medical device & growth marketing
Gabriel Saenz,"Co-founder, CTO","10+ yrs data engineering, systems architecture"
Brian Doelkahar,"AI/ML, Data Science",20 years quantitative modeling at large financial institutions
Dr. Stanimira Kalaykova,Clinical Advisor,assistant professor of dentistry; expert on bruxism and dental sleep medicine
Erich Elsen,AI/ML Advisor,"AI/ML expert focusing on AI efficiency, use & deployment. Ex-Deepmind (Google AI)"
Dopple,Hardware development & manufacturing partner,20+ years in hearables development and manufacturing for global brands
Joris Oudejans,Product,"Joris co-founded a software development company at 14 years old, and has founded and worked at various start-ups ever since. He co-founded Vlinderstorm, a software development agency employing 7 students at its peak, and co-founded and sold Strape, a peer-to-peer payment app based on Bitcoin, to OK. Before working on BASH fulltime, he was Product Lead at EarthToday. He holds a BSc in Computer Science from the Technical University of Delft with Honors and a MSc in Computer Science (Security & Reliability) from Imperial College London, finishing with top grades in both."
Joost Carpay,Sales & Operations,"Joost co-founded an event company and ran it successfully for 6 years before joining BASH. Furthermore, he worked in Operations at various event companies. He holds a BSc in Economics and Business and is a candidate for an MSc in Entrepreneurship and Innovation from the University of Amsterdam."
Shane Koppers,"Technology, Back-end & Front-end","Shane has worked with Joris for 6 years, originally at Vlinderstorm. He worked on a range of projects developing software, having the lead for Vlinderstorm’s biggest project: building a simulator for banks with features specified in PSD-II. Shane holds a BSc in Computer Science from the Technical University of Delft and is a candidate for an MSc in Artificial Intelligence from the University of Amsterdam."
Elise Mol,Data Science,"Elise has worked as a Data Scientist for various start-ups. She is an expert in analyzing and visualizing data, using either data platforms or hard-core query languages. Furthermore, she knows how to build Machine Learning models and operationalize them in Cloud Environments. She holds a BSc in Data Science from the Amsterdam University College and is a candidate for an MSc in Artificial Intelligence from the University of Amsterdam."
Max Mijnheer,"Technology, Mobile & Front-end","Max is a Senior Software Engineer that has worked on Blockchain, Web and Mobile for previous projects. Before joining BASH, he was the Lead Developer at Trive. He holds a BSc in Artificial Intelligence from the University of Amsterdam. As with Shane, Max’ experience in a wide variety of software development projects enables him to contribute to every part of the BASH platform. He currently works on iOS and front-end."
Eva Kril,Marketing,Eva is a digital marketeer that previously worked as Social Media Marketeer at A.S. Watson. She is an expert in creating and executing digital marketing strategies. She holds a Bachelor’s in Communication Management from the HU University of Applied Sciences Utrecht.
Ferhat Topuz,"co-founder, business development & PR"
Jingwei Ren,"co-founder, UX & product development"
Arvin Esterabadi,"co-founder, strategy & operation"
Martijn Lindeman,CEO,"Martijn is a system thinker with a background in culture, media, technology and the travel industry. Martijn has 10 years of experience in launching online platforms. He launched and managed BestHotelOffers, HotelKing and HotelOK in the travel industry and was an investor and co-founder of Ad-Up ('Reversed' ad platform) and ButlerBuddy (Uber-for-everything services platform). Martijn has generated €250 million in hotel sales in the travel industry with his platforms. Martijn has a personal interest in science, international relations and the makeable future. His background in media science and work experience in both traditional and digital media provided him with in-depth knowledge of the workings and effects of all media forms. Martijn is a contrarian thinker and blue sea explorer. Because of his interest in science and technology, he spends most of his time thinking out futures and anticipating possible scenarios. Because of this he is a full-time futurist, although he hopes to be able to live more in the 'now' with the recent birth of his baby daughter."
Ivo Jansch,CTO,"Ivo is an entrepreneur with a rare combination of technical, communication and management skills. After a career as CTO at an internet agency that he helped grow from 5 to 120 people with offices in 3 countries, he founded Egeniq, an app agency focused on technologically advanced app projects. Ivo is pragmatic and not afraid to challenge the status quo of an organization, helping them to grow and excel by challenging their beliefs. Ivo's specialty is software and system architecture. He likes to share his knowledge in this field by speaking regularly at conferences and by occasionally writing books. His book 'Enterprise PHP Development' has helped many web development teams to professionalize their processes. His upcoming book 'N Ways To Be a Better Developer' helps developers with best practices for their development careers. Ivo is the organizer of the Appdevcon conference and co-organiser of the Appril Festival, two events to take the Dutch app developer communities to the next level. Ivo is also the architect of Corona Melder. The official corona tracing app for the Netherlands."
Joris Hoffman,CPO,"Joris has almost two decades of experience in digital product design and development and was responsible for a series of leading digital platforms used by millions of people every day. Such as Talpa Radio, Talpa TV, Discovery Networks UK, RTÉ Ireland, Viacom US, booking.com and Pathé-Thuis. Joris was and is head of Product, Design, UX and Development of several successful high-performance websites. He has hands-on experience with all stages of the user-oriented design process. Joris has a huge track record in building groups of designers and developers who work effectively and communicate with project managers and business stakeholders. Joris is co-founder of +Drie; Strategic design and innovation partner."
Mark van der Poel,Lead design and UX,Mark has 15 years of experience in the digital landscape. Mark is an expert in setting up efficient design systems. He has excellent skills for a seamless transfer from design to development. Mark is also a great tutor for other designers. Mark is co-founder of +Drie; Strategic design and innovation partner.
Dave Valk,Design and UX,Dave has 15 years of experience in creating digital products. Dave founded digital agency Supersteil and led it for 8 years before selling it to DEPT. Dave has led DEPT's design team. Dave is an expert in leading creative teams and solving complex digital problems. Dave is co-founder of +Drie; Strategic design and innovation partner.
Elgin Jeleel,Founder
Jerome Ibanez,Chief Executive Officer,"Jerome is one of the Co-Founders and CEO at RefundMe. Originally from the Philippines, he is in charge of business development, partnerships, finance, and marketing. Highly analytical, motivated, and entrepreneurial, he previously worked as a Data Scientist at mClinica (backed by 500 Startups) and as a UX Consultant at On-Off Group (Asia's leading UX firm). He also started MetroPlate, a food delivery startup that he launched in the Philippines at age 19. Jerome has a Master in Management from IE Business School and a Bachelor's Degree in Computer Science from De La Salle University."
Robert Hoevers,CEO,"Robert Hoevers MSc, former GM at A1GP Netherlands and one of the initiators of the FIA Formula E. Robert initiated team China Racing which was later sold to NIO. He was one of the early employees at the Lightyear Solar Car project and was responsible for commerce, business development and government relations. Robert was the creator of the multi million Euro partnership with LeasePlan and the tax exemption for Solar cars in the Dutch climate accord. At Squad Mobility, next to general operations as CEO, Robert is responsible for sales & marketing."
Chris Klok,Chief of Design,"Chris Klok MSc MTD has a broad experience in developing mobility products, from two- to four-wheeled vehicles. He has developed advanced interior concepts for Renault, motorcycles for Piaggio and played an important role in the development of the PAL-V flying car, being responsible for systems integration and styling. Before starting Squad, Chris was the chief vehicle engineer at Lightyear, technically in charge of the complete engineering and prototyping team. At Squad Mobility, Chris is responsible for Research and Development."
Danielle Bosma,Designer & Branding,Danielle is our designer and branding queen.
Joshua van Londen,Founder & Developer,Joshua is a software architect and business developer. A Rotterdammer to the core with entrepreneurial blood flowing through his veins.
Humayun Tanwar,Developer & Devops,Humayun is the brain behind the logic of our application. He is responsible for the entire back-end of the applications.
Orpheo Bena,CEO/CTO,Serial entrepreneur who founded three tech startups. Sold first startup. Background has always been in data and tech. Worked for many years as a data- and innovation consultant.
Noud van den Eerenbeemt,Marketing & Sales,Founded two tech startups after helping to build the biggest independent media agency group in the Netherlands. Background has been in marketing and sales.
Jan Cassalette,Founder,Serial founder
Selina Tirtajana,"Co-founder, CEO",10+ yrs medical device & growth marketing
Gabriel Saenz,"Co-founder, CTO","10+ yrs data engineering, systems architecture"
Brian Doelkahar,"AI/ML, Data Science",20 years quantitative modeling at large financial institutions
Dr. Stanimira Kalaykova,Clinical Advisor,assistant professor of dentistry; expert on bruxism and dental sleep medicine
Erich Elsen,AI/ML Advisor,"AI/ML expert focusing on AI efficiency, use & deployment. Ex-Deepmind (Google AI)"
Dopple,Hardware development & manufacturing partner,20+ years in hearables development and manufacturing for global brands
Joris Oudejans,Product,"Joris co-founded a software development company at 14 years old, and has founded and worked at various start-ups ever since. He co-founded Vlinderstorm, a software development agency employing 7 students at its peak, and co-founded and sold Strape, a peer-to-peer payment app based on Bitcoin, to OK. Before working on BASH fulltime, he was Product Lead at EarthToday. He holds a BSc in Computer Science from the Technical University of Delft with Honors and a MSc in Computer Science (Security & Reliability) from Imperial College London, finishing with top grades in both."
Joost Carpay,Sales & Operations,"Joost co-founded an event company and ran it successfully for 6 years before joining BASH. Furthermore, he worked in Operations at various event companies. He holds a BSc in Economics and Business and is a candidate for an MSc in Entrepreneurship and Innovation from the University of Amsterdam."
Shane Koppers,"Technology, Back-end & Front-end","Shane has worked with Joris for 6 years, originally at Vlinderstorm. He worked on a range of projects developing software, having the lead for Vlinderstorm’s biggest project: building a simulator for banks with features specified in PSD-II. Shane holds a BSc in Computer Science from the Technical University of Delft and is a candidate for an MSc in Artificial Intelligence from the University of Amsterdam."
Elise Mol,Data Science,"Elise has worked as a Data Scientist for various start-ups. She is an expert in analyzing and visualizing data, using either data platforms or hard-core query languages. Furthermore, she knows how to build Machine Learning models and operationalize them in Cloud Environments. She holds a BSc in Data Science from the Amsterdam University College and is a candidate for an MSc in Artificial Intelligence from the University of Amsterdam."
Max Mijnheer,"Technology, Mobile & Front-end","Max is a Senior Software Engineer that has worked on Blockchain, Web and Mobile for previous projects. Before joining BASH, he was the Lead Developer at Trive. He holds a BSc in Artificial Intelligence from the University of Amsterdam. As with Shane, Max’ experience in a wide variety of software development projects enables him to contribute to every part of the BASH platform. He currently works on iOS and front-end."
Eva Kril,Marketing,Eva is a digital marketeer that previously worked as Social Media Marketeer at A.S. Watson. She is an expert in creating and executing digital marketing strategies. She holds a Bachelor’s in Communication Management from the HU University of Applied Sciences Utrecht.
Ferhat Topuz,"co-founder, business development & PR"
Jingwei Ren,"co-founder, UX & product development"
Arvin Esterabadi,"co-founder, strategy & operation"
Martijn Lindeman,CEO,"Martijn is a system thinker with a background in culture, media, technology and the travel industry. Martijn has 10 years of experience in launching online platforms. He launched and managed BestHotelOffers, HotelKing and HotelOK in the travel industry and was an investor and co-founder of Ad-Up ('Reversed' ad platform) and ButlerBuddy (Uber-for-everything services platform). Martijn has generated €250 million in hotel sales in the travel industry with his platforms. Martijn has a personal interest in science, international relations and the makeable future. His background in media science and work experience in both traditional and digital media provided him with in-depth knowledge of the workings and effects of all media forms. Martijn is a contrarian thinker and blue sea explorer. Because of his interest in science and technology, he spends most of his time thinking out futures and anticipating possible scenarios. Because of this he is a full-time futurist, although he hopes to be able to live more in the 'now' with the recent birth of his baby daughter."
Ivo Jansch,CTO,"Ivo is an entrepreneur with a rare combination of technical, communication and management skills. After a career as CTO at an internet agency that he helped grow from 5 to 120 people with offices in 3 countries, he founded Egeniq, an app agency focused on technologically advanced app projects. Ivo is pragmatic and not afraid to challenge the status quo of an organization, helping them to grow and excel by challenging their beliefs. Ivo's specialty is software and system architecture. He likes to share his knowledge in this field by speaking regularly at conferences and by occasionally writing books. His book 'Enterprise PHP Development' has helped many web development teams to professionalize their processes. His upcoming book 'N Ways To Be a Better Developer' helps developers with best practices for their development careers. Ivo is the organizer of the Appdevcon conference and co-organiser of the Appril Festival, two events to take the Dutch app developer communities to the next level. Ivo is also the architect of Corona Melder. The official corona tracing app for the Netherlands."
Joris Hoffman,CPO,"Joris has almost two decades of experience in digital product design and development and was responsible for a series of leading digital platforms used by millions of people every day. Such as Talpa Radio, Talpa TV, Discovery Networks UK, RTÉ Ireland, Viacom US, booking.com and Pathé-Thuis. Joris was and is head of Product, Design, UX and Development of several successful high-performance websites. He has hands-on experience with all stages of the user-oriented design process. Joris has a huge track record in building groups of designers and developers who work effectively and communicate with project managers and business stakeholders. Joris is co-founder of +Drie; Strategic design and innovation partner."
Mark van der Poel,Lead design and UX,Mark has 15 years of experience in the digital landscape. Mark is an expert in setting up efficient design systems. He has excellent skills for a seamless transfer from design to development. Mark is also a great tutor for other designers. Mark is co-founder of +Drie; Strategic design and innovation partner.
Dave Valk,Design and UX,Dave has 15 years of experience in creating digital products. Dave founded digital agency Supersteil and led it for 8 years before selling it to DEPT. Dave has led DEPT's design team. Dave is an expert in leading creative teams and solving complex digital problems. Dave is co-founder of +Drie; Strategic design and innovation partner.
Elgin Jeleel,Founder
Emmal Khan,Founder & CEO,"-> Entrepreneur and tech savvy leader in taxi, customer experience and software development. -> 13 years experience in ride hailing business"
Rohan Vaidya,Co-founder & CTO,"-> Entrepreneur, Sr Software engineer, developer -> IT - Architecture & vision, Cloud management , Blockchain -> Leader of 50 developers -> 13years relevant experience"
Emmanuel de Bakker,Co-founder & COO,"-> Entrepreneur, Business development -> Management & leadership -> 14y relevant business experience"
Ted Oorbals,Co Founder / General Director,"Originally from The Netherlands, Ted Oorbals (1968) is a creative strategist with a strong commercial and marketing background focused on innovation. He has been an entrepreneur and business builder for 30 years, and started and turnaround various companies in sectors ranging from electronics and healthcare to virtual reality and cybersecurity. His focus has always been on using a combination of innovative and distinctive technology with a disruptive marketing and sales approach. Ted Oorbals’ last position regarding cybersecurity and digital identities was as the CEO of the identity platform Biocryptology (Madrid, Spain), that he successfully launched in 2018. After many years working in the identity industry, in his current position of General Director of YourID, he is considered a highly knowledgeable evangelist for the creation of a new, disruptive, global industry standard in the identity space."
Richard Citteur / General Secretary,Co Founder / General Secretary,"Richard Citteur (1971), originally from The Netherlands, supports YourID in all aspects, with a focus on organizational development and initiating partnerships. Richard is an entrepreneurial-minded professional with a great eye for detail and he has excellent writing skills in Dutch, English and Spanish. He coordinates general operations and client relations, and oversees all communications and agreements with a wide variety of (potential) partners. In addition, he is the sparring partner for Ted Oorbals regarding strategic matters and he performs a variety of (market) research activities. Richard has a degree in Business Administration (Erasmus University Rotterdam, The Netherlands) with a specialization in Strategic Management. Together with Julio Cesar Pea and Ted Oorbals, Richard co-developed the Biocryptology platform, where he was involved from May 2016 – Dec. 2018."
Alberto Cejudo,Co Founder / Financial Advisor,"Originally from Spain, Alberto Cejudo (1964) is a creative financial engineer with a strong wealth management and wealth structure background, focused on family businesses and asset protection. He is graduated in Economics and has a Master in Economics and Financial Management. Alberto is specialized in Financial Engineering and Derivatives and International Tax Planning. Furthermore, he is skilled in Financial Markets, Wealth Accumulation and Protection strategies, Machine Learning, Quant & Algorithmic trading, STO and Crypto assets.   He has worked around the world for several top-tier wealth management companies, among others BNP Paribas, Bank of America-Merrill Lynch, Bank Privèe Edmond de Rothschild, KBL European Private Bankers and Banque SYZ. Alberto has an entrepreneurial mindset, that enables him to develop new businesses in challenging environments. Besides providing financial advise, at YourID Alberto also guides the Foundation’s governance model and helps find the right contacts and local support, thereby creating the fundament for YourID’s Industry Initiative."
Julio Cesar Pea,Co Founder / Technology Architect,"A native of Venezuela, Julio César Pea (1981) is a technology driver with a global mind-set and a strong development vision. He has vast expertise in many aspects of top-end technology. Julio graduated in Electronic Science and Engineering (specialty in bio-medicine & bioelectronics) at the Simón Bolívar University in Venezuela. He has extensive experience in leading projects and teams and on foreign markets, product design, China manufacturing, chains of supplies and mass production. He started in a multinational company as QA tester and later achieved a leading position in hardware development in the Taiwan main factory. He obtained a Master’s Degree in Robotics and Automatization, and started his own company in hardware and software development. Julio’s focus has always been on creating the most disruptive product in combination with the best user experience, the highest quality and ultimate scalability. Julio was at the basis of the creation of Biocryptology when he started working on its technology in 2013. He left Biocryptology as CTO in December 2018, together with Ted Oorbals and Richard Citteur, with who he initiated YourID in January 2019."
Gagan Reddy,Founder - CEO,"Climate data and nature based solutions scientist, with a background in software product development."
Kars Vreeswijk,Sales director,"Background in maritime engineering sector, and transitioned into technology and account management roles in the human resources and ag-tech."
Caroline Cadwell,Co-founder & CEO
Tim Smits,Co-founder & CPO,"Tim has a BSc. and MSc. in Industrial Design Engineering from the Delft University of Technology. Within Unpluq, he is responsible for marketing, UI/UX design, app retention, branding and finance. Tim suffered a lot from smartphone distraction during his studies and is determined to help people in spending their time in a more meaningful way. He meditates and does yoga, so he knows the benefits of a balanced (digital) life."
Jorn Rigter,Co-founder & CTO,"Jorn has three years of working experience in software development, developing apps and Windows applications. He has a background in Computer Science and Industrial Design Engineering at the Delft University of Technology. Within Unpluq, he is responsible for the software development, financing rounds and legal. Jorn suffered a lot from smartphone distraction during his studies. He meditates an hour per day, and is therefore very aware of the effects of social media on our wellbeing and productivity, from first-hand experience."
Julian Jagtenberg,Advisor Marketing & Sales,"Julian is the founder and CEO of Somnox, the world's first sleep robot. Somnox has a team of 40+ people and they are selling their products internationally."
Venkatesh Chandrasekar,Advisor Business Development,"Venkatesh was the co-founder of Inkless, with a successful exit in 2019. He now works as Product Manager at Bird Control Group, a scale-up from Delft."
Rene Tensen,Advisor Subscription Model,"Rene has extensive experience in SaaS, marketing and sales at multiple telecommunication companies."
Pieter Verhaegh,Founder
Tamara Orjola,Founder,"At this moment our team consists of one founder, but we are actively looking to expand our team and bring a knowledgeable Co-founder on board. Tamara Orjola is a material designer and founder of Forest Wool. Graduated from Design Academy Eindhoven with the project Forest Wool. With which she has won multiple awards: - ASN Bank, Wereldprijs 2020, 3rd price - Brain Awards - Best of Dutch Design Week - Green Product Award Selection of 2020 - Melkweg and Rene Smeets Awards nominee Gained experience working as a designer for multiple companies and clients: - Studioilse, UK - Studio Stefan Scholten (Scholten & Baijings), NL - Circular Matter, BE - Walden Studio, NL Tamara’s passion, deep knowledge, and expertise on this subject will lay a fundamental base for business creation and will help our business to evolve in the future."
Per Roseth,Founder - Commercial lead,"Bringing his experience in innovation delivery (ideation to implementation) in the airline industry with a focus on sustainability he is the visionary and primary driver of the GloUV concept. Utilizing his experience in sustainability, technology, product development, hospitality, storytelling and immersive experiences he aims to make a noticeable impact on the Covid-19 crisis."
Alex Jurtan,"Founder - Design, industrialization lead","Alex can bring any idea to life and is the design force behind the in-house product development team. With a background in product design and multimedia productions, he quickly translates product ideas into tangible products. He is running his own design and video product company and has launched on kickstarter"
Dana Rosu,Advisor - Ecommerce strategy,"Bringing her expertise in ecommerce strategy and marketing experience from FMCG industry, she is responsible for helping building our sales channels, pricing strategy, marketing planning for amazon and elsewhere"
Henrich Jurtan,Advisor - manufacturing setup and Quality Assurance,Heinrich Jurtan currently is the CEO of Electric machines out of Czech republic and has had a career-long background in ensuring complex production management.
Karl Walter,Partner - International Business Development,20+ years of work experience in travel retail (Dufry) he now works as a travel retail consultant advising established companies and startups on success in travel retail industry.
Thomas Henningsen,Partner - International Business Development,"10+ years of work experience in travel retail, he now works as a travel retail consultant advising established companies and startups on success in travel retail industry."
Peter Meester,Founder & Developer,"Started as a hobby and now more than 17 years active in developing websites and web applications. Over the years I have gained work experience at various full-service internet companies and worked on websites and web applications for small to large organizations. I am driven, ambitious, a go-getter and a perfectionist."
Dwight Vliese,Founder
Taco Hiddink,Co-Founder,"I apply Machine Learning and Deep Learning technology. Co-founder of brainial.com and focused on building intelligent software that analyses tender data to automatically identify requirements, risks & provide answer suggestions. Working on Document AI."
Fedor Klinkenberg,Co-Founder,Co-founder at Brainial.com 🚀 | Smart Tender Analysis platform to reduce time & money spent when responding to tenders.
Bob Maks,Head of Product
Jordi Bekker,Business Developer & Food Specialist,"Jordi was educated and trained in biology, nutrition and health (both human health and animal health). He is specialised in fysiological processes and the absorption processes of food particles. He is also responsible for our blog."
Maurits Bruin,Business developer,"Maurits was educated and trained in technical business engineering and innovation, management and life sciences. He is specialised in business, innovation, product development, logistics, production and management."
Floor Sluijter,"Marketing, Research & Development","Floor was educated and trained in management, economics and consumer sciences in which she specialised in consumer sciences. She is responsible for marketing processes and setting up market campaigns."
Bachrum Lubis,Finance & Food Specialist,Bachrum was trained in financial management and food technology and innovation. He has experience as a banker and is also responsible for the financial policy of Major21
Roger Rosweide,CEO,"Growth Hacker / Content Maker. 12 years experience in creative technologies. From founding the world's first 3D-printing popsicle factory, to launching the world's first VR cinema franchise internationally, Roger has always been at the forefront of creative innovations in technology and marketing."
Wijnand van Leeuwen,CTO,"Wijnand is a full-stack developer and sys-admin, as well as a seasoned tech entrepreneur. In the past, Wijnand has built apps and platforms for corporations such as Kwantum and fysiotherapie4all. Recently, Wijnand was a founder partner and CTO of a voice transcribing app that now has clients such as UWV (Dutch Governemental Unemployment Agency) and Philips."
Jelle Mieldijk,CEO,"Responsible for managing operational processes in both short and long-term. Responsible for strategic platform development and aligning theory with practical demand from the market. Holds bachelor degree in Business Administration from the Hogeschool of Amsterdam (HvA). Previously completed MBO level 3 and 4 in logistics team leader and warehouse manager. Previously worked in Logistics at Rhenus Logistics as consolidation operator airfreight and Quicargo as operations associate and currently holds the position of material planner European logistics centre for Yokogawa, a Japanese multinational company"
Abhilash Aryal,COO,Responsible for developing and achieving commercial goals that align with the strategic plans of Redistri. Developing and executing marketing efforts in order to achieve commercial goals. Holds bachelor degree in Business Administration from the Hogeschool of Amsterdam (HvA). Recently graduated with a master program of International Management at Northumbria University located in Amsterdam. Previously worked at Rockstart as a start-up scout and at OnGuard Holding as a business development representative.
Lucien van Wouw,CTO,Overall developer of the front and back end of the platform. Managing and developing the needed functionalities and abilities into the platform. Currently has 20+ years of experience with developing a wide variety of applications for different applications within different use cases. Currently works at the International Institute of Social History (IISH) located in Amsterdam. Holds master’s degree development sociology from Leiden University.
Neville Mchina,CEO,"Serial Entrepreneur in the food space, with a passion for farmers and their well-being. The Zimbabwean native was raised on a farm, and went on to study in Agribusiness in Germany. He began his career as a Product Manager for Eosta BV - EU's leading organic trading company before setting up FruitCon B.V [NL], and GreenStone Foods (Pvt) Ltd [ZW]. He has consulted for IESC and the United Nations agribusiness development and food loss and waste. Neville brings his drive, and expertise to the team!"
Jonas Kwaschik,CTO,"A seasoned I.T entrepreneur, Jonas set up his first company at 16 which he later exited during a sale. He has since then set up Sleighdogs GmbH, and built products for Universal Music, Accenture, Mercedes Benz, Sparkasse - to name a few. He has been a product development coach for Google. Jonas steps into Invisible Foods enthusiastic about impact!"
David Oyetunde-Aguilera,Business Development,"David is a food and markets expert who started his career off as a Key-Account Manager for Eosta BV, EU's leading organic trading company. Here he co-handled retail accounts like Aldi South (DE), Netto/Edeka (DE). He went on to become a U.N consultant in the area of food loss and waste. David has also worked for FruitCon B.V as a trading consultant where he had a focus on French and German wholesale. He knows and understands the food industry and joins to tackle the food waste challenge with experience and wit!"
Helena Gebhart,Business Development,"Helena is a young, motivated lady at the footsteps of her career. Coming from a lineage of entrepreneurs, she brings a wealth of expertise in conducting international business, as well as Machine learning and data science - which she carries from her studies. She is simply a doer and will stop at nothing to get the job done!"
Roel van de Weijer,Cash-ew Officer,"10 yrs experience as a entrepreneur and financier 7 yrs in increasing management position worked for Maersk in China, Africa and Western Europe"
Hayo de Feijter,Chief Nut,10 yrs experience as agricultural specialist in Africa and entrepreneur
Brechje Albert-Grollers,Cashew Evangelist,16 yrs experience in bringing sustainable products to the market
Vlado Kysucky,"Co-Founder, CEO","Finance executive and scholar with expertise in applying innovation in financial markets. Multiple innovations include industry-defining market infrastructure solutions and new asset classes for impact finance in Europe and emerging markets. Professor at Audencia BS, Nantes U; PhD Erasmus U; Columbia U, MIT. Two-decades of track-record in financial management $1bn in executed transactions."
Marian Tarnavskyi,"Co-Founder, COO","Operations specialist in banking (ING Group) and asset management (Penta Investments) with proven record of executing technology strategy for dramatic gains in efficiency, advanced analytics, and risk management, leading to market leadership in its segment. MA, Finance, Economics U."
Heather Gates,CEO and Founder,"Being an athlete helped me learn success was more easily and sustainably achieved when you apply the right skills to a common goal. Sports played a significant role in my childhood development as it taught me how to be coached, communication, accountability, empathy, and most importantly....discipline. This transitioned into my professional career as I’ve had the opportunity of managing and consulting on projects in over 25 countries, impacting hundreds of thousands of clients and delivering Billions in value. It was during these projects that consistent themes arose: poor communication, limited accountability, zero alignment and lack of a client first mindset. Like many, I faced these same challenges early in my career. But my breakthrough moment was to approach my projects the same way I trained for sports…align the skills of my teams to a common goal or objective. From there the journey started getting smoother and I ultimately established a reputation as an effective and sought after leader for projects for several years. After a 20-year corporate career of leading global projects, programs and transforming professional services teams, I launched PM Rehab to dedicate the next chapter of my career to develop innovative subscription-based project management services that focus as much on interpersonal skills as project management capabilities."
Tamer Haj,Sales Consultant
Hans Pouwels,Director,"I founded SystemI together with Vincent. We continued to develop the product based on our graduation research. I am 24 years old and currently working in the consultancy world, but I would like to develop SystemI into a company that helps people internationally to think about circularity."
Vincent Schipper,Director
Woroud Almansoure,DGA,"graduated 10 years ago with a Bachelor's degree in business Administration from Aleppo university. She has 5 years of experience in managing at an Exchange Company in Syria ( sort of Bank). She also trained for two months in a food distribution company in the Dutch region of Didam and worked for 8 months as an executive director for a travel and tourism company in Utrecht, Netherlands. Dynamic and motivated professional with a proven record of generating and building relationships. Skilled in building cross-functional teams, demonstrating exceptional communication skills, and making critical decisions during challenges."
Ayham Dayoub,DGA Assistant,"A rising star among local France entrepreneurs. He holds an IT certificate with more than eight years of experience in social projects, an Entrepreneurial spirit, and a personality recognized for his pragmatic approach and his innovative ideas. He is a fantastic Project Manager Assistant, Skills include computer networking, analytical thinking, and creative problem-solving. Able to apply customer service concepts to IT to improve the user experience for clients, employees, and administration."
Rabea Almansoure,Sale's Sections Regulation Division Responsible,"has a long experience in biological agriculture, as he owned his own farm in Syria, in addition to a small cow farm and a point of sale for milk products. Friendly and enthusiastic hard-worker. Able to learn new tasks quickly and proficient in growing key in the sphere of customer relationships. Goal-oriented and dedicated to high levels of customer satisfaction and meeting aggressive business goals."
Nirmen Alahmad,Marketing & Communication Department Responsible,"Has 6 years of experience in customer service, providing high-quality communication to clients, and maintaining their satisfaction level, besides a good experience as a cashier. Moreover, Nermin got an agricultural background and has a fast ability to learn and memorize. Dedicated to work and able to do her tasks under pressure, she believes strongly in our business goals and ethics."
Joshua van den Hurk,Founder,"With a background in management and organization and a specialization in social enterprises, Joshua decided to found his own company to make a long-lasting impact."
Ainu van den Hurk,CGO,"Having finished a master's in communication sciences at the Radboud University, Ainu is our communication guru. He writes captivating product texts, grabs the attention of our newsletter subscribers, and gets his energy from setting up partnerships with magazines and newspapers."
Marco Ghioldi,Head of Partnerships & Sales,"Marco is our Italian team member and specializes in setting up new partnerships and sales. He finished his study International Business Administration at the VU, Amsterdam."
Zeynoun Albeik,Online Marketer,Zeynoun has a background in online marketing. Having worked for companies such as Adidas and Samsung he's using his experience to set up top-notch campaigns for The Bamboovement.
Frank Koch,COO
Nelson Vicente,Manager,"Businessperson My name is Nelson Vicente I am 33 years old I live in the Netherlands in the city of Eindhoven, I have been here for 3 years with my wife and my 6 year old son. This business idea came up the first time I set foot in this magnificent country that is the Netherlands, there are thousands of small businesses and a standard of living that provides purchasing power to the customer. My professional experience includes product marketing management. In the Netherlands I work in the area of e-commerce."
Omid Hajishirmohammadi,Founder,"Nature-Inspired Architect, IMPEL+ Innovator 2021, and Bootstrapped Entrepreneur. The creator of Bio Circular Composite Blocks, Versatile Architecture Style, Demountable Building Technology and In-situ Manufacturing System."
Raphael Rafi A. Shilton,Founder,"Serial Entrepreneur, 5 years HORECA & Food Retail e-commerce experience as Co-founder of nefisgurme.com , 28 years of Business Management experience as Managing Director & founder in HORECA textile"
Elliott Wagschal,Co - Founder,"Entrepreneur, Corporate Risk & Quality Manager. 13 years of professional Risk Management experience. Business & consultant minded background."
Anton Cnossen,IT Director,"Serial Entrepreneur, Currently Owner & CEO at TeamValue Group (2012). 7 years of experience in Ceasar Groep as CTO. Technical & technological background, consultant mindset. Proven successful app TeamNow sold to Microsoft."
Andrew Tomasouw,Business Finance Controller,"Entrepreneur, Founder of SolValue Interim & Consultancy B.V. Over 16 years experience in Finance, Control & Risk Management in supply chain, utility and EV-sector. Strong Operational Finance background. Experience in M&A ."
Gideon Boadu,Directie,Gideon is lead data analyst at Disney Streaming Services. At DeMonth Gideon is the CEO and CTO and is in charge of website development and strategic planning.
Max de Groot,Directie,"Max is a datadriven business IT consultant who currently works as business analyst and low code developer at one of the big four accountancy firms. He is responsible for development of application for audit and IT audit and takes care of development, stakeholder management, release cycles and support. Max is COO and CFO for DeMonth since the founding of DeMonth. Max is in charge of DeMonths financials and oversees the daily operation of the company. Together with Gideon he determines the strategy and planning of DeMonth."
Jearmey,Manager operations,"Jearmey is co-founder of DeMonth and currently in charge about packaging, distribution and daily operations."
Shervin Wong-A-Soy,Manager operations,"Shervin is co-founder of DeMonth and currently in charge about packaging, distribution and daily operations."
Alejandra Parilli,CEO,General & Pediatric Surgeon with more than 20 years of exprience focus on Minimall Invasive Surgery. Serial Entrepreneur in health since 2011 IRCAD Faculty | IPEG Member
José Gregorio Mejías,COO,"General Surgeon specialist in Minimall Invasive Surgery, with more than 20 years of experience. Professor at the Universidad Católica del Maule in Chile."
Taina Puumalainen,CEO,"CEO , ICT specialist ( saved three time my CV)"
Mika Rantakesiu,worker,Specialist in Google Android and iPhone mobile applications
Nettitieto.fi,10%,Server operator
NeoSoft Technologes,partner,https://www.neosofttech.com/
Erdem KAZAKLI,"Managing Director, Co-Founder","Erdem Kazakli is the Co-Founder& CEO of Lifthop Services. He has 13 years of product, engineering and management experience in Aviation, Unmanned Technologies and Innovation. He has worked 4 years as Head of Product Innovation for gategroup He previously worked for Microflown Avisa B.V, Turkish Airlines Technic Inc. and TAI in management and engineering roles. He worked 6 years designing and verifying MALE and high speed defense drones and lead 2 Turkish MOD feasibility studies on drones. He has managed award winning projects with Airbus and JDE. Mr. Kazakli holds a Master of Science in Engineering Management and a Bachelor of Science in Aerospace Engineering from the Middle East Technical University, Ankara, Turkey."
Tadao Deniz Ozistek,Co-Founder,"TADAO DENIZ OZISTEK Co-Founder &CTO Tadao Deniz OZISTEK is a naval architect since 2008 with extensive experience on design and engineering of wide range of ships including; yachts, commerical vessels, ferries research vessels and naval ships. He has Bachelor’s degree on Ocean Engineering at Istanbul Technical University and Master’s degree on Ship Science at University of Southampton. His interest on hydrofoils and ground effect was started during his education years and he carried out his researches on these subjects. He has been designing and testing hydrofoil and ground effect prototypes of various types since then."
Robert Schuringa,Co-Founder
Jeroen (Jeremy) Fransen,Founder/CEO,"Jeroen Fransen is the passionate founder of #edtech startup Revisely, at the crossroads where people, technology, language and education meet. He holds degrees from Cambridge University (MPhil in Computer Speech and Language Processing) and Utrecht University (MSc in English and Phonetics). Jeroen’s career includes product management, advisory and management roles in the UK, US, The Netherlands and Spain. He worked at universities as well as small startups and large consultancies. He applies his various experiences running Revisely, where his strengths lie in listening to the end user, building partnerships with universities as well as providers of LMS and other solutions."
Lizzy van Dijk,Customer Success,"Lizzy joined Revisely in September 2016, after having finished her Bachelor International Media and Entertainment Industries. As she seeks to make a positive impact in the world and has an ongoing hunger for knowledge and understanding, she later also finished a Master degree in International Development Studies. From customer relations, to design and the organisation of events, she finds in Revisely an opportunity to contribute on a solution to improve education."
Jo Ritzen,Founder/Advisor,"Jo Ritzen was the Minister of Education in The Netherlands and Vice President for human development of the World Bank. From Wikipedia: ""Ritzen was the longest-serving Minister of Education in the EU and one of longest serving in the world. In 1998, after his term as a Minister he became an adviser to the President of the World bank, JimWolfenson and later a vice presidents of the World bank, serving in the Research Department (together with Chief Economists Joe Stiglitz and Nick Stern as) and as vice president for Human Development. He left the World Bank to become president of Maastricht University in February 2003 until February 2011. During that period, Maastricht University grew to become one of the leading international teaching and research universities, with almost half of its students coming from abroad and problem-based learning as the primary educational method. In 2013, the university was ranked number 6 worldwide in the Times Higher Education Ranking of young (“under 50”) universities (established after 1963). During his career he has made significant contributions to agencies such as UNESCO and OECD, especially in the field of education and social cohesion. He also served on the Supervisory Board of Educational Testing Service (Princeton) from 2002 to 2014 and to several Dutch firms from 1981 to 1989 (before becoming a Minister). He is now honorary professor of Maastricht University, senior advisor to the International Institute of Labor Studies IZA in Bonn, member of the International Advisory Board of RANEPA (Moskou) and KAU (Jeddah), adviser to several ministers of education, Chair and Founder of Empower European Universities and Initiator of the Vibrant Europe Forum, whose goal is to contribute to the European Parliamentary Elections in the areas of innovation, higher education, research, labour market, greening and income equality policy. He is also the President of the Conflict and Education Learning Laboratory, a non-profit foundation, registered in the Netherlands, which is dedicated to working for an international agreement to reduce divisive stereotypes in school textbooks."""
Sartou Djibril,CCO,"After spending over a decade in the tech industry, Sartou began her entrepreneurial journey 4 years ago, aiming to make a significant impact in the education sector. Intuitive, patient, and an exceptional listener — that's how many customers describe her. She effortlessly navigates the customer environment, understanding their desires and needs, and consistently fosters warm relationships. Having earned both a BA and MA in Sweden and the UK, she deeply recognizes the importance of education and its societal value. For Sartou, the drive to lead a business to success stems from her aspiration to fill societal gaps and make a lasting positive impact."
Louie Kritzinger,Group CEO,"Louie started Zenon Energy with an experienced team of industry professionals with the goal of democratizing energy storage with a revolutionary new battery technology. With a diverse background in manufacturing, crypto, fintech, robotics, and product commercialization, Louie uses his honed skillset and adaptability to best serve Zenon's shareholders and to grow Zenon's team, culture and revenues."
Duan van t Slot,Director,"I once owned a Nokia 3310 phone. I also drove a Toyota Hilux truck that was 18 years old. My business partner plays music on an audio amplifier that his father bought 30 years ago. People once knew how to build things that last, and I want to bring back that kind of thinking. I follow my passion and am building something that I believe to be really valuable with a team that shares the same vision. I have no doubt with the team and with hard work, this company will be a success and hopefully be an inspiration to many other engineers to practice long-term thinking."
Christian Giannini,CRO,"A proven direct investment, corporate development, and mergers & acquisitions professional, with a passion for penetrating emerging & frontier markets."
Paul Winnowski,Board,"Some people say the future of energy is frightening and overwhelming. Some people say we’ll never be able to change the way energy works in this country. But those people aren’t us. Because if change means reinventing the way millions of people power their homes with affordable clean energy, then we say bring it on. Because change is progress. It’s a beginning ripe with promise. When we go from being a company that provides an energy choice to thousands, to one that gives that choice to millions. When we become a company synonymous with sustainability and human progress. It’s about more than just having the courage to say there’s got to be a better way—it’s having the guts to step up and be that better way. It’s in that moment that change is no longer terrifying—it’s exhilarating. When we start to change the world one day at a time, one roof at a time. And leave a mark that will live on long after we’re gone. Because we didn’t just change the world, we did everything we could to make it better. Power Forward."
Sales Director,Sales Consultant,"Johan Lokken breaks through the line of communication between clients, customers, and businesses to get projects through. With a mixed experience with people in military, government, and commercial, Johan has experience in sales, team building, marketing, strategic implementation, and company collaboration. Johan manages the network of salespeople, distributors, and countless customers of Zenon Energy."
Mias Nieuwoudt,Board,"Founded Telenetix Technology Solutions, Telenetix International, Telenetix T Cube and Telenetix Solar, managed various solution expansions over the years, expanded business into a multinational manufacturing and solution provider specializing in complex modular infrastructure manufacturing and large scale Solar EPC works."
Jan de Kock,Board,"In his most recent role, Jan served as the Operations Director of K2FLY, South Africa, after succesful acquisition of co-authored RCubed software technology platform."
Dick Janssen,Director at idealisers beheer BV,Creating software for more than 40 years. Independent since 2009. Loves playing guitar and exploring strange new worlds
Sander Bakx,Co-founder and CFO,I started my educational career as a product designer. After a few years I started to notice I had higher ambitions than just designing and engineering products. I wanted to know more about the Business Model around a product and how to start a company based on a new product. OTree was the perfect product for my ambition because it was innovative and has huge potential.
Nick van Buijtenen,Co-founder and CMO,I see a world where people are more and more choosing industrial technology over natural alternatives. With OTree I see a product that combines both worlds and using them in the best way possible to work together. This is why I believe in OTree.
Thomas Baks,Founder and CTO,"Living in Rotterdam, a bad air quality was something I always had to live with. My passion for plants brought me to the idea to use them as an airfilter. After lots of research I found the NASA documents which proved that plants can be used as an active air filter. When I saw this, I knew what my next product would be."
Melvin Bruhn,CEO
Olivier Heida,UX & design
Andrey Dyachenko,"Co-founder, Co-CEO, CTO","Technical strategist, experience designer, and project leader. Co-founded a successful tech/entertainment company specializing in real-life gaming."
Danielle Beltran,"Co-founder, Co-CEO, CCO",+10 years Experience leading global corporate distributed teams with a global network. Researched +100 Industry Leaders in Escape Rooms. Data Analytics strategist.
Zina Delyagina,COO,Process-optimization guru and financial specialist. Worked in the event industry in 3 different countries and founded 2 successful companies.
Paul Barreveld,Advisor - International Growth and Strategy
Machteld Busz,Business Operations,Director | Business operations
Guido van Diepen,Curator and producer,Curation | Production
Tim Jansma,Marketing and concept strategy,Marketing | Concept
Herman Kalter,Finance and control,Finance
Niek Storm,Co-Founder,FoodTech | Digital | Innovation | Marketing | E-Commerce | Product | Venture Development | Business Model Innovation | Business Development
Bruce Westeneng,Co-Founder,"Wij maken catering digitaal, duurzaam & persoonlijk!"
Niels de Vries,Co-Founder,Mister Back-end Development
Christiaan Kreeftmeijer,Co-founder,Mister Front-End Development
Remco Fischer,Partner,"The printing industry has been struggling for many years. Due to extensive automation and the crisis, many companies have merged (out of necessity), taken over or even unfortunately went bankrupt. Through a buy and build strategy and constant innovation and responding to the wishes of the customer, Remco Fischer's companies have continuously grown and survived the crisis. and build strategy. These companies have been sold successfully a number of years ago."
Eric Pouw,Partner,"Prior to joining Solveigh, Eric was the CEO and chairman of the Board of DAS since 1997 which under his leadership became the market leader in the Dutch market in legal expense insurance and creditmanagement with over 2000 employees and 300 million in revenues. Prior to working with DAS, Eric was responsible as director for the health sector of ANOZ for 5 years, a 2 billion insurance company."
Ronald Oosterling,Founder,"Ronald Oosterling has always been very passionate about a complete approach to wellness. He has been successful in the entrepreneurial world for a number of years and is on a mission to change the definition of wellness in society. He believes that a holistic wellness vision is the way to a strong, fit and happy life, and that it can unlock the potential of our society."
Katherine Baranova,Founder & CEO,"Experienced leader with over a decade in Financial Sector with a line-up of successful Digital Transformation, Tech, M&A, Integration projects and strategic programmes with international footprint. Passionate about tech-for-good and with background in behavioural psychology."
Anton Baranau,Co-Founder & CTO,"The Swiss Army Knife in IT with 20+ years in FinTech in Payments, Banking solutions, Data Science in start-ups, scale-ups, R&D. With solutions adopted by businesses across the globe. Passionate and experienced about robust scalable architectures."
Esther Schellingerhout-Vogel,Digital Marketing,"Digital marketing strategist with 8 years experience, creator of very-own digital marketing training channel."
Alexey Pimenov,Front-End App Developer,Front-End / React Native Developer
Iryna Shevchuk,UX and Graphic Designer,"UI/UX Designer, Graphic Designer"
Andrei Kulik,"Advisor, ex-Google","Ex-Google, Founder of the Faby App with a successful exit to Google"
>>YOU<<,"Advisor & Angel Investor in the ""Next Big Thing""","✨ You joined the team and helped us build the First Gift in Mind. ✨ You are brave and bold, like us. ✨ Together, we will have saved millions of tons paper and plastic waste. ✨Together, will will have plugged the billions euro leak of consumer value - and turned it into millions of dreams fulfilled."
Jefferson Martina,Founder / Director
Marco Ferraz,Founder / Product
Xiwen Cheng,Founder / Technical
Hatim Baheranwala,CEO,"Hatim is the analytical mind behind our product and business operations. After a short stint in Finance, Hatim started his entrepreneurial career early having set up three previous companies before Treety including IDfy.com. Two years ago Hatim realized that there is more to success than financial wealth and together with Mike decided that his technical skills and experience in SaaS could be put to use to solve the greatest challenges we face today. Born was Treety and he has never looked back. In his personal life Hatim is learning Dutch from his 5 year old son and to his sister's delight, has finally become somewhat of an environmental activist."
Mike van Wijhe,CCO,"Mike is the creative and commercial mind behind Treety and a true global citizen. After a short hotel management career he spent 7 years in MarTech previously holding commercial leadership positions with a variety of start- and scale ups. Treety was born out of a passion to help impact focused businesses with simple solutions to complex problems. Mike has a passion for food, cooking and surfing which are all highly dependent on a clean, healthy and biodiverse environment. Plenty of reason to do his part for a carbon free future."
Rick Budel,Founder & CEO,"Rick is an ambitious and competitive individual that is always up for a challenge. Rick gets a lot of energy out of going outside of his comfort zone and learn new things. These characteristics combined with his positive energy makes for an inspiring leader that easily gets people to join his cause. Rick is a true perfectionist that always aims for the best. By combining his experience as e-commerce entrepreneur and account management with his winner mentality, Rick is the perfect person to kickstart the brand of Éticos. In fields that Rick has less experience, he has a strong network of advisors around him that can help him make difficult decisions."
Olivier Overweg,Co-founder & CCO,"Experienced entrepreneurial executive at global active Omnichannel companies and ventures with a 'Can Do' attitude.   Broad experience in Consumer Packed Goods/FMCG markets and various industry domains. Active with major global companies in Food & Beverages, Pharma & OTC and Automotive & Industrial markets beauty. In the segments Beauty & Personal Care and Home Care companies active with companies like Estée Lauder Companies, Beiersdorf, Henkel, L’Oréal, Procter & Gamble and Unilever and with most of the leading retailers and e-tailers.  Board & strategy advisor for general management and consumer driven Omnichannel global sales & marketing distribution. C-level Board leadership positions and interim-management assignments at disruptive businesses, start- up & scale-up companies.  Specialized in global multi-channel marketing & sales distribution strategy, operational excellence and general strategy into execution during early stage, (pre-)seed and expansion phase.  Passionate about leading data & commercial driven sustainable companies. Creating a market focused and cultural adjusted approach.  Over 20 years actively involved in dynamic B2B and B2C environments. "
Micha Medendorp,Strategic advisor,"Micha has a solid track record in organisations (Rituals Cosmetics, HJ Heinz, Mars, Accenture + FMCG clients) recognised as best-in-class in their approach to marketing, running brands that require flair, creativity and a leading edge approach to strategy, NPD and communications. With experience of working in highly competitive categories, he has a in-depth know-how of Business, Brand & Category Development, Strategy planning and Marketing Management."
Hendrik-Jan,Head Product,"30+ years of experience. TU Delft Mechanical Engineering MSc. Analytical and independent engineering professional with extensive experience and exceptional knowledge of technology and product development. Highly skilled in developing, testing and validating various hardware tooling, creating complex 3D models and drawings and managing the entire process of development, validation and production."
Curro Romero,Founder,"In the recent past, I was a professional athlete in Slopestyle and Big Air Snowboarding, being the National Snowboard Champion and representing Spain in international competitions. I founded an automation based SMM company during my teenage years that further expanded to algorithm-heavy digital marketing. This propelled me into software engineering, which became a great combination with my Economics + Business Management educational focal point at the time, leading me to develop a strong both Tech and Finance background."
Nadia Kadhim,CEO,Nadia is a lawyer with expertise in data protection laws of the UK and Europe. She has spent her career protecting the most vulnerable in society and brings this passion to protecting the livelihoods of small business owners. She was previously responsible for the implementation of data protection certifications in the private sector.
Christopher Clinton,CTO,"Chris is a CISSP certified cyber security expert with over ten years of experience protecting some of the world’s most critical systems through working with NATO, HMG, MoD, BAE Systems and FTSE100 firms. He brings this experience and knowledge to the SME market."
Lorena Heskey,CMO,Lorena has over five years of experience in digital marketing and communications for a broad range of technology companies.
Elliott Atkins,Non-executive director,Elliott has two decades of experience in working for and protecting the world’s most critical systems. He was previously the head of GovCertUK at GCHQ and has run numerous large teams across HMG and the private sector.
Carolina Posma,Founder
Julien Jukema,Founder
Mick Vermeulen,Developer,Experience with own start-up participated in ACE incubator program 2019
Lennart Kerkvliet,Developer,Experience with own start-up participated in ACE incubator program 2019
Feye van Westing,CEO,"*8 years experience in Dutch mortgage banking. Has acquired skills and knowledge in: Customer advisory , IT architecture and core banking systems, Mortgage operations.* “Mortgage customers are seen as cash cows by banks and profits are mainly used to fund other business lines. They deserve better. We will be the first strategic mortgage issuer that will put the mortgage customer first, always. It is my mission to realise a truly fair price and hassle- free customer experience.”"
Daan de Koning,CFRO,"*7 years experience in Dutch mortgage banking. Has acquired skills and knowledge in: Balance sheet management, Financial and risk modelling, Business controlling* “The fintech revolution inspired many creative and personalised solutions in payments, insurance and investments. In contrast the mortgage market experienced further standardisation and little imaginative innovation. Hymlo will change that!”"
Rogier van Griensven,CCO,"*6 years experience in the Dutch real estate market. Has acquired skills and knowledge in: Business development and go-to-market, Scaling operations and transformations, Real Estate strategy and organisation* “We need to rethink the way we look at the mortgage market and its flexibility to fit our current and future society. I see a massive opportunity to create value for all parties in the real estate value chain by introducing new tech to the mortgage operating models.“"
Arnout Schepers
Ezequiel Miron
Aly Buydoon,Co-Founder and CEO,"Aly BUYDOON, the CEO, is an Entrepreneur, Pharmacist, Direct Sales & Marketing expert with more than 5 years of experience in leading international teams and achieving great success. He was known for applying leadership to social issues and finding unique solutions tailored to his community; all while showing great respect for others regardless of their background or nationality."
Rabih Abou Eid,Co-Founder and CFO,"Rabih ABOU EID, the CFO, is initially specialized in the Supply Chain Industry. His tracking of technology trends and the fact of being driven by passion made him a huge supporter of Digital Transformation and Automation of any business model. He has a Bachelor of Finance, pursuing a master's in Supply Chain Management, working as a supply chain supervisor in Guinea, and moving to Europe to pursue more entrepreneurial education and experiences."
Joost Op de Woerd,DGA
Kerim Fathallah,Co-Founder,Front-end
Stephane Moquette,Co-Founder,Back-end
Ferri Somogyi,Co-founder,"Ferri is currently on national television in the show ""Goede Tijden Slechte Tijden"" and within ShoutOut.vip responsible for onboarding of the VIPs."
Martijn Pannevis,Co-founder,Martijn has a 10+ year experience in the role of CTO at several startups.
Richard Klomp,Co-founder,Richard is responsible for the daily operations and partnership management
Daria Mishchuk,CEO,"8+ years experience of working in China in sourcing & QC, compliance, 2+ experience in IT sector. Quality control | Certification | Sourcing | Sustainability | IT services | SaaS A sustainability and sourcing/ quality control enthusiast, experienced in management and SaaS industry. Business development of infatica.io, Founder of S-Guru Consulting, Sourcefaster.com"
Tommie Varekamp,Technical advisor,"4+ years of work in China in sourcing and products development. Sourcing | Product development| Tu Delft | Sustainability Extensive practical knowledge, passionate for sustainability in production. Co-owner: www.a4m-group.com"
Darya Konakova,Content Manager,An enthusiast for International Business and Global economy. Green economics specialist.
Alamgir Khan,Developer,"Magento Frontend Developer, National University of Modern Languages (NUML) Bachelor's degree in Computer Software Engineering - JavaScript - Front-end Development - Cascading Style Sheets (CSS)"
Esmee Clewits,Co-Founder & COO
Raymond Joore,Co-Founder & CCO
Slavko Zafirovski,Co-Founder,5 years corporate experience of law in PwC and KPMG. IT process management within horeca.
Lise Terlaak,Co-Founder,6 years IT for horeca expierence. Former manager of support department.
Aleksandra Jordanova,Software engineer,"7 years expierienced software engineer back-end, responsible for designing software and integrations."
Angela Kaevikj,Software engineer,"4,5 years front-end software engineer. Responsible for UI / UX and the design of the applications."
Andrej Gerasimovski,Marketing & Sales,"Driven with social media and marketing, taking his work experience in horeca with him for sales in Macedonia."
Olivier Francescangeli,CEO/Director,Background in Agricultural Engineering + MBA. Previous experience in Greenhouse Horticulture and Vertical Farming.
Joren Ellenbroek,CCO/Director,Background in Environmental Sciences + Economics. Previous experience as Sustainability Consultant and business developer.
Felix Bouma,CEO & Lead UX,"Felix Bouma has been a successful TopTal freelance software (UI) designer with several clients over the years who started as early as seventeen with his craft. Additionally, after two years being the UI lead and co-founder of a 5-person-startup, he now has half a decade of experience as an entrepreneur. Last and most importantly, he is a highly focused autodidact with a vision that drives his relentless curiosity resulting in attentively studying over +200 books and countless papers on relevant subjects. “Leanness is a methodology, not a goal,” writes Peter Thiel in Zero to One. “Making small changes to things that already exist might lead you to a local maximum, but it won’t help you find the global maximum. [...] iteration without a bold plan won’t take you from 0 to 1.” This is why Felix is extremely conscientious and has therefore, for better or worse, been unable to stop iterating on Telos for the last 4 years. His vision has guided him in single-handedly designing the entire user interface, features, brand, marketing, platform, viral-marketing mechanics, business model and much more. His vision is immutable yet his execution of his vision is highly flexible. Starting small now, experimenting, potentially pivoting, and doing less with more are all part of the plan."
Mauricio,Tech Lead,"Mauricio is a software development expert with engineering management experience. He has been developing mobile applications for projects and companies, which reinforced his deep knowledge of Apple technologies (iOS/watchOS/tvOS). Possessing excellent leadership and communication skills, he is a solution-oriented team player who quickly adapts and thrives with change in a cool-headed fashion. With over ten years of experience, Mauricio has most notably been employed at Booking.com as lead iOS developer, and before that worked in Brazil as a distinguished educator at the Apple Developer Academy. Mauricio has the track record to provide Telos with all the technical skills it needs to build something lasting out of an idea."
Alessandro,Senior iOS Developer,Overseas iOS Developer full-time committed to developing our MVP.
Mauricio Tremea Zaquia,Technical Lead,"Mauricio is a software development expert with engineering management experience. He has been developing mobile applications for projects and companies, which reinforced his deep knowledge of Apple technologies (iOS/watchOS/tvOS). Possessing excellent leadership and communication skills, he is a solution-oriented team player who quickly adapts and thrives with change in a cool-headed fashion. With over ten years of experience, Mauricio has most notably been employed at Booking.com as lead iOS developer, and before that worked in Brazil as a distinguished educator at the Apple Developer Academy. Mauricio has the track record to provide Telos with all the technical skills it needs to build something lasting out of an idea."
Undisclosed,iOS Developer,Part-time
Max Yampolsky,CEO,"- B.Sc. in Economics. B.Sc. in ICT & Innovation - Since 2013, built more than 40 apps for fintech, medtech, edutech, and gaming. - 3X entrepreneur: Co-founder at Scalifier, VESCO Solutions, ex-Head of Delivery at Auxility. Advisor at Soldex, DeFianceDAO, Dexfolio. - Self-taught trader. Investing and trading cryptocurrencies since 2017. Developed strategies to generate +315% ROI 2017-2019 - Author and writer of a web3 and token economics blog. - Reads 40 books on business, management, economics, and other non-fiction"
Stoyan Ivanov,COO,- B.Sc. in ICT & Open Innovation - Creator of TasteThat and Weatherful - Software Engineer Lead at OWOW for Benelux and Adastra - Great executor and operations manager - Had grown in this startup from the fronted developer to a product/project manager to head of development to COO
Vadym Ovcharenko,CTO,"- M.Sc. in Data Science, Institute of Technology in Ilinoise. Ex-McKinsey Consultant - 3X entrepreneur - Former CEO at Auxility, AppSmithy - managed teams of IT developers of 30+ people - Founder at GigRadar.io and ORAQL, Inc."
Michael de By,Founder / CEO,"After a corporate housing adviser career, Michael has led multiple high-tech startups and projects, from putting lasers under trains to highly complex led installations for Ferris wheels. For Husense, all prior experience combines to build great products, solving daily problems in office life and beyond."
Edouard Leeuwenburg,Co-Founder / COO,"Edouard is always looking for the right product-market fit, connecting people and systems, and building a team to achieve growth. He has over 20 years of experience in marketing, sales, and online business and brings expertise and a network to take Husense to the next level."
Elmer Bulthuis,Co-founder / CTO,"Elmer is an experienced startup CTO. His expertise is building a solid foundation for scalable platforms, which he has done multiple times with success."
Alexander van Gessel,Lead Embedded Software Engineer.,Alexander is a founding employee at Husense. He studied Computer Science at TU Delft. He likes to dig deep into new material and has extensive experience writing Embedded and Cloud software.
Sayf El Kaddouri,Junior AI/ML Developer,"Sayf is a talented Data Science and Artificial intelligence specialist. He holds a BSC in Computer Science and Artificial Intelligence. In addition, he also studied Neuroinformatics."
Michael Fisher,Co-founder and CEO,"Michael Fisher, Cooper Pet Care's CEO has been launching and scaling hyper-growth startups like Uber and Lime in EMEA for the past 8 years. Prior to that Michael spent 8 years working at top-tier management consulting companies (ATKearney and BCG). Michael holds an MBA degree from INSEAD business school and is a repeat founder."
Pavel Timofeev,Co-founder and CTO,"Pavel Timofeev, Cooper Pet Care's CTO is a serial entrepreneur with several co-founded companies, including financial mediator Student Loan Hero which he exited for $60M. Prior to that Pavel has also co-founded Proper Lot. Prior to that, he worked as CTO and Engineering Lead in Mindvalley and several other tech companies."
Roos-Anne Bijen,Brand Warrior
Raymond Matser,Matchmaking Master
Claudia van der Meer,Design Rockstar
Boed Beuvery,Master of handshakes
Pieter Keuning,Business Development Ninja
Cor Datema,Co-founder and CEO
Joost van de Griendt,Co-founder and CBO
Jeetendra Rathore,CEO,Practicing Urologist in India since last 10 years. Entrepreneurial experience of running a 40 bedded multispeciality hospital in India.
Karol Fels,COO,"Bachelor's degree in business development from University of Twente, Enschede. Also served as chairman of study investment club for two years in Enschede, Netherlands. Experience in Organization management, team leadership, finance and entrepreneurship."
Ame Al-Rawi,CEO,"Amé Al-Rawi (CEO) is mainly responsible for commerce. Previously, Ame worked as an Operational Manager at RH, an S&P-400 company in San Francisco and a large furniture distributor. Here she led teams and coordinated processes, strategies and management information. Amé holds an MSc in Disruptive Innovation and an MSc in International Business (HULT Business School, San Francisco)."
Nathalie Cohen,CTO,"Nathalie Cohen (CTO) is responsible for product development. Previously, Nathalie worked as a software engineer at a high-tech start-up and as a consultant at Deloitte. Here she led algorithm development, setting up data pipelines and application development. Nathalie has a BSc in Computer Science (TU Delft) and a double BSc and MSc in Law & Economics (EUR)."
Madan Raj Rajagopal,CEO & Founder
Jonathan Berhani,Co-Founder,"HI, i am Jonathan! Let get personal : - Born in Ethiopia in 1990 I moved to the Netherlands at age 3 - Studied International Business studies (BBA), spend exchange year in China (study & internship) - I co-founded Happy Tabs when i was 28. The bootstrapping startup strategy resembles my early years as well. They have one thing in common. getting started with little resources and creating something out of nothing. Well, that is my mission for Happy Tabs, create value, and subsequently seeking out investment partners that see the value of a bootstrapped startup with a strong foundation that was created without massive debt, or equity financing. Lets grow together. Kind regards, Jonathan Berhani"
Jan Joris Roessingh,Founder & Project Lead
Willem de Roode,Business IT Consultant
Laurence Bont,ICT Architecture
Ryan van Hoesel,Web Design
Jens Visser,Co-Founder & CEO,Jens focuses on building the business on strategic and business concept level. New concepts and processes will he translate into concrete products and services that can be build by the development part of Grow-ID.
Ron Lohuis,Co-Founder & CCO,"Ron focuses on building the business on networking and entrepreneurial level. Ron is responsible for Sales, Marketing & PR at Grow-ID."
Jonatan Elgersma,Co-Founder & CTO,Jonatan is working on the product development from the technical side at Grow-ID. He is responsible for DevOps and the Development team.
Daniël van der Berg,Co-Founder & CPO,Daniël is working on the product development from the strategic side at Grow-ID. He is responsible for product strategy and business development.
Vincent Cremer,Community Manager,"Vincent is responsible for the community around the platform of Grow-ID. He is doing this by creating content, events and new concepts with clients and service providers involved with Grow-ID."
Abe Dijkstra,Partnership Manager,"Abe is responsible for the network within the platform of Grow-ID. He is doing this by creating partnership programs and setting up (paid) partnerships. creating content, events and new concepts with clients and service providers involved with Grow-ID."
Raymon Pouwels,Investor & Advisor,CEO & Founder at Go Sharing
Fokko Knol,Investor,CEO & owner of multiple international businesses
Theunis Jensma,Investor,Real estate agent and real estate entrepreneur
Eric van der Staay,Founder / CEO,"Software entrepreneur with over 20 years experience in developing and bringing to market software products and online services. Broad international business experience in US, Europe, Asia & Australia. After his IT study Eric worked at US-based General Electric Information Services and GETSCO; founded and managed independent software companies PhoneControl Europe (NL) and Interactive Internet Services (Australia), and worked as a consultant and in advisory positions at Clase Ventures (Australia) and Promon International (Hong Kong). Eric moved back to the Netherlands due to family reasons in 2018, where he started preparing and working on the Virtunium project."
Rick Lefevere,CFO,"Currently working for Avanade and will move as soon as the Virtunium organization can support him with a reasonable remuneration. Rick is a business builder, commercial leader, strategist and networker by nature and will be responsible for setting up the sales team and establishing reseller and distributor network for Virtunium. Rick has solid experience at strategic and operational levels in the IT sector and is an expert in creative business development, innovation and operational management. Rick is customer and partner focused where building ecosystems, partnerships and mutual interest is his number one priority. Rick enjoys being part of businesses that impact people's lives by allowing them to do things in new or improved ways. He is passionate about connecting people and building businesses out of creative ideas and to make IT more humane. Rick has worked in BDM/Sales Management roles at companies such as Ordina, AKKA Technologies and AvenueCode."
Lucas Gertel,CTO,"Lucas is currently working on the Virtunium project through AvenueCode, and will move as soon as the Virtunium organization can support him with a reasonable remuneration. Lucas is a Software Architect and Full-Stack Software Developer with more than 17 years of expertise with all the ecosystem related to IT applications. Lucas will be responsible for the overall design strategy and implementation of all further features for Virtunium. He has sound experience in Cloud Architecture, design and implementation of maintainable software solutions; conducting systems analysis & programming activities for the development, maintenance and distribution of developed applications either on Web, Mobile or IoT. Lucas has broad experience with chatbots and integrations of natural language-processing frameworks & custom implementations, including cognitive applications using features like face recognition, speech to text, text to speech, translation and more."
Tino Zwirs,CEO & Founder
Martijn Schouten,CTO & Founder
Kasper Baars,Co-founder
Rohaan Thomas Mathew,Co-founder
Stefanie Behrendt,Co-founder,What drives me is my love for nature.
Emilia Berenyi,Co-founder,"I am passionate to improve sustainable practices at both, the individual and business level, and at Wegozero, this is exactly what I am able to do, through developing a zero waste map for aspiring individuals and auditing businesses."
Ewout van Zonneveld,Co-Founder,"40 years of international business experience at the intersection of automotive, insurance, claims, loss adjustment and ICT. With a strong focus on Digital Transformation & Innovation."
Onno Bloemers,Co-Founder,"20+ years experience as consultant, changemaker and innovator. Broad background across financial services, with a specialty in insurance innovation. Over the last decade I've worked on business designs that create a better balance between risk prevention, mitigation and transfer with insurers like Interpolis, KBC and Univé."
Niek Ligtelijn,Co-Founder,"Innovation, International, Insurance. All in one. Combining IT with Risk Management. Focus on Prevention, as Insurance alone is not enough to protect your beloved ones."
Joost Hopman,CEO,"When studying for his bachelor's in Business Administration, Joost found out that a lot of students were not able to find a study-related job during their studies. After researching, he identified multiple problems that he wanted to solve. He started working almost full-time during his final bachelor year at an employment agency. There, he also identified problems that companies have. During his Master's in Strategic Entrepreneurship, he started working on the idea of finding a new future of work and GetJobsDone was born."
Jacky Fakkeldij,CTO,"Jacky has been developing websites and apps since he was very young. He started working at a software company during his studies. After finishing his study, he still worked there and got more responsibility. After gaining experience, he started building GetJobsDone."
Darryl Hopman,CCO,"Darryl finished his Master in General Management with a specialisation in Marketing at Nyenrode University. During his studies, he was the chairman of the student association at Nyenrode. After finishing his master's, he started working as the CEO of an employment agency in the Netherlands."
Sjors Hooijen,CEO,"Sjors Hooijen is the CEO and Co-Founder of Tech2B, a NextGen Manufacturing Ecosystem that provides dynamic value networks for the European design and manufacturing industry. With 13+ years of experience in SaaS and B2B platform services, he has a user-driven mindset and a wealth of expertise in healthcare, industrial, and maritime domains. He is passionate about enabling agile collaboration and delivering value to the industry, upskilling workforces, and implementing processes to reduce environmental impact. Through his work at Tech2B, he has learned the power of network effects and service dominant business models on the job. He has also leveraged his skills in Scrum, Software Architecture, and Analytics to create a platform that connects manufacturing companies with each other and with service providers, creating a network of businesses that can support and benefit from one another. His goal is to create a more efficient and effective manufacturing industry, by harnessing the power of digital platforms and network effects."
Paul Wouters,COO
Bas Sanderink,Co-founder / Marketing Manager,"Years of experience in Marketing and E-commerce at various start-ups and scale-ups, in the Netherlands and Germany."
Robin van der Vliet,"Co Founder, Technology Officer","Years of experience in technology at businesses in Legal, Staffing and Social Affairs."
Jasper Niessink,Art Director,"Years of experience in art direction, graphic design, branding, advertising, UX & UI design."
Bert van den Berg,CEO,Bert has been advising contractors (Construction & Civil Engineering) regarding the automation of their business office for more than 20 years.
Anonymously,COO,Frans is a very experienced project manager of large civil engineering projects. Has experience like no other with administrative problems on the construction site. He knows the solution like no other!
Ludovico Palladino,CEO,"Ludovico is a founder from Italy. With a background in business and sales, he is now connecting partners and leaders to build Vectis."
Natalie Seltzer,CTO (back-office),"Natalie has extensive track record in the design, development, and implementation of Fintech Systems. In 2008 she started Babel Systems Ltd, a state of the art, securities processing platform for online trading providers used by Nutmeg and other platforms, before being acquired by InvestCloud. As a serious entrepreneur and a strong believer in decentralized tech, Natalie started Blockhouse Solutions Ltd, a partner of Vectis Invest."
Riccardo DeFrancesco,Product,"Born as a freelance Graphic Designer, he moved over time towards Brand Design and UX / UI design to find his fertile ground in the world of startups, in which he still works following various companies from birth to their success in the market. As a technology enthusiast, he extricates himself very well in the relationships between designers and programmers, bringing his particular working style. Due to his experience, even in the marketing field, he plays a multifaceted role within companies, coordinating various development teams. In Vectis, Riccardo developed the brand while being responsible for developing the best User Experience in the industry."
Phillip Bungey,NED,"A very experienced manager who successfully managed large teams of over 500 people, alongside small niche talented teams. Phillip is a Financial Services expert has over 25 Years of Financial Services experience including 20 years in the Stock Market with 10 years of board experience. He has a strong program and project direction skills with a track record of successful delivery of multi-million-pound programs. He is also a strong and experienced negotiator. In his career, Phillip was Director of Barclays Stockbrokers, and Executive Director at UBS. He also founded Winterflood Business Services (a successful branch of UK’s biggest Market Maker), and COO at Nutmeg (one of Uk’s most successful Fintech startups) . He is currently Managing Director of Embark Group during their merge with Lloyds Group. Apart from his expertise, Phillip is himself an Angel Investor in Vectis and helped select various technology and money-handling solutions."
Martin Gramont,CFO,"Martin is a professional Economist, a fund manager, a financial advisor, and a University professor. His specialties include Monetary & Financial (Macro) Economics, Hedge & Traditional Fund Management, Investment Banking, Venture Capital & Private Equity. Martin is Founding Partner @Hermaion Capital Management (Geneva, Switzerland), Special Advisor @Enverra Partners (Washington D.C, USA), Associate Faculty of Economics and Finance @International University of Monaco (Principality of Monaco) and @Universidad Europea (Madrid, Spain), Independent Researcher on Monetary Economics @University of Lugano (Lugano, Switzerland). One of Martin's main contributions is to follow Vectis in obtaining licenses together with the team and external consultants."
Dionysis Bogdanos,Community Manager,"Dionysis is an entrepreneur at heart and a passionate retail investor. He worked for various companies, mostly start-ups, in different roles in marketing, community and social media before creating his own digital marketing agency in Greece. Dionysis has built and managed a variety of communities managing to grow them into multi thousand member successes. His area of expertise includes but is not limited to strategy and audience reach, social media management & content creation and business image consultation."
Hass Chapman,Tech Advisor,"He has many years of senior management experience in fast-paced international companies including roles such as CTO & Head of Product, Director of Operations (COO), Development Manager (VP Eng). Hass was also the CEO and co-founder of his own, open-source, start-up successfully raising several investment rounds. He is also an experienced agile coach. Hass was the Head of Development at Klarna ($45 billion valuation Fintech) in its early days, mentor at Lisbon Challenge, and CTO / Head of Product for various scale-ups. After being our fractional CTO in the early days, Hass is now committing 4 hours a month as an advisor. He helps recruit and coach the development team and select technology partners."
Michele Mattei,Strategy Advisor,"Michele is an experienced manager, expert in corporate strategy, and an active Angel Investor. Furthermore, Michele is a very popular communicator in the FinTech field. He is currently a Senior Manager for Finleap, Europe’s leading Fintech ecosystem. He was an Angel Investor (exit) at Freetrade (a user-friendly stockbroker in the UK) and a Senior Executive at KPMG. Michele is responsible for analyzing and selecting KYC and AML providers to meet the requirements in terms of Anti-Money-Laundering compliance."
Bart Selders,CTO,Experienced Entrepreneur and Software Engineer. Worked in IT for large corporations and started his first company in 2010.
Paul de Vries,Business Development,"Experienced Entrepreneur, Product manager and Business developer. Worked as Business Consultant for large corporations and started his first company in 2000."
Joris van Doorninck,CEO
Philip van den Heuvel,CFO
Bram Koumans,Founder,"Investing in the Energy Transition has made me extremely fascinated about what humanity can achieve together. This plan arose from shortcomings in my employer's role. In addition, he is financially literate and passionate about numbers."
Rick Heijkens,IT Partner,Our IT Partner has implemented several projects and applications at large companies. He is in close contact with our IT developers. His knowledge provides the foundation of the company.
Mitch van Veldhoven,Marketing Partner,Works closely with a broader Marketing team.
River Briet,CEO,"My name is River Briet, and I started Virtual Alliance with the vision to make it an international one-of-a-kind name in the world of Gaming and Tech. I started this journey with the drive and ambition to create a unique experience for everyone interested in the gaming and tech industry and do this worldwide."
Samin Bayat,CEO of CT-Vision,"I am an entrepreneur with a PhD in software engineering with a deep and broad experience in the research and development of novel technologies. My expertise is in identifying opportunities and then developing software solutions to address the challenges through the use of Artificial Intelligence and Neural Networks. I have performed many experiments, written many scientific journals, and published books in the field of Medical Image Processing and Signal Processing. My areas of expertise are in medical image processing and digital signal processing, among many other fields."
Peyman Bayat,Principal Researcher,"A creative-minded and result-focused Electronics Engineer with a Master's Degree in Software and Ph.D. in Computer Systems Engineering, having 20 years of experience. Mr. Bayat combines his remarkable analytical and theoretical skills to create, evaluate, and improve software products. He started his own company over fifteen years ago, as chairman of the board and from four years ago he is acting as the CEO and a member of the Board of Directors. Mr. Bayat’s entrepreneurship ability increased the number of artificial intelligence-related projects from outside by 100% as an assistant professor at IAU of Rasht Branch. He was also one of the collaborators in starting an incubator in Rasht for high-tech and AI-related startups, as office manager of industrial and social relationship, labs and workshops. Mr. Bayat has been involved in a startup company focused on building intelligence in granulations of minerals."
Joep van Gelder,Finance and business development
Jeroen Biesbroek,R&D and sales
Bram van Zeist,Legal and security
Sanne Meijboom,CEO,"Sanne Meijboom is a passionate entrepreneur who believes in the idea that organizations need to make a shift from profit maximization to the right balance in profit making and social & environmental value creation. She recently made it to the list of the top 100 inspiring woman travel founders by Travel Massive. She is the founder of I Like Local, and Impact Nomads."
Daniel Quintana,Creative director,"Daniel has ten years of international work experience in Asia, Africa, and the Americas as a brand strategist, marketing consultant, photographer, filmmaker, and creative director for travel startups, social enterprises, and nonprofits. In 2021, Daniel was selected by the World Tourism Forum as one of the Next Generation Future Leaders for tourism."
Leon Noordanus,Founder / Hustler,33 years - Sales - Networking - Social Media - Creative
Timo Klinge,Founder / Hipster,28 years - Strategy - Content - SEO - Functional
Sem van der Klauw,Consultant / Partner,- Digital - Analytics - SEO
Every-Day,Digital Partner,- Agency - Platform - Digital - Strategic
Babette Luitwieler,Freelance brand designer,- Brand - Design - Socials
Cassandra Heuser,"Head of Finance, minority shareholder","Cassandra is a qualified chartered accountant, registered with the South African Institute of Chartered Accountants (SAICA)."
Artem Khomenko,CTO,"Artem has a powerful blend of technology and business vision that results in the consistent development of effective business strategies supported by high-performance IT infrastructures. As a technical co-founder of Enkonix and StartMy's CTO, he is responsible for corporate technical direction, companies strategy, formulation, development, and cross-functional delivery of the software portfolio. Artem has been coding since 2003 in 7 different programming languages. He started as a PHP Developer, then switched to Perl, Java, C/C++. In 2011 he decided to try coding in Python and worked as a Python Developer for an American startup, one of the oldest and biggest Ukrainian outsourcing companies. Broad expertise in IT, full project life cycle management, client/vendor relationship management, and"
Lorenzo Fiori,CEO
Henry Fairbairn,CTO
Lorraine Rutto,Sales Manager
Kevin Jacobs,Co-founder & CEO,10+ years experience in Healthcare. Formerly worked as a psychosomatic therapist. Founder of a failed tech startup in 2020 that provided many learned lessons. Purpose driven entrepeneur with emphasis on a sustainable revenue model.
Vera Joosen,CCO,Natural builder and organizer of a strong network. Communications specialist through her University education and working experiences.
Nadieh Dorrestein,Marketing specialist,marketing expert by default a 'out of the box' mindset. Creative wizard in visualising data with an UX background. Specialized in marketing projects for big events and impact organisations.
Roger Ottenheym,Advisor,"Global business development, Technology and Life Science Ventures, Scale ups and steering in uncharted waters. Building on the next best Venture to come. Advisory role on VindiQu for implementation and scaling up."
Math Kohnen,Advisor,Discover and implement new growth opportunities Develop winning strategies Create compelling business plans and pitches Design and run breakthrough innovation programs
Ruben Habraken,Advisor,"Working as a Life Science Entrepeneurship manager at PLNT. Supporting startups in the innovative health sector with passion and succes. Strong empathise on business case, networking, validating and innovating."
Emma Remerie - Spek,Co-founder,Former healthcare worker within the elderly segment. Latest addition to the team in the role as co-founder and innovation specialist. Strong leadership skills combined with a scientifical approach to create solutions. Strong networker and public speaker.
Philip Biedermann,"Strategy, Partnership & Sales","I am a multi-cultural (German & Finish), hard-working individual with a strive for further improvement. I am determined to reach my goals and desired outcomes for the future. Attributes such as being efficient, flexible and open-minded can help me on this journey."
Nicolae Arhip,IT & Legal,"Ambitious International Sports Management and Business student in Amsterdam. Skilled in Entrepreneurship, Planning and Marketing. Positive and a hardworking player with critical thinking ready to apply and use mine knowledge."
Victoria-India Bannister,Marketing & Communications,"Combing my passions and strengths, I strive to use my creativity, energy and open minded nature to make a difference. I am on LinkedIn to broaden my network and gain valuable experience from an internship which involves my passions of marketing and branding."
Louise Donald,"Co-founder, CEO","Louise has an extensive background in sports operations & hospitality events and achieved her EMBA in 2020. She developed her executive career in pro cycling, running team operations and corporate hospitality programs. This experience, combined with her work as a consultant for international sports brands, sponsors, and athletes, means she brings a considerable depth of knowledge and confidence in business and life. With her successful results-orientated leaderships background, Louise was eager to take on the day-to-day challenges of being CEO. Harnessing the combined skills and knowledge of the co-founders and team members to power PTS through each step it faces on its start-up journey; always with the vision of reaching the end of each stage, growing a skilled team of colleagues and in the future achieving the completion of ProTouch Staff's own equivalent to The Tour de France, its exit!"
Olivier Senn,Co-founder,"Olivier has a background and qualification in Finance and moved to sports 9 years ago. Since then he has been leading event organisations in Cycling, working as a consultant for large international cycling events and managing professional athletes. Apart from sports Olivier owns a recruitment agency in Switzerland and is a Board Member of the Swiss Cycling Federation as well as the largest Beach Volleyball Tournament in Switzerland."
Robert Hunter,Co-founder - Managing Director,"Robbie is an ex-professional athlete who competed for close to 20 years internationally on every continent. He is a 3 time Olympian and also the first South African to not only compete but win a stage in the pinnacle of road cycling the Tour de France. Since ending his athletic career in 2013 Robbie directly started managing professional athletes himself. Having first-hand knowledge of the exact mentality, needs and problems they face during their careers has made him a go-to person for current professionals in different sporting codes around the globe. Over the years Robbie has built up a wide network with an array of contacts, his great aptitude for languages combined with his people skills is an asset to any business for development and growth. He is currently on the Board of Cycling Unlimited AG in Switzerland the Managing Director of ProTouchGlobal GmbH and ProTouchStaff B.V."
Elisa Schorno,CFO,"After having studied business administration with a focus on sports management, Elisa worked in several positions connecting Finance and Sports. She kicked off her career as a Controller in the internationally known sports marketing agency Infront Sports & Media for 5 years before heading on to Infront subsidiary Head of Finance position. In 2019, she co-founded the sports agency ProTouchGlobal GmbH acting as a CFO of the company and its investments. With her broad knowledge in Finance and HR and her well-structured and precise working style, she brings considerable added value to every company."
Ross Whitehead,Business Development & Sales,"A highly curious, solutions-minded individual with a strong focus on B2B product marketing and proven ability to lead and collaborate with global multidisciplinary teams and articulating customer-centric messaging across all channels. Problem-solver, skilled at developing and pursuing novel solutions aimed at creating revenue-generating opportunities. Specialities: • Digital Strategy • Brand Development • Project Management • Online Marketing & E-commerce • Product go to Market Strategy & Marketing • Partner Marketing • Website Optimization • Market Research & Competitive Analysis Activity"
Toni Winterberg,Shareholder,Owner of Ahia Holdings AG Founding investor in ProTouch Global Holdings B.V.
Rafaël Weber,CEO,"Thank you for being interested in BullsAI and my profile. As of recently, I graduated as mechatronics enigneer at Fontys hogeschool Eindhoven. It has always been of interest to me to not only be able to create a product from A to Z but also be able to sell it. That is why I have had functions in multiple sales positions to gather sales experience. Within my bachelor's degree, I have specialized in artificial intelligence because I find the technology fascinating powerful. I love data and try to make data-driven choices."
Bart Sanders,CEO
Leroy Clement,COO
Dennis Korthouwer,Board Member
Dennis Korthouwer,CFO
Jan-Paul,COO,Hospitality Professional at Intercontinental Hotel Group
Johannes Gergin,CTO
Hans de Regt,Commercial Director,"Business advisor to accelerate company & personal development. Equipped with a strong, 15-year track record in change management, ranging from realizing turnarounds to defining and driving focused growth. Both in large corporate organizations and in SMEs with technical B2B products and/or industrial services. Currently active in Digital Health."
Ad Linssen,CFO,"International working & educational experience; > 20 years of senior executive experience in e-Health, IT, Industry & Services. Areas of expertise; Finance & Operations, Tax & Legal"
Vincent Rikken,Owner,"Law School graduate (Netherlands, Germany, France), start-up industry since 7 years. Festival Food business for 5 years."
Cosimo Cecchini,CEO,"CEO, and co-founder with 6 years experience in marketing and strategy in multinational companies, with studies in Entrepreneurship."
Giuseppe de Candia,CTO,"CTO and co-founder, IT engineer with experience in machine learning and process automation. Passionate about AI and technology in general. Master's degree in Computer Engineering."
Rahul Choudhary,"Director, Product Management","Co-founder with More than 10 years of experience building data science products at Booking.com and EXL Anlytics, IITK-IIMC alumnus"
Surbhi Goyal,"Director, Commercial Strategy","Co-founder, Led strategy, commercial and analytics teams for healthcare and technology companies, Ex-Catawiki, Ex-Naspers, Ex-BCG, IITK-IIMC alumnus"
Andrei Fydorov,"Director, Tech Development",Senior full stack developer with 10+ years experience working with Booking.com and Yandex
Dr Ravichandra K,Clinical Head,Psychiatrist and Associate Professor at Yenepoya Hospital
Mukul Goyal,Data Manager,Data Engineer with expertise in building AWS data pipelines
Andrés Antón,"Co-Founder, Marketing Manager","Hola! I'm Andrés Antón. Since I was little I have been moved by an insatiable will of creating new things to make this world better in any sense possible, even if it was doing my own comedy shows. I feel really attached to Justus as this product is the direct representation of the values that guide me to become a better version of myself. That synergy is directly translated into a passion for seeing how far can we get."
Sjacco van Kol,"Co-Founder, Finance Manager","I am Sjacco van Kol and definitely share the provision to try to find balance in life but still seek to enjoy the moments. Yes, even with drinks. I challenge myself to put my passion for food into practice. I always try to do what is best for Justus with my proactive attitude."
Maarten Kerckhoffs,"Co-Founder, R&D Manager","I am Maarten Kerckhoffs. As a fanatic sportsman, food lover, and product development enthusiast I am always trying to find balance in my lifestyle. For me, life is about balance, therefore I keep pursuing my dreams and goals without forgetting to enjoy life. By creating Justus, I want to share these values with the people who want to take the most fun of their days without compromising their health."
Mike Xanthakis,"Co-Founder, Production Manager","My name is Mike and as a proud member of Justus, I contribute to the creation of our product. My main trigger is to offer a tasteful and balanced product, in regards to the value for money ratio, that many can enjoy. For me, it is important to have moments of joy since these bring balance to our life. Following the same line of thought, I believe that everyone deserves to have pleasurable moments without regrets, and let's be honest, a lot of these moments are associated with alcohol. Sooooo.....Stin egia mas, salud, cheers!"
Loïc Boisnard,CEO & Founder,"Audio engineer and founder of Wavy. Do-er, resourceful, and strategical. Based in Amsterdam, The Netherlands. In charge of Wavy strategy, marketing & sales, and daily execution."
Mikal Hallstrup,Head of product - MA industrial design,"Founder og Designit, an global strategic design firm. Partner and investor at Wavy. Based out of Copenhagen, Denmark. In charge of Wavy product design, product experience, and packaging."
Tyge Vonsbaek,Head of Brand,"Trained as a designer and equipped with a strong love of technology, products and services, and an entrepreneurial mindset. Partner and investor at Wavy. Based out of Aarhus, Denmark. In charge of the Wavy brand."
Maarten Ingen Housz,Co-Founder & CEO,"5+ years in the building materials and PropTech solutions industries, mainly in business development, technical sales and stakeholder management positions. BSc Architecture TU Delft, MSc Industrial Management KTH Stockholm."
Ife Runsewe,Co-Founder & CTO,"7+ years as a software developer, mainly for marketplace and platform solutions. BSc Economics."
Emils Janevics
Rami Masri,Foundr (CEO),"Came to the Netherlands in 2015 as a newcomer, and for four years, he worked at KLM, first as an engineer and later as a team leader in logistics. In 2020 started his study at the VU in one of the selective programs called PPE (politics, philosophy, and economy) for his passion for social-economic issues. He is currently taking the IBA program."
Zina,Co founder (Coo),"Came in 2015; as a newcomer, and immediately run her own catering business, catering many meaningful events for municipalities, NGOs, and public figures such as the queen. Published a cooking book and used her passion in the kitchen to offer team-building exercises to companies."
Ahmad,CTO,"Came 2015 to the Netherlands, has been running a restaurant in an upcoming franchise for the last five years has a sense of what customers want and a deep understanding of the restaurant and takeaway market, he has a degree in accounting and financing, and a degree in cyber security from the HVA"
Bert Stevens,CEO
Tim Jonkers,CEO/CMO,7+ years of experience in online marketing and business development. Focus: Scalable business development and data-driven online marketing.
Patrick van Haren,Lead Development,6+ years of experience with SaaS and web development. Focus: Development with the end user in mind.
Samba Jarju,CEO,Marketing is the way to-go!
Jaime de Toledo,CEO,CEO and Head of Product
Daniel Pisano,CCO,Serial entrepreneur and responsible for growth
Igor Stojanov,Founder,"I am Software Architect, currently based in Eindhoven, The Netherlands. Born in Macedonia, finished undergraduate studies in USA. Worked for large multinational organizations such as Philips, Signify as well as startups. I am the founder of UniversalDot Foundation which aims to create software applications for the decentralized internet. https://igorstojanov.com"
Karim Akhlal,Founder & CEO,"My personal mission is to eliminate bias and discrimination in the hiring process. Recrout is helping companies create an automated recruitment process and predict the best hires based on talent and potential. - Bachelor's degree in HR - 10 years of recruitment experience - 15+ years of entrepreneurial experience - Former Board Member NVP (Nederlandse Vereniging Voor Personeelsmanagement) - Former board member at MKB Amsterdam, the official lobby foundation for the SME companies within the Amsterdam region. 39 years old, father of two little beauties (Nora & Zakaria), married to Femke. Born in Amsterdam with Moroccan roots and an entrepreneur with a passion for the HR world and the recruitment industry in particular. Currently, I am working on my 3rd tech company Recrout.com. We believe in Talent Based Matching with the help of humanized technology."
FeiFei Tan,CTO & Lead Developer,"12+ years of software development experience Code with love & design with passion is my way of developing websites and applications at Recrout. Specialties: * Programming Languages - C/C++, Python, JS * Website & Web app development frameworks & tools - Django, Vue.js, Knockout.js, SASS, LESS * Server administration - shell scripting, Apache, database management (PostgresSQL, MySQL)... * Photography and Graphic Tools - GIMP, Lightroom, Photoshop * OS: Linux & MacOS"
Nihal Ashok,Co- Founder,"Sales & Marketing, Finance"
Aditya Kolari,Co- Founder,"Operations, Product development"
Akshay Mahajan,Co founder,"10+ years of experience in Startups & New business growth Cars24 (Asian Unicorn), Booking.com B.Tech, MBA"
Pallav Jha,Co founder,"10+ years of experience in entrepreneurship & consulting Consultant, ING Bank Netherlands BCG, Simon-kucher & Partners B.Tech, MBA"
Hugo Valdivia,CEO,"Hugo was born and raised in Peru. In early 2000’s he got his Diploma in Industrial Engineering, starting off his career in the Logistics industry, where he worked on storage and distribution matters. In January 2012, Hugo moved to The Netherlands to pursue his MBA degree at Erasmus University, graduating in March 2013. Immediately after, Hugo changed career to Corporate Finance, where he specialized on Financial and Business Controlling during his tenures at technology and FMCG companies, including names like TomTom and The KraftHeinz Company. By mid-2018 his entrepreneurship journey started by founding Qullqi, an e-shop for women’s fashion accessories handcrafted in Peru. In addition, Hugo acted as interim Finance Manager for local companies in The Netherlands. During one assignment he moved to do home-office due to Covid-19 outbreak. In this new set-up, he found himself struggling to meet his deadlines due to increasing distractions from his mobile. Looking for a solution to allow him filter out only those relevant notifications, he learned that other professionals were dealing with a similar problem and there was no such a simple product in the market. This was the beginning of Silentus. Since then, Hugo’s been working on market and customer research and also setting up a team to grow the business and develop a great product. In February 2022, Hugo graduated from INSEAD Executive Master in Finance studies. During his free time he enjoys reading, primarily books around the topics of business, philosophy, and personal development; going to the gym; and watching football in local sports bars. He’s currently based in Amsterdam."
Maimoona Shafeeq,CTO,"Maimoona was born and raised in Karachi, Pakistan. She got her bachelor's degree from the NED University of Engineering and Technology in 2010, and stepped into professional life right after graduation. Started off working as a Developer on different applications and websites, and later switched functional roles to becoming a Business Analyst. During her career, she’s got to experience first, different ways of working, teams, and Software Development Life Cycle (SDLC) methodologies, and later moved into managerial roles, leading diverse teams. Moreover, working for different multinational companies (Metapack-Auctane and Abol-Stamps) and on different domains helped her gain a solid expertise related to not just technical aspects of the projects and products, but also the teams and everything that goes into management of people, stakeholders, and delivery of projects. In the first months of 2022, she was introduced to Silentus by Hugo during his search for a technical co-founder, only for her to officially become a part of team Silentus. Maimoona likes challenges and loves to bring order to chaos while finding the path from ambiguity to clarity. She also loves to play badminton and other sports; meanwhile, gardening, listening to music and watching Netflix is what she does to unwind if there is no possibility to travel. To keep sharp, she likes to read articles and listen to podcasts; she is a Duolingo enthusiast working hard to keep her streak."
Rene Voortman,Director Relavance International BV,25+ years in Management and Performance Management/BI
Denis Shiryaev,CEO,"A long-time ML-enthusiast and Product Manager with 10+ years of experience and an impressive portfolio of successful products. Denis was born in Odessa, Ukraine, studied in Moscow, relocated to Poland in 2016, and gained international fame after uploading one of his ML experiments to YouTube."
Ilya Chekalsky,CTO,"Before becoming neural.love's CTO, Ilya already had extensive experience building modern, high-perfomance web applications. Originally hailing from Ufa in the Republic of Bashkortostan (yes, it's a real place), he now resides in Amsterdam, the city of bikes and canals, working as a Senior Developer at Booking.com."
Artem Legotin,Lead ML Engineer,"As neural.love's resident Machine Learning Engineer, Artem leads the Research and Development team where he currently manages at least one full time employee."
Daniel Cohen,Co-founder & CEO
Mit Patel,Co-founder & COO
Lex Beresnev,Co-founder & CTO
Alejandro Granado,CEO,"Alejandro is Industrial Engineer and Master Degree on Big Data and Data Science. Financial system professional with more than 10 years of experience in the sector. Alejandro have collaborated with prestigious banking firms in Europe such as Santander or ING. Currently living in Nederland, Alejandro has developed his career across the world, mainly in UK, but also in Portugal, USA, Poland and Spain. He is an expert manager used to lead qualified multi skills teams with people from many different nationalities and cultures, with an end-to-end commercial processes vision focused on risks, deep technical knowledge on internal models design, machine Learning, Big Data, processes reengineering and mastering on agile methodologies."
Carlos AISA,CTO,"Carlos is Telecommunication Engineer and Master Degree on Cloud Architecture. IT professional with more than 15 years of experience across different sectors such as banking, consultancy, or software development among others. Carlos is an experienced IT leader having been in charge of the development of technological applications for several multinational companies, Carlos is used to manage technical IT teams with professionals from different specialties. Passionate about technology, Carlos is accustomed to lead highly complex projects, usual and Agile projects, and during the recent years he has being leading companies to develop their offer of technological products to the market."
Paul Crawfurd,Founder,"Serial entrepreneur, 51 years old, born in Jakarta. A father of a 18 year old daughter. I have a background working for the largest digital companies in the Netherlands (Mirabeau, Lost Boys) as the director for services."
Derk van Bijsterveldt,Founder - CEO,Oprichter Semiprof | Consultant Leiderschap bij Conclusion Consulting
Peter Jan Kok,Founder - CCO,"Joined the startup adventure at Felyx e-scooters from the start and helped them scale their business from 5 to 100 employees and to 4 cities in the Netherlands and Belgium. Currently bundling the Dutch tech ecosystem at Techleap where we have worked intensely with around +/- 100 quickly growing scaleups in the Rise programme. At Techleap we're building a strong community of over 350 founders called BOLD. With Semiprof we're playing into the quickly growing Passion Economy. Here we give people the chance to offer their services, build expertise and become an entrepreneur along the way."
Roel de Jong,Founder - CTO,"Business-minded software engineer who has worked for various companies, big and small, mostly in the realm of software development over a period of 10 years."

Roel Schellekens,CEO,Solution oriented powerhouse with over 15 of years experience in IT (Nasdaq/Accenture/Bwise).
Sohrab Hosseini,Co-Founder,"17 years experience in Tech and SaaS. Founder, COO and CTO roles within start-ups and scale-ups. Current role: - Interim CTO/COO Previous roles: - COO/CTO @ B2B Fashion SaaS (3B throughput) - Digital Associate @ McKinsey & Company Executive MBA – Erasmus University BSc. Computer Science – Utrecht University Born in Iran, raised in the Netherlands"
Anthony Diaz,Co-Founder,"9 years of experience in Technology, building business-critical SaaS as a Frontend craftsman and Team Lead. Autodidact Current role: Senior Full Stack Engineer @ Semmie Previous roles: Team Lead @ B2B Fashion SaaS (3B throughput) Team Lead @ Plug and Play Tech Center BSc. Computer Science – Universidad Politécnica de Valencia Born in Cuba, raised in Spain"
Charles Hengst,Founder & Ceo
Ahmad Malkawi,Founder,"Master of Public Health graduate from the UK in 2011 with more than 8 years experience in public health. I have very good research skills. I have 5 publications in peer-reviewed journals. Moreover, I am so keen on self-development. I am passionate about having a healthy lifestyle and helping people to do so."
Tristan buno Heslinga,Business development,Tristan has finished his master's degree in Strategic Entrepreneurship and has years of experience in events organization.
Cas van Hövell van Wezeveld en Westerflier,Digital marketing,Cas has finished his master's degree in Management of Innovation and has years of experience in online marketing
Bas Voerman,Marketing & sales,Bas is a serial entrepreneur and has founded multiple successful restaurant businesses. Over the years he has gathered a large network in the wine and hospitality industry.
Christiaan Molendijk,Technical development
Vincent Everts,CEO
Bart Mellink,CIO
Ronald Van woensel,CTO
Idan Velleman,CCO
Jan Prins,CFO
Nadim Bradai,CEO,"Nadim is a crypto enthusiast with experience as advisor and marketing manager in several crypto related projects. He has an extended background in online marketing and E-commerce. He has been running his own web-shop for 4 years and managed to scale and grow his own brand in household items. He studied HRM at Stenden University. Nadim understands the value and potential of leveraging the power of intimate relations for advertising purposes. Nova Pupa is the embodiment of his passions, dreams and competences."
Sander Schokker,CTO,"I studied and completed my Doctorate in Chemistry / Microbiology at Groningen University. I completed my MSc in Computer Science at Middlesex University. I worked for great companies and gained a lot of experience, I have learned from many educations, courses. Knowledge management: Microsoft MCSA, MCSE, Cisco Systems CCNA, VoIP. Software: ERP, CRM, TMS, WMS, MS Office and a lot more. Always exploring new technologies like IoT, Blockchain technologies. Entrepreneur / online consultant: Zoekmachine Services Full service internet agency for online success. Developing websites, online stores, apps. Optimal marketing campaigns, successful conversions, high return on investment.@ https://zoekmachineservices.nl Entrepreneur / crematorium consultant: Cremation Consultancy BV Emission free and green cremations. @ https://cremationconsultancy.com Innovation, information technology, management, sales, marketing, media, business intelligence and strategy are my strengths. I am self-motivated and committed senior professional. My private and business network describe me as: curious, enthusiastic, structured, result-oriented, confident, ambitious and a team player who enjoys working in culturally diverse groups. I show perseverance, I am not afraid of challenging myself outside my comfort zone. I am resilient under pressure. Above all, I work smart and play social. Open minded and Solution orientated, Scrum Master, Business Process Improvement and Corporate Social Responsibility. Don’t hesitate just connect and give me a call my phone number is: +31648946747"
David Bolscher,Co-founder,David has taught academic skills at the UvA and knows what makes a good editor. He also holds a finance degree from Erasmus and has experience in consultancy and financial industry. He nails our product while making sure the financials are healthy.
Roderick Witjas,Co-founder,Roderick has been a student representative at the UvA and King’s College and knows what students struggle with. He is also a published academic writer. He makes sure the (potential) students and editors are satisfied in their needs.
Jeroen Coelen,Advisor on product & marketing,Jeroen Coelen | Advisor on product & marketing Ex-product & innovation manager at IAC backed scale-up Instapro Group TU Delft PhD candidate on scalable startups Mentored 100+ startups (early-stage of Breeze & Pieter Pot)
Daan & Mark,Developers,"Daan & Mark | Full-stack developers Broad experience in marketplaces, platforms and blockchain. Work on a freelance base and are available 24/7. Their solid test-driven approach ensures we never have to call them at night."
Gerald Langbrugger,CEO,"Gerald has vast experience as entrepeneur in the audio industry as well as in music business. He worked as Business & Development, Channel Manager, A&R and more, therfor has a huge network in those industries."
Nino Sumah,Founder,My name is Nino Sumah and I am the proud owner and sole founder of Bukser Jeans. I set up Bukser Jeans on my own. in June 2020 and have realized a turnover of over 100k. Together with my grandparents we take care of the orders. But it is now time for the next step.
Darragh Baratin,CEO,"This mission is personal to me. I experienced 6 different school systems growing up and the outright inefficient and boring way of learning in each one of them made me plainly sick. When I graduated, I wanted nothing to do with education. Until I babysitted some friend's kids on a Monday evening, and having traded a house chore with doing their homework, I realized that even with today's technologies, almost nothing has changed. So I went on a quest to understand why it is so slow to change. On the way I found one of the main causes and realized that with the right product, I could change the way of learning for people all over the world and save kids from years of the learning=boring equation. And that is what makes me never question working all day every day of the week. On the skills side, I bring extensive experience in community building."
Devon Yuan,CTO,"I have been CTO in multiple successful companies, and have built education products for more than a decade. The last startup I founded developed a technology that allowed our team to quickly build highly engaging education games, usable on all sorts of devices (smartphone to smart boards.) This startup was successful and our games used in 1/5th of Chinese schools before the regime got involved, which left me with a strong desire to succeed with a product on the western market. On the personal side, being a problem solver; I love challenges and am resilient and flexible in solving every problem from the early days to the successful ones. Nothing makes feel more fulfilled than seeing my 6-year-old daughter actually enjoying homework on games I built."
Steven Gijsman,CEO,Tech Entrepreneur - I Buy & Grow SaaS products.
Hadi Malekpour,CEO,Software Developer
Benjamin Marsili,Founder | Chief Executive Officer | Product | Engineering,"Builds iconic digital products. Talks about #HumanRelations, #Innovation, and #Recruitment Based in Amsterdam, North Holland, Netherlands"
Simon Verhoeven,Fractional CTO | Solution Architect,"Experts in #react, #nodejs, #software-architecture Based in Singapore"
Frederic Thieltgen,Board Director | Legal Counsel,10 years+ experience as Legal Director | EU and Singapore Lawyer Singapore
Julia Bron,CEO
Andrey,"UX/UI Designer, Front End"
Eugene,Back end and Infrastructure
Serge,Marketing and communication
Danielle,Strategy and business development
Johan,Logistics
Hugo,Operations
Constantine,BI / Data Analytics
Nienke van der Malen,Founder & CEO,"Experienced Director with a demonstrated history in marketing, branding and acquisition. Entrepreneurial spirit, international oriented, commercial driven. Strong professional skilled in Congress, Hospitality and Destination Management Industry, Management, Account Management and Strategy"
Bregje Frens,Co-Founder & Association Director,Talented coach and trainer with a strong track record in sales and business development.
Dennis van de Wiel,Co-Founder
Max Hovens,Co-Founder
Martijn Sprengers,Co-Founder
Maha Golestaneh,CEO and Co-Founder,"Maha is a dynamic go-getter with an enviable work ethic. She has a healthy appetite for risk and a high tolerance for the unknown, which shows in her many years of running her own companies. She is also a serial innovator, multi-content author, marketer, computational linguist, and research supervisor with a great aptitude for R&D, learning new things, and connecting the dots. Her eagerness to help everyone create high-quality content has led her to forge the GILO tech to use AI to automate research-related tasks."
Rufaro Hoto,CAO,"I am an innovative individual who believes in bridging the gap between people and technology. I am a passionate people person and I have a strong belief that at the centre of any product should be the human context. For this reason I wants to write, speak and influence movements to do with high tech, human touch. I am for the people and by the people I believe that people should put their brand out there to be noticed so to attract opportunities for themselves. He is a Co-Founder of HR tech startup, GConnection, which aims to connect young professionals to in demand job opportunities, additionally he is also a Co-Founder of Atlas Events a community based organization that focuses on creating social value through different event concepts."
Hans Koedood,Owner,Founder and Creator of Quis Fermentum Bamboo
Yaro,CEO & Co-founder,"Serial entrepreneur, ex-McKinsey, CEO & co-founder of not8"
Vlad,CTO & co-founder,"Vlad is a serial entrepreneur, ex-Yandex, ex-Arrival, CTO & co-founder of not8"
Freek Bijl,Co-Founder & CEO,After studies in Sociology and Organisational Design I ended up in digital consulting where I spend over a decade in digital transformation of mayor consumer brands. Ex Valtech Chief Strategy Officer. Now on a journey to build a highly addictive digital product that makes people play more ball games in real life.
Nicky Rog,Co-Founder & CMO,Worked for several consumer brand in the digital marketing and digital transformation space. Grassroots football player & heading up marketing at Mingle Sport
Joost Bollen,Co-Founder & CTO,"From Art School to develop to tech lead for many in large digital transformation projects. Now CTO at Mingle with a passion for APIs, things at scale and video processing."
Tim van Asch,Co-Founder & CXO,Design and Sports. That's Tim. Worked for several large media companies as a design lead and heading up several design teams. Now CXO at Mingle looking after the product and the UX team.
Julien Jukema,CEO,Founder 2 companies previous + setup and lead nationwide volunteer initiative during Covid 19.
Teddy Funger,CTO,Co-founder & CTO of ProctorExam - Exit to TurnitIn in 2020
Lisa Jukema,COO,"8,5 years at Tesla Motors lead the EMEA team for learning & development"
Yunus Demir,Lead developer,10 years + coding experience
Lucas den Otter,Forto cycling,founder of Forto cycling
Wouter Hazenberg,Founder
Jasper,Acoustician
Harry,Investor and advisor
Stijn,Production and logistics
Thomas,Production and logistics
David,Production and logistics
Luuk Hennen,CEO
Richard Fawcett,Content Director
Niels Bos,Director Strategic Partnerships
Johan Bosselaar,Head of Production
Killian Merks,Leader,"Killian Merks is a young, ambitious entrepreneur with a passion for personal development and helping others achieve their goals. He is currently studying business and is in his second year. In addition to his studies, he has worked in various fields such as the customs department and as a manager in a phone store, which have helped him to develop a broad range of skills. Killian is also dedicated to improving himself personally and is always looking for new opportunities to learn and grow. His goal is to become a successful entrepreneur in 10 years and to start his own consultancy that helps young people to enter society in a good way. Killian's unique combination of innovation and spontaneity will help him to create a large network and to achieve his goal."
Martijn Meeuws
Junjie de Graaff,Co-founder & CEO,Recent graduate of business administration & work experience in the startup environment
Roy Broertjes,Co-founder & CTO,Bsc computer science graduate and 7 years of IT working experience for startups
Rixt Singelsma,Co-Founder & CMO/ CPO,"After having created & marketed brands, I felt like setting up my own brand. And after having created digital products I wanted to apply those learnings to a physical product: launch early, listen to your customers, and keep iterating the product until we have that product-market-fit. Combine all that with a desire to take better care of our planet, and Boen Laundry Leaves was born."
Dingena Verkerk,Co-Founder - Sustainable operations lead,"Having worked in the field of sustainability and sustainable buisiness organisation for several years, I felt inspired to put this knowledge in to building a business from the ground up to help make consumers sustainable choices."
Jakin Girma,CEO - Founder,"I am a 22-year-old software developer with a background in customer service, software development, and server management. I am starting a nightclub to bring fresh and innovative experiences to guests, as I am tired of the repetitive nature of most nightclubs. I am confident in my ability to host memorable and enjoyable parties."
Perry Voskamp,CEO - Founder,"I am a 20-year-old software developer with expertise in software development, crafting solutions, and entrepreneurship. I've decided to start a nightclub business as I am always on the lookout for new opportunities and have a passion for hosting memorable events. While clubbing in various cities, I have observed a gap in the nightlife scene in Rotterdam and I aim to fill that with unique and interactive nightclub experiences."
Mathias Habte,Marketing advisor
Vincent van der Gaag,Founder | Managing director,"After his International Business & Languages study, Vincent has been working as procurement and sales manager at Agro Exim. He is an experienced turn-key project manager and is passionate about entrepreneurship. He is driven to make a positive impact in the world through business and strives to continuously learn and grow."
Chris van der Gaag,Founder | Operational director,"Chris is a self-taught technical guru with over 40 years of international indoor farming experience. He has extensive expertise in managing complex technical projects, from designing and building indoor farming systems to providing technical support and troubleshooting. He has a passion for finding innovative solutions to complex problems and is always looking for new ways to improve operational efficiency."
Ton Enthoven,R&D director,"Ton is an experienced horticultural expert with over 50 years of international experience. His expertise is in growing crops and indoor farm management, and is always looking for new and innovative ways to increase crop production. Ton is dedicated to helping farmers and growers succeed in their endeavours."
Hamdi Alhakimi,"Entrepreneur and Public Health Researcher who graduated from dental surgery college in 2006. He studied public health to become a researcher and university professor and recently studied Master in Epidemiology (medical statistics) focusing on applications of AI in health sciences. Regarding his career as an entrepreneur, he launched a consultation office in Saudi Arabia, providing consultations to over 800 researchers in Gulf states. He was forced to leave Saudi Arabia due to political reasons and he plans to use his skills and knowledge in medical research to start new innovations and change the way of dealing with medical data. His personal goals are to have an impact on the community through innovations in medical research and change the way of dealing with medical data and introduce new techniques in conducting health research, as well as to be an entrepreneur who changes the way of writing and publishing health research."
Bojan Pavlovic,Founder
Oscar Scoppa,Co-founder
Arohi Jain,Co-founder
Trond Are Gjone,CEO and founder,"Trond Are is the founder and co-owner of Fiskher. Trond grew up on a farm in Larvik, but now lives in the charming town of Lillesand, and he is our very own expert on anadromous fish species. He founded the app in 2019 and has been working determined towards the launch of the app ever since. Though his background is in sports, Trond has worked with developing industries and creating growth in the southern regions of Norway for the last five years."
Trond Svandal,CTO,"Trond is our very own tech-guru and co-owner. At Fiskher, we collaborate with institutions that work with research and development work. Artificial intelligence is especially a top priority at fiskher, as this contributed to developing the recognition program for our app. Trond is the man who collaborates with academia and development of the technology behind our services. With his two bachelor’s degrees and a master’s degree in mathematics, computer science and technology, he is the best man for the job! Since he caught his first salmon at the age of five, Trond has been an enthusiastic angler."
Tommy Egra,Head of Fishing Department,"Tommy is our Head of The Fishing Department. He lives in Kristiansand, a coastal beauty in the south of Norway, and he is one of Norways most recognized anglers. His work has helped shaping the modern sport fishing scene in as we know it today. He has over 30 years of fishing experience, and on the top of this, he is an expert on nautical charts and fish finders. His knowledge has affected the app immensely, and Tommy has played a big part in discovering the best fishing spots along the coast. His passion for fishing has taken him all over the world, but he still prefers to fish in the Norwegian waters."
Asgeir Alvestad,Co-founder,"Recognized as one of Norway’s most famous and merited anglers, it is co-owner Asgeirs knowledge that is the foundation for the development of fiskher. Asgeir is a passionate recreational angler, who at the age of twenty had more than 20.000 fishing hours. At the time being, he has caught over 149 different species in Norwegian waters! About 70 of these were caught in his hometown Lillesand. Fun fact: Besides multiple world records, Asgeirs biggest catch is the world’s second heaviest fish caught on a rod, a 1.1-ton Greenland shark caught in the Nedstrandsfjord. His smallest catch is a crystal cuttlefish of 0.5 grams."
Malu Ultee,CEO,Founder Malu Ultee started her career as an operations manager at the age of 22. After she dove back in the love for jewelry since she was a little child. Combining the experience and passion int Bound Studios.
Lonieke Ultee,COO,"Lonieke has been working in the 90's jewelry industry all over Europe. Next to being a single mother of two, she has built a successful language company and is now also in charge of the operations within Bound Studios."
Marco Weinreich,Co-Managing Director
Rico Weinreich,Co-Managing Director
Shilu George,Founder,22 years of experience in designing and developing software
Sarath Kallatt Sivasankaran,Co-founder,17 years of experience in designing and developing cloud applications
Dominique Surinx,CEO,"Dominique combines 20 years of pharma experience, with successful entrepreneurial experience in renewable energy. He holds a master in engineering and in business administration"
Pieter Wijfels,Venture Partner,"Before joining NLC, Pieter spent 15 years at Philips, bringing innovation to life across the globe. He enjoys working in fast-paced environments and supporting initiatives that truly improve people’s lives"
Simar Kaur
Kent Haverstock,Founder
Selyan,Founder/Creator
Henk Drost,CEO
Hans v/d Knijff,Aandeelhouder en financieel adviseur bij Mooi Hakkie bv,Heeft een boekhoudbedrijf en is belastingadviseur.
Mr. Marcel Willemsen,Is aandeelhouder en juridisch adviseur bij Mooi Hakkie bv,Heeft een eigen adviesbedrijf en is jurist.
Pieter van der Poel,CEO,"Pieter has been a serial entrepreneur for over ten years. He guided an earlier exit of Hemacon Gmbh (Düsseldorf), in blood separation technology in 2012. Since then he has been involved in numerous medical device start-ups, across Europe, in and outside of AI / Radiology. Earlier in his career, he held (strategic) marketing positions in radiology with Philips Healthcare and GE Healthcare, both in Europe and the US. His strengths include a strong networking capability, a relentless stamina to see things through to completion, and a keen eye for building up teams and combining the team member’s strengths. His knowledge of the radiology world, as well as his marketing background, are important in this leadership role. To this day he has a strong network of radiologists, both in Europe and America. “With our bare hands are we building up this Company. And with the positive responses of breast radiologists AND mammography companies alike, my motivation to make GENERA a success for many years to come only grows. I fully stand by GENERA’s purpose: to help more and more women obtain a better diagnosis and give them an even better chance of avoiding or curing breast cancer.”"
Jimmy Hermans,CEO & Co-Founder,"Jimmy is an experienced entrepreneur, innovation- and start-up manager who has worked with 25+ start-ups, governments and multinationals. Combined with his skateboarding background he started CityLegends. With the aim to use social media and techniques to guide the youth outdoors, instead of that the youth stays indoors."
Thijmen Verker,CTO & Co-Founder,"Thijmen is a born technician with over 15 years of experience in software development, security and complex tech solutions. He has worked at multinationals such as TNT, ING and various scale and start-ups. With his passion for street culture, he moved away from corporate life to realise his passion: Realising the world's largest urban community."
Milan Meurrens,VP of product / Developer / Scrum master,"Milan has put countless hours into inline skating, gaining an unprecedented discipline. He took this discipline to the Technical University of Leuven, his professional work in Robotics, the Automotive Solar Team and eventually CityLegends."
Yorick Knijff,Lead Urban Governments,"As a creative and entrepreneurial soul, Yorick has driven many culture, lifestyle and sports projects across Europe. Every day, he shares his information and knowledge with governments that want to realise vibrant cities with urban sports & culture."
Lois Mobach,Co-founder
Florian Haberler,Co-founder
Maria Loleyt,CEO,Ex-McKinsey and Ex-BBDO marketing expert with 15+ experience. Netherlands Female Role Model in Tech 2023 Built two profitable business.
German Syroezhkin,CTO,Global Talent Visa alumni. Ex Engineering Lead in YC backed Mirror-AI with 100M+ downloads. ex CV Engineer with >$10M economic contribution project. PhD in Computer Science.
Koen Lavrijssen,Founder,"I worked in the hospitality industry for over 10 years, started programming at the age of 12 and finished my Masters in Information Management. In Mr. Winston I combine my experience in these fields together with our team consisting out of a developer, salesman and marketeer."
Azis Isa,CEO,"I am a meticulously organized and detail-driven product owner, boasting a wealth of experience in product management spanning over 6 years, coupled with 2 years of immersive research expertise. My unwavering passion lies in exploring cutting-edge technology solutions that have the potential to enhance the lives of individuals, making them more purposeful and productive."
Adam Baialiev,CTO,I am a senior software engineer with over 8 years of experience.
Jorn Smith,Founder and CEO,Founder of tailormade mealprep service Jornaesthetics Complete
Imaan van der Zwan,CCO,Imaan has background in subscription based tech companies and media.
Jeroen van der Zwan,Founder and CFO,IT and Fitness specialist
ILIA TRUDEAU,Founder,"I am entrepreneur, author, self-researcher and philantropist."
Peter Comstock,CEO,"Successful Financial and Technology entrepreneur. Previously founded, built, and exited two Fintech start-ups. Sold FFReturns to SaxoBank in 2009 Sold NBWM to IBanFirst in 2020. Now building KubeLab: The Worlds Favourite Kubernetes Platform"
Matteo Bianchi,CTO,Kubernetes lover Platform Engineering enthusiast Mission: To make developers lives easier
Christel Brouwer,Marketing and Communication,Community Builder
Neil,Founder,"Creating software, media and websites since 2012."
Eser Sevinc,Founder,"Eser Sevinç embarked on a successful career in digital marketing and social media in organic fertilizer and energy companies, developing core skills and gaining valuable experience over more than a decade in the industry. This foundation paved the way for a transition to the energy sectors, where Eser Sevinç thrived as a foreign trade specialist for another 10 years."
Bora Fırat,Mechanical Engineer,Mechanical EngineerMechanical Engineer Olgu Engineer - Gent
Ecem Elif,Digital Expert,Digital Expert | Business DevelopmentDigital Expert | Business Development - Luxembourg B2B SaaS Business Development - ProductComplyB2B SaaS Business Development - ProductComply Chemycal - Rotterdam
Ramazan Demir,Electrical Engineer
Martin Duijs,CEO
Give me a Name,Digital Coach,I am the digital coach from Welpair Solutions with an AI-brain. My goal in live is to help humans work healthy in the office or at home. Humans are not robots so they need some attention from me to keep them healthy and make sure they stay productive by preventing stress-related issues. #stillwaitingforarealname
Peter-Paul van Maanen,CTO,Peter-Paul van Maanen is founder at Welpair Solutions BV. A startup developing wellbeing monitoring solutions for office worker. Before founding Welpair Solutions Peter-Paul has been a scientific researcher at TNO and a proffessor at the VU in AMsterdam.
Eva Meijer,CEO,"Background: After originally working as an Intellectual Property lawyer, Eva choose to leverage her entrepreneurial instincts. Embracing the challenge, she navigated Happybase's transition from a consumer-focused model to a business-to-business approach. In doing so, Eva soon evolved into a leader who is highly capable to turn ideas into action. Her personal goal is to drive Happybase’s growth, aiming to expand Happybase's footprint."
Marianne Meijers,Director L&D,"Background: Prior to joining Happybase, Marianne dedicated seventeen years as a Design Thinking lecturer and coach at the Amsterdam University of Applied Sciences (AUAS). It was during this time that she imparted valuable knowledge of Design Thinking and Positive Psychology and created the development method that would serve as the foundation of Happybase’s suite. In line with Happybase’s mission, Marianne’s personal goal is to see at least 10.000 professionals effectively using and embracing our development suite."
Jurriaan Graaff,Head of Product,"Jurriaan has worked in different pivotal roles in HR departments of various corporates and scale-ups. Jurriaan's strength lies not just in his expertise, but also in his ability to share it. A dynamic speaker, who loves sharing his knowledge at important events."
Wiert Omta,Chief Technology Officer,"Wiert is our experienced Tech Lead, with a firm grasp on both technical and business aspects. His track record since 2009 in web development provides a robust foundation for our company's growth. A trusted leader who excels in clear communication and teamwork."
Jeroen van Geelen,Business Development Lead,"Background: Jeroen brings a wealth of experience in business development and M&A, with a profound understanding of the HR domain. As a seasoned leader with deep expertise in digital solutions, he excels in fostering partnerships and driving innovation. Crucially, Jeroen's successful track record in selling HR software on a global scale bolsters our ability to secure a strong position in a competitive marketplace."
Nelson T. Ajulo,CEO,"""As a serial entrepreneur with a rich academic background, including a PhD in International Economics focused on human capital efficiency, I am deeply passionate about using technology to address socio-economic issues. I've dedicated my career to harnessing the transformative power of technology, aiming to create innovative solutions that optimize productivity, foster collaboration, and unlock human potential in the workplace. JobProject is a testament to this endeavor - an AI-powered platform that revolutionizes how businesses manage projects and teams. By merging my deep understanding of economics with technological innovation, I strive to bring about positive change and drive significant advancements in our working world."""
Yasin ben Moussa Salgueiral,Founder
Robert Middendorp,Co-founder
Jeroen Heiblom,Management
Wout Haakman,CEO
Kristóf Vass,CTO
Antonio Ivankovic,Co-founder,"Antonio is a senior telco executive with international experience in marketing and sales, corporate strategy, digital and customer experience. Spent last 15+ years in commercial business, as an entrepreneur or in corporation, focusing on proposition enhancement, value management and customer facing processes. Easy-going: Since the early days I had love for technology, business and seeing the world. Long career in telecoms is helping me experience all three."
Katarina Dabo,Founder,Front End Developer. Coding for a sustainable future while saving the seas
Lars van der Wal,CEO,"Cofounder of Gymstory, responsible for everything non-tech including commerce and funding."
Mathieu Wernsen,CTO,"Co-founder and responsible for all tech that customers can interact with, such as app and sensor."
Michael Fahim,CIO,"Cofounder and responsible for all tech a customer cannot interact with, including cloud, database, and interplatform communications."
Siebe van Mensfoort,CEO,"His drive is to bridge needs in the market with the opportunities of fore-front technology through managing cross-functional teams and building customer relations to create value from new propositions. In 2009, he obtained his PhD on experiments and modeling of blue solution-processed OLEDs at Philips Research."
Alice Furlan,Director of Operations,"She joined the company in 2016, after pursuing a PhD in organic photovoltaics. At Simbeyond, she is head of HR, as well as supporting the CEO in strategy and financial topics. In the past she has successfully coordinated various research proposals and projects, both internal and external at national and european level, as well as helped expand the team to its current size."
Megan Hong,CEO,Previously Software Engineer at Snapchat Maps M.S. in Artificial Intelligence @ Vrije University B.S. in Computer Science @ UCLA
Christos Ziakas,CTO,Data Scientist @ Turo M.S. Data Analytics and Engineering @ TU Munich
Bram Haenraets,Cofounder & CEO,"Bram Haenraets, CEO of Viqal, is a dynamic entrepreneur with a deep-rooted passion for innovation in the hospitality and travel sectors. He has co-founded previous ventures like Caltrix and Into Choco. Prior to his startup journey, Bram gained valuable experience at Rabobank International and BNP Paribas Asset Management. Based in Amsterdam, his leadership at Viqal exemplifies his commitment to leveraging technology for enhancing customer experience."
Daniel Formolo,Cofounder & CTO,"Daniel Formolo is the Chief Technology Officer at Viqal, bringing over 20 years of software engineering experience. An expert in Affective Computing, Conversational AI, and Data Mining, he earned his PhD in Artificial Intelligence from Vrije Universiteit Amsterdam. Daniel has seamlessly merged academic research with market-driven applications, resulting in developments like an AI system training security guards, embedded systems for various sectors, and an emotion-extracting voice system."
Peter Bakker,CEO,"PETER BAKKER CEO, PARTNER With 25 years of management experience in various Asian markets, Peter has been part of the content marketing industry since its early stages. He helped launch King Content, a pioneering content marketing company, in Singapore in 2010. Peter then went on to co-found award-winning agency Immedia Content followed by the launch of Contrend as Partner and Managing Director. Now based in San Francisco, Peter previously worked for prestigious news brands including The Economist and Financial Times as Director of Marketing and Circulation. When not schooling the team on the benefits of staying active and fit, Peter speaks at industry events and exhibitions across Europe, Asia and the US."
Richard Jones,CTO,"RICHARD JONES CHIEF TECHNOLOGY OFFICER, PARTNER With more than 23 years of digital marketing and commercial strategy experience across APAC and EMEA, Richard is co-founder and CTO of Contrend and Immedia Content. Richard has worked with well-known MNCs like EY, SoftBank, Molson Coors Brewers and Boots The Chemist. After moving to Singapore from the UK in 2010, Richard built several successful businesses that created mobile apps and award-winning digital solutions for clients that included Courts Asia and many others. Richard still finds time to deliver courses and lectures to SMEs, and enjoys keeping his finger on the pulse of the latest tech innovations."
Igor Lakhmotkin,Software developer,"Data Analyst, Software developer"
Niels Arts,"Co-founder (creative mind, future focused)","Creative online marketeer since 2008. Think I have the ability to see problems and solutions everywhere, I thrive on thinking big and anticipating future trends. Recognizing the power of collaboration and my own personal weaknesses, I tried to assemble a better team. First with Bas S., who brings structure and operational prowess. Later also with Bas B., with his youthful technological wizardry. I enjoy creating highly useful solutions with smart and flexible individuals. Being a fan of the EU, I perceive demographic changes as both a threat and an opportunity. - 2017-2023: cofounder Wecommerce - 2010-2021: cofounder of multilingual Hockeygear.eu shops. 2021: sold shares. - 2010-2017: cofounder watch band webshop. 10 languages. - 2024/2015: finalist Freelancer of the Year Awards - 2004: start freelancing"
Bas van Schijndel,"Co-founder (structured, focused on now and nearby future)","Responsible for business strategy and managing operations. Before Clonable Niels (other founder) and I had an online marketing agency. I was responsible for sales, planning, and technical SEO. From there, Niels, Bas van den Boom and I came up with the idea of cloning websites. Since november 2021 we founded a separate company Clonable B.V. My purpose is to maintain a good balance in our company, structurize it and provide the team what they need to enjoy work and getting the job done. - Entrepreneur since 2005 (small business) - Create queues at events with Clonable - Founded marketing agency Wecommerce in 2017"
Bas van den Boom,Co-founder (CTO),"Responsible for our software and infrastructure. I already started programming in high school, making several apps. At the end of high school, I started my own company in software development. Last summer I graduated cum laude from Eindhoven University of Technology and got my degree in Computer Science. Learning about technologies and putting them to use is one of the things I really like to do, and my position at Clonable gives me plenty of time for that. Making educated decisions for our technology stack and seeing them work out well really makes me happy. I the end, I want Clonable to be a product I can be proud of and something our users love to work with."
Jeroen Fransen,CEO
Marnix Vandooren,CEO,"The driving force behind multiple startups, from developing an e-sharing platform to building brands around creators. His military discipline and strategic thinking fuel his passion for building sustainable brands and communities."
Lennard Terlouw,CEO,"Lennard is an enthusiastic, young entrepreneur who wants to share his passion and love for beer with the rest of the world. After studying business administration and completing a master's in entrepreneurship, he fully embraced entrepreneurship and embarked on expanding My Dear Beer. Strengths: creativity, communication, visionary"
Jeroen Balzer,Business Partner,"Jeroen has founded several companies and held numerous senior executive positions both in the US and Europe, working with start-ups, scale-ups, and corporates. With over 30 years of leadership experience in business development, alliances, strategy, sales, and consulting."
John Geluk,Advisory board (ex Co-founder),"John worked for about a year and a half before he moved to NS (Dutch Railways) for a procurement traineeship. The corporate environment appealed to him more than the start-up life. At NS, he negotiates with suppliers for major contracts. John is structured, analytical, and strategically strong."
Lukas Bronsvoort,Founder & CEO,"Lukas' strong background in strategic marketing and his ability to successfully lead teams have made him a valuable asset in the automotive and e-commerce industries. He has a passion for driving digital transformation and leveraging e-commerce to drive growth, and has demonstrated his ability to identify and capitalize on new opportunities. As founder of Colecti, Lukas is putting his leadership skills and strategic marketing expertise to work, building a successful business and helping others to achieve their goals."
Jurre Machielsen,Founder & CTO,Background in building engineering & innovation sciences. A curiosity into new technology. React.js • Next.js • Networking • TypeScript • Blockchain Concept
Raphael Cornelis,Founder & COO,"Front-end dev, UX design React.js • Next.js • TypeScript • Blockchain Concept"
Sander Mandemaker,Founder & CIO,Full stack developer React.js • Next.js • TypeScript • Blockchain Concept
Robbert van Goethem,CEO,Robbert has over 10 years experience in the travel industry and founded LEAVV in 2021.
Tjalling Oosterhuis,CCO & CIO,Tjalling worked as a strategy consultant for Deloitte in the field of IT and has an IT Strategy background.
Viena Fromm,Founder and CEO,"Marketing professional, Airbnb Superhost, and hospitality & tourism entrepreneur with more than 10 years of experience. Viena founded the first Eco-Hostel in a small rural community in San Pedro Sula, Honduras, in 2014. She was also one of the founders of the Startup Community in Honduras and a Techstars Community Lead in Latin America. Viena is really passionate about entrepreneurship, innovation, startups, connecting people, travelling, and digital marketing."
Patrick Stooker,Founder & CEO,"Building brands and accelerating innovative businesses are my biggest passions in life. Over 15 years of working in the international media & communications industry has elevated my marketing mindset, with a specialization in technology and growth strategies. I’m on a mission to help innovative businesses ideas grow and thrive. Previously founded and successfuly exited Subb4 and Junea."
