Country Name,Country Code,Year,GDP per Capita,GDP,GNI,GNI per Capita,Foreign Investment,GINI Index,Unemployment Rate,Labor Force participation rate
Albania,ALB,2000,1126.68334010717,3480355258.04122,3585007221.82101,1100.0,143000000.0,,19.023,60.435
Albania,ALB,2001,1281.6598256178,3922100793.5403,4048094111.09564,1280.0,207300000.0,,18.57,59.888
Albania,ALB,2002,1425.12421860142,4348068242.19512,4457186384.03827,1370.0,135000000.0,31.7,17.891,59.61
Albania,ALB,2003,1846.12012081207,5611496257.14231,5762066193.23098,1650.0,178036400.666667,,16.985,58.557
Albania,ALB,2004,2373.58129170055,7184685781.51876,7353974652.91914,2100.0,341285112.537562,,16.306,57.496
Albania,ALB,2005,2673.78781583529,8052077248.14638,8214108577.31472,2620.0,262479012.637464,30.6,15.966,56.428
Albania,ALB,2006,2972.74362094736,8896075004.63516,9158294214.47949,3050.0,325138316.803697,,15.626,55.354
Albania,ALB,2007,3595.03829536404,10677324852.8822,10975296958.7017,3460.0,652275603.722803,,15.966,54.275
Albania,ALB,2008,4370.53971639449,12881352893.6855,12946373404.4206,4040.0,1247181714.30558,30.0,13.06,53.192
Albania,ALB,2009,4114.13403283023,12044205549.6571,11852736925.0939,4280.0,1345415233.65619,,13.674,54.993
Albania,ALB,2010,4094.34968570481,11926926615.8015,11807769437.1323,4360.0,1089898207.57431,,14.086,55.202
Albania,ALB,2011,4437.14116097061,12890760315.146,12894099798.9481,4410.0,1048706682.05458,,13.481,59.938
Albania,ALB,2012,4247.63134315945,12319834195.331,12228069196.1144,4360.0,917994575.801857,29.0,13.376,56.995
Albania,ALB,2013,4413.06338346821,12776224496.9718,12996543353.0861,4540.0,1254150555.51294,,15.866,52.418
Albania,ALB,2014,4578.63320812155,13228147516.1168,13349419700.4171,4540.0,1149927985.77736,34.6,18.055,53.42
Albania,ALB,2015,3952.80357364813,11386853113.0189,11521811393.6203,4390.0,989578334.828616,32.8,17.193,55.497
Albania,ALB,2016,4124.05538986272,11861199830.8396,12053832974.203,4320.0,1044389554.85795,33.7,15.418,57.314
Albania,ALB,2017,4531.03220675893,13019726211.7369,13051517643.6213,4290.0,1022757857.07377,33.1,13.616,58.057
Albania,ALB,2018,5365.48934672897,15379509891.7196,15361070727.3542,4880.0,1204383363.60476,30.1,12.304,59.296
Albania,ALB,2019,5460.42823730592,15585105131.0644,15383523591.8511,5280.0,1201022154.46643,30.1,11.466,60.306
Albania,ALB,2020,5370.77862312929,15241458744.8688,14991229141.5555,5320.0,1069744879.65453,29.4,11.69,57.78
Albania,ALB,2021,6413.28328605026,18032010563.7558,17780838454.9845,6150.0,1218586452.37158,,11.474,58.869
Albania,ALB,2022,6846.42614266044,19017242585.7803,18686023829.0718,6820.0,1441381891.41694,,10.137,60.421
Albania,ALB,2023,8575.17113446213,23547179830.4413,23246482646.2791,7680.0,1620982550.5431,,10.108,60.432
Andorra,AND,2000,21810.2487431414,1432606188.69324,,,,,,
Andorra,AND,2001,23511.2951475737,1548265808.05802,,,,,,
Andorra,AND,2002,26528.130158144,1764279824.29752,,,,,,
Andorra,AND,2003,34063.5784034776,2366941808.94404,,,,,,
Andorra,AND,2004,39021.1278101878,2900245324.49221,,,,,,
Andorra,AND,2005,40829.801876968,3161084091.11674,,,,,,
Andorra,AND,2006,43467.2109930745,3459337986.88383,,,,,,
Andorra,AND,2007,48336.2283329823,3957625367.21959,,,,,,
Andorra,AND,2008,49132.515707808,4102319399.02343,,,,,,
Andorra,AND,2009,43975.0183668093,3688976340.7549,,,,,,
Andorra,AND,2010,42746.8309526019,3449925738.86069,,,,,,
Andorra,AND,2011,46657.1561173756,3629133574.27783,,,,,,
Andorra,AND,2012,41500.5435791686,3188652765.36184,,,,,,
Andorra,AND,2013,42470.3161159692,3193512950.02419,,,,,,
Andorra,AND,2014,44369.659691379,3271685596.66321,,,,,,
Andorra,AND,2015,38654.9347203095,2789881258.50362,,,,,,
Andorra,AND,2016,40129.8192007698,2896610479.73077,,,,,,
Andorra,AND,2017,40672.9943348258,3000162081.11976,,,,,,
Andorra,AND,2018,42819.7745797624,3218419896.9641,,,,,,
Andorra,AND,2019,41257.8045846483,3155149347.80639,3462352923.13403,46450.0,,,,
Andorra,AND,2020,37361.0900666982,2891001149.3611,3268595543.70399,42450.0,,,,
Andorra,AND,2021,42425.6996756291,3324647529.381,3576595365.25519,44720.0,,,,
Andorra,AND,2022,42414.0590092117,3380612573.32922,3715466876.22408,50150.0,,,,
Andorra,AND,2023,46812.4484486309,3785067331.7625,,,,,,
Armenia,ARM,2000,593.450581742282,1911563668.85006,1970535935.80291,630.0,104188500.0,,11.095,61.777
Armenia,ARM,2001,659.588988535629,2118467913.37873,2182070540.84243,680.0,69868500.0,35.4,10.992,61.525
Armenia,ARM,2002,742.651118319819,2376335048.39976,2458706347.955,760.0,110725325.614409,34.8,10.833,61.167
Armenia,ARM,2003,882.030167695474,2807061008.69084,2899936467.50868,910.0,122852992.703235,33.0,10.705,60.837
Armenia,ARM,2004,1130.08791444158,3576615240.41616,3724967487.29965,1120.0,247140608.495888,37.5,10.617,60.565
Armenia,ARM,2005,1557.48458908655,4900469511.10191,5106475890.47117,1460.0,292073220.164722,36.0,10.54,60.367
Armenia,ARM,2006,2041.65267068997,6384452066.5146,6686478968.61547,1910.0,466531991.901724,29.7,10.465,60.278
Armenia,ARM,2007,2962.70234594569,9206301269.79164,9703722072.8786,2600.0,667671562.134495,31.2,10.394,60.345
Armenia,ARM,2008,3777.66859313767,11662040713.8753,12353321001.708,3390.0,943733059.483284,29.2,17.1,60.344
Armenia,ARM,2009,2820.5926553347,8647937081.2562,9006718596.46194,3140.0,760040745.87233,28.0,19.295,61.266
Armenia,ARM,2010,3041.34450723339,9260285755.62424,9718566996.01031,3280.0,529321391.641958,30.0,19.523,61.486
Armenia,ARM,2011,3349.55309771906,10142111824.5835,10502185416.5704,3360.0,653219756.47225,29.4,18.884,61.566
Armenia,ARM,2012,3511.56399687426,10619320682.9474,11042356845.1045,3700.0,496636701.129687,29.6,17.511,61.555
Armenia,ARM,2013,3680.16692158886,11121464437.0415,11804011412.1342,3940.0,346092394.393256,30.6,16.576,61.657
Armenia,ARM,2014,3852.11800610384,11609513246.7958,12131729269.7992,4000.0,406578406.693112,31.5,17.498,61.77
Armenia,ARM,2015,3512.39350276709,10553337518.414,10981745035.9775,3910.0,184127986.314895,32.4,18.261,61.886
Armenia,ARM,2016,3524.42476874707,10546136235.5219,10791195836.7939,3690.0,333823945.510433,32.5,17.617,62.016
Armenia,ARM,2017,3869.05373867752,11527458709.0158,11933013892.6253,3900.0,252747990.684352,33.6,17.704,62.013
Armenia,ARM,2018,4196.00562301769,12457940694.7395,12658281183.7745,4220.0,266855048.832037,34.4,18.966,61.981
Armenia,ARM,2019,4597.22887399548,13619290539.2116,13807148386.5538,4650.0,100287214.397978,30.0,18.304,63.176
Armenia,ARM,2020,4268.68093304583,12641698583.2152,12439008672.029,4230.0,58582750.1214803,25.1,18.175,62.452
Armenia,ARM,2021,4685.17997128509,13878908628.9378,13479935696.4488,4580.0,366445214.820501,27.9,15.469,63.149
Armenia,ARM,2022,6571.97445545099,19513506553.1251,18991671827.7595,5680.0,975658909.266107,27.9,13.379,62.208
Armenia,ARM,2023,8053.01066312345,24085749592.3359,23434106610.7827,6780.0,580365078.650983,,13.245,62.033
Austria,AUT,2000,24487.2974685956,196181599831.287,195571539888.471,26820.0,5509489590.0,29.0,4.687,58.429
Austria,AUT,2001,24430.495982841,196477206829.33,194807930724.607,25330.0,3021896900.0,,4.007,57.892
Austria,AUT,2002,26334.862215032,212837224022.813,213150567298.393,25040.0,5780433860.0,,4.852,58.691
Austria,AUT,2003,32110.1159661425,260779834340.097,261614209917.843,28110.0,6859781900.0,29.5,4.779,58.728
Austria,AUT,2004,36614.2506533707,299210411454.823,301042148420.889,33860.0,8029899490.0,29.8,5.969,57.644
Austria,AUT,2005,38157.37022862,313952317330.776,315422915386.77,38780.0,81096089418.116,28.7,5.682,58.064
Austria,AUT,2006,40382.2078298575,333905979332.481,337065504176.47,41460.0,10500457158.3387,29.6,5.32,58.563
Austria,AUT,2007,46622.9622913635,386760177589.497,388793244757.766,44510.0,68865787583.4395,30.6,4.909,59.423
Austria,AUT,2008,51581.3982361071,429234399096.173,435655713060.469,49210.0,6301143681.98324,30.4,4.198,59.658
Austria,AUT,2009,47857.4446635266,399290118782.429,401584639080.312,49210.0,14300064389.0077,31.5,5.371,59.921
Austria,AUT,2010,46611.1393420232,389827789217.634,395556468123.334,49770.0,-22007325156.2772,30.3,4.883,59.876
Austria,AUT,2011,51116.8953522042,428954737064.057,433140701458.172,50700.0,22983942931.9265,30.8,4.637,59.909
Austria,AUT,2012,48250.4059142637,406750487603.59,409815209653.594,50090.0,5218620112.78237,30.5,4.909,60.207
Austria,AUT,2013,50305.3545774973,426580502769.417,431351356436.825,50690.0,-1290975416.81939,30.8,5.367,60.362
Austria,AUT,2014,51314.9722616322,438556021078.034,443168199835.449,50430.0,1708425859.86856,30.5,5.674,60.172
Austria,AUT,2015,43915.228020857,379546097300.633,378210199399.805,47510.0,-6847372583.72227,30.5,5.802,60.224
Austria,AUT,2016,45061.4993920192,393687359770.273,395807521992.608,46250.0,-28502567388.3665,30.8,6.064,60.696
Austria,AUT,2017,47163.7425775142,414926138132.691,413348647948.824,45060.0,14031983575.0406,29.7,5.561,60.665
Austria,AUT,2018,51194.0749841299,452582294972.775,450535680731.058,48990.0,-27839206246.3826,30.8,4.933,60.919
Austria,AUT,2019,49885.9947355204,442983642371.842,443323100627.45,51050.0,-12636357247.4569,30.2,4.56,60.898
Austria,AUT,2020,48716.4098900349,434397601557.696,439547216701.013,49050.0,-12003798872.8906,29.8,5.201,60.364
Austria,AUT,2021,53648.7190742245,480467037338.783,486755828420.147,53220.0,18998114634.0552,30.7,6.459,60.631
Austria,AUT,2022,52176.6649141178,471773629830.381,470636395218.873,55930.0,14301504457.0346,,4.992,60.882
Austria,AUT,2023,56033.573792065,511685203845.001,510079146471.293,55030.0,2924935668.81844,,5.264,60.853
Azerbaijan,AZE,2000,655.097249579917,5272615722.96892,5178072731.05201,630.0,129937000.0,,11.78,76.8
Azerbaijan,AZE,2001,703.670998584686,5707616203.72011,5562874939.46744,680.0,819579000.0,36.5,10.91,74.597
Azerbaijan,AZE,2002,763.108895463487,6236087738.28284,6042087549.01436,740.0,2024577000.0,25.3,10.04,72.482
Azerbaijan,AZE,2003,883.692580745256,7276413079.11451,7024617521.22393,840.0,4007330000.0,26.8,9.17,70.534
Azerbaijan,AZE,2004,1045.0136328106,8680405740.94125,8166818629.56601,960.0,4719107000.0,26.6,7.99,67.969
Azerbaijan,AZE,2005,1578.36733030667,13245421880.834,11734666354.9889,1290.0,4476396000.0,26.6,7.26,66.542
Azerbaijan,AZE,2006,2472.95725732287,20981929497.6188,18470079299.789,1920.0,4485966000.0,,6.62,64.801
Azerbaijan,AZE,2007,3851.33015175141,33049419431.2244,28219348252.7001,2730.0,4594234000.0,,6.33,61.787
Azerbaijan,AZE,2008,5574.46810432575,48851293785.4483,43831089798.2035,3890.0,3986807000.0,,5.86,60.823
Azerbaijan,AZE,2009,4950.39949009423,44292427184.9492,41022888018.2835,4820.0,2900030000.0,,5.74,60.983
Azerbaijan,AZE,2010,5843.5337683582,52909294791.9262,49741091452.7785,5410.0,3352997000.0,,5.63,60.864
Azerbaijan,AZE,2011,7189.81869211976,65952796427.9473,61441003132.8908,5570.0,4485120000.0,,5.42,61.19
Azerbaijan,AZE,2012,7495.86527658099,69679944504.1972,65735414850.2186,6480.0,5293250000.0,,5.19,61.594
Azerbaijan,AZE,2013,7875.34536661549,74160560123.6902,70472288892.4862,7450.0,2619437000.0,,4.97,61.896
Azerbaijan,AZE,2014,7890.84028062087,75239785452.1022,73082959455.4451,7740.0,4430466000.0,,4.91,62.761
Azerbaijan,AZE,2015,5500.50364628486,53076235354.746,51379123217.2905,6610.0,4047630000.0,,4.96,63.537
Azerbaijan,AZE,2016,3880.6852276838,37866996882.9157,35591412539.2769,4790.0,4499666000.0,,5.0,64.652
Azerbaijan,AZE,2017,4147.1981423222,40866627351.9817,39321618331.876,4110.0,2867487000.0,,5.0,65.038
Azerbaijan,AZE,2018,4739.7943123408,47112470051.7701,44853080880.9559,4080.0,1402998000.0,,4.9,65.399
Azerbaijan,AZE,2019,4805.75371765917,48174235294.1176,46318529411.7647,4510.0,1503918000.0,,5.0,65.218
Azerbaijan,AZE,2020,4229.91064904503,42693000000.0,42422882352.9412,4480.0,507151800.0,,7.24,67.223
Azerbaijan,AZE,2021,5408.04535175023,54825411764.7059,53687352941.1765,4910.0,-1707666000.0,,6.04,62.166
Azerbaijan,AZE,2022,7770.594223351,78807470588.2353,73522647058.8235,5670.0,-4474481000.0,,5.65,64.018
Azerbaijan,AZE,2023,7125.90858368611,72356176470.5882,69275529411.7647,6660.0,252836000.0,,5.636,63.537
Bahrain,BHR,2000,14214.4836839343,9062898936.17021,8839275265.95745,12500.0,363562321.906708,,1.083,67.116
Bahrain,BHR,2001,13573.2339887597,8976196808.51064,8654625797.87234,12730.0,80358858.3697633,,1.12,67.333
Bahrain,BHR,2002,13501.4708801425,9593510638.29787,9068566223.40425,12480.0,216986881.649309,,1.139,67.299
Bahrain,BHR,2003,14486.0269029822,11074813829.7872,10581836436.1702,13180.0,516700276.442676,,1.128,67.308
Bahrain,BHR,2004,15963.9493171617,13150159574.4681,12575387234.0426,14680.0,865308118.622994,,1.065,67.482
Bahrain,BHR,2005,17966.1657837625,15968723404.2553,15556372074.4681,16550.0,1048601306.14142,,1.021,67.856
Bahrain,BHR,2006,19267.282615072,18504760638.2979,18119833244.6809,17850.0,2914659868.30075,,1.021,68.448
Bahrain,BHR,2007,20908.4042548073,21730000000.0,21431313829.7872,19600.0,1756312514.78198,,1.006,69.237
Bahrain,BHR,2008,23299.4992780392,25710904255.3191,24787226861.7021,21070.0,1793998354.54447,,1.014,70.157
Bahrain,BHR,2009,19465.3140745038,22938218085.1064,20538353191.4894,18940.0,257149561.420298,,1.07,71.125
Bahrain,BHR,2010,21819.3291098099,26805984042.5532,24432970744.6809,19510.0,155771009.169721,,1.13,71.745
Bahrain,BHR,2011,25032.7867743333,29914680851.0638,26150319148.9362,20040.0,780851063.829787,,1.21,71.188
Bahrain,BHR,2012,26438.6733230428,31963404255.3191,30955957446.8085,24670.0,1544680851.06383,,1.2,71.586
Bahrain,BHR,2013,26989.7601148469,33823324468.0851,32627579787.234,25970.0,3727712765.95745,,1.182,71.549
Bahrain,BHR,2014,26451.7965647453,34772526595.7447,33139813829.7872,25480.0,1518617021.2766,,1.141,71.169
Bahrain,BHR,2015,23734.0551143019,32523297872.3404,30787393617.0213,23640.0,64893617.0212766,,1.16,71.359
Bahrain,BHR,2016,23800.001440631,33884680851.0638,32089202127.6596,22720.0,243351063.829787,,1.192,71.975
Bahrain,BHR,2017,24784.7693514607,37204813829.7872,35215186170.2128,22360.0,1426063829.78723,,1.194,72.322
Bahrain,BHR,2018,26324.4066549559,39567978723.4043,37491914893.617,24200.0,1654255319.14894,,1.2,72.115
Bahrain,BHR,2019,27259.7438599327,40446808510.6383,38186170212.766,25800.0,941755319.148936,,1.223,71.579
Bahrain,BHR,2020,24342.8444554718,35837632978.7234,33378590425.5319,23870.0,1021276595.74468,,1.781,69.585
Bahrain,BHR,2021,27147.8083882286,40840212765.9574,38312287234.0426,25240.0,1779255319.14894,,1.541,69.213
Bahrain,BHR,2022,30616.2610677495,46680398936.1702,44717632978.7234,28310.0,1951329787.23404,,1.326,70.41
Bahrain,BHR,2023,29218.8605634137,46079867021.2766,43472420212.766,28300.0,6839627659.57447,,1.154,70.878
Belarus,BLR,2000,1276.28038121269,12736780455.1539,12684136546.1847,1380.0,118800000.0,31.2,12.224,59.3
Belarus,BLR,2001,1244.37318523431,12354820143.8849,12311559712.2302,1300.0,95800000.0,30.6,11.609,59.793
Belarus,BLR,2002,1479.38066337175,14594900944.7658,14564755544.6363,1380.0,247100000.0,30.3,10.908,60.121
Belarus,BLR,2003,1819.52653114699,17825444724.4878,17850589634.7141,1630.0,171800000.0,28.8,10.215,60.375
Belarus,BLR,2004,2378.33700470129,23141566292.9462,23122951403.9977,2170.0,163800000.0,26.5,9.452,60.556
Belarus,BLR,2005,3126.07176665248,30210091836.8294,30265564438.9968,2820.0,306600000.0,27.6,8.728,60.755
Belarus,BLR,2006,3848.22350300163,36961894281.3444,36847123885.5523,3510.0,357100000.0,28.3,8.024,61.03
Belarus,BLR,2007,4735.48107556066,45275711995.825,44864740363.8261,4310.0,1807300000.0,29.6,7.38,61.353
Belarus,BLR,2008,6376.17569162063,60752106347.126,59964234225.8004,5470.0,2187900000.0,27.8,6.698,61.802
Belarus,BLR,2009,5352.48809190697,50873167326.0414,49759479064.1055,5660.0,1876500000.0,27.7,6.1,62.318
Belarus,BLR,2010,6034.67885177216,57231904542.8755,56069265840.9742,6150.0,1393400000.0,28.6,6.045,62.812
Belarus,BLR,2011,6527.6593428786,61762382327.9319,61079871266.8078,6350.0,4002400000.0,27.2,6.022,63.283
Belarus,BLR,2012,6953.21591683101,65685890438.8922,64215516438.9641,6630.0,1463600000.0,26.5,5.946,63.651
Belarus,BLR,2013,7998.0802045456,75527558966.4473,72875339440.6563,7030.0,2246100000.0,26.6,5.937,63.929
Belarus,BLR,2014,8341.29014337961,78812805039.0743,76448782777.9462,7620.0,1862000000.0,27.2,5.902,64.122
Belarus,BLR,2015,5967.06856034227,56454889146.6088,54061945285.662,6740.0,1652300000.0,25.6,5.881,64.253
Belarus,BLR,2016,5039.77560949445,47723545321.259,45473302428.7243,5640.0,1246900000.0,25.3,5.844,64.367
Belarus,BLR,2017,5785.53397723676,54725302249.8088,52669765496.9979,5320.0,1276300000.0,25.4,5.648,64.462
Belarus,BLR,2018,6360.05310087258,60031173807.7196,57861187726.0003,5730.0,1426500000.0,25.2,4.763,64.393
Belarus,BLR,2019,6837.76832136779,64410122847.3508,62499831005.415,6370.0,1273300000.0,25.3,4.165,64.231
Belarus,BLR,2020,6542.8645398436,61371755326.2351,58875118002.111,6410.0,1393200000.0,24.4,4.049,64.006
Belarus,BLR,2021,7489.71894713888,69673747131.87,67115938432.45,7040.0,1230721861.86,,3.9,63.999
Belarus,BLR,2022,7994.64806074889,73775179924.603,70678268154.2972,7210.0,1606417743.38,,3.574,64.021
Belarus,BLR,2023,7829.05313660622,71857382745.6066,69352182752.257,7790.0,1992107728.25,,3.461,63.504
Belgium,BEL,2000,23098.8865077401,236792460312.471,242895045507.608,25890.0,86361710000.0,33.1,6.586,52.243
Belgium,BEL,2001,23015.0712632462,236746141604.37,241174671366.339,24460.0,100646089000.0,,6.178,50.791
Belgium,BEL,2002,25006.191397109,258383599375.177,262848882179.059,24060.0,18118954671.3727,,6.91,51.102
Belgium,BEL,2003,30655.2092679024,318082528506.588,324156068000.195,27100.0,34559267489.7083,28.1,7.68,51.255
Belgium,BEL,2004,35429.4077933344,369214712443.206,374341455841.082,32910.0,44498165771.1404,30.5,7.363,52.012
Belgium,BEL,2005,36809.7013403619,385714762230.039,390533497082.023,37780.0,33662010793.5663,29.3,8.44,53.295
Belgium,BEL,2006,38705.1067959147,408259840868.823,414131146527.529,39940.0,58821552824.3718,28.1,8.246,53.109
Belgium,BEL,2007,44319.165448813,470922156309.453,477472767241.296,42740.0,96551634531.2489,29.2,7.459,53.656
Belgium,BEL,2008,48303.397956286,517328087920.078,529910842181.875,46570.0,190391844688.587,28.4,6.976,53.695
Belgium,BEL,2009,44923.3400135081,485014525992.461,492240893720.195,46900.0,77354509260.1055,28.6,7.908,53.514
Belgium,BEL,2010,44197.393671162,481556503720.001,488810029890.001,47110.0,125491894873.016,28.4,8.293,54.162
Belgium,BEL,2011,47760.8298776546,527196649048.639,524167615222.764,46370.0,163624381384.584,28.1,7.14,53.297
Belgium,BEL,2012,44874.1709182123,498414364944.961,507665999692.266,46980.0,11810272330.6797,27.5,7.542,53.328
Belgium,BEL,2013,46964.5946777056,524097026598.55,534645338501.413,47820.0,-29640924980.1455,27.7,8.425,53.617
Belgium,BEL,2014,47995.7786961339,537987419164.351,546624135613.253,47850.0,-15205871357.966,28.1,8.523,53.575
Belgium,BEL,2015,40893.804537772,461044767544.531,468878816162.656,45650.0,-19514245854.7287,27.7,8.482,53.369
Belgium,BEL,2016,41854.5498296444,474271566739.729,480629064768.328,43430.0,57538351507.0684,27.6,7.83,53.164
Belgium,BEL,2017,44035.3239358548,500908767351.53,507373706788.236,42480.0,-37288840312.4531,27.4,7.09,53.336
Belgium,BEL,2018,47487.2100392561,542638913427.921,548107677571.921,45980.0,-41601387266.7493,27.2,5.941,53.669
Belgium,BEL,2019,46716.6227467964,536726344405.489,541049419119.999,48050.0,-10587088044.2371,27.2,5.364,53.896
Belgium,BEL,2020,45906.2875805246,529694473501.791,531671614966.383,46090.0,-30416922630.7659,26.0,5.545,53.382
Belgium,BEL,2021,51655.7883303715,598494036474.409,607143534636.037,51210.0,35347519888.6006,26.6,6.248,54.048
Belgium,BEL,2022,50807.2047084918,593438820508.173,592448849483.465,53680.0,11875049208.5361,,5.57,54.575
Belgium,BEL,2023,54700.9093236712,644782756682.756,648332611927.33,54580.0,-2776119886.70005,,5.528,54.397
Bosnia and Herzegovina,BIH,2000,1338.48059636261,5567772768.81188,6096608725.96403,1330.0,146075610.876644,,25.187,51.701
Bosnia and Herzegovina,BIH,2001,1387.89365131544,5800615466.26648,6281232076.35222,1420.0,118495219.813023,30.0,26.289,51.725
Bosnia and Herzegovina,BIH,2002,1606.54672243362,6728220886.64546,7158604493.37638,1570.0,267769568.956599,,27.312,51.728
Bosnia and Herzegovina,BIH,2003,2033.94700935864,8498894359.38629,8903502503.27191,1830.0,381784637.391406,,28.447,51.69
Bosnia and Herzegovina,BIH,2004,2452.68616839392,10156541538.399,11099633687.3086,2450.0,889597294.548592,34.0,29.276,51.622
Bosnia and Herzegovina,BIH,2005,2739.61076866057,11222796336.5426,11690774974.8525,2810.0,623812851.5592,,30.227,51.554
Bosnia and Herzegovina,BIH,2006,3166.12865344833,12864841905.9543,13256741831.038,3160.0,845962876.359591,,31.11,51.539
Bosnia and Herzegovina,BIH,2007,3931.48948737505,15778734264.3787,16247592902.1842,3680.0,1841972230.25245,33.1,28.984,51.529
Bosnia and Herzegovina,BIH,2008,4841.69311934649,19112796623.1175,19819060272.7989,4500.0,1004852659.85344,,23.405,51.545
Bosnia and Herzegovina,BIH,2009,4539.91863774968,17613949091.2294,18292268364.5254,4790.0,138511019.727863,,24.068,51.41
Bosnia and Herzegovina,BIH,2010,4506.47828548389,17176315803.7298,17455986158.7009,4820.0,443840207.092831,,27.312,51.319
Bosnia and Herzegovina,BIH,2011,4982.69375768263,18644233537.1093,18794204715.634,4900.0,471610992.220788,33.0,27.582,51.186
Bosnia and Herzegovina,BIH,2012,4693.78899115381,17226735995.6905,17361422536.9693,4900.0,391976946.375189,,28.01,50.934
Bosnia and Herzegovina,BIH,2013,5034.56616016469,18179108530.5261,18421211485.5494,5170.0,313295008.331529,,27.49,50.723
Bosnia and Herzegovina,BIH,2014,5206.06558252,18558733564.4692,18710534545.2251,5180.0,544866345.45742,,27.517,50.465
Bosnia and Herzegovina,BIH,2015,4662.25883724069,16404348871.4437,16514883084.2442,5140.0,383089615.729344,,27.695,50.294
Bosnia and Herzegovina,BIH,2016,4928.5665251728,17116926327.6247,17139875880.799,5070.0,313198153.358835,,25.408,50.086
Bosnia and Herzegovina,BIH,2017,5345.01985489192,18326373366.1105,18174627640.6011,5070.0,509429047.915133,,20.527,49.865
Bosnia and Herzegovina,BIH,2018,6047.84584261133,20484053868.9246,20366478392.9849,5720.0,601783317.146818,,18.4,49.599
Bosnia and Herzegovina,BIH,2019,6122.3753450882,20482608755.379,20448097002.6662,6180.0,447875544.610653,,15.692,49.262
Bosnia and Herzegovina,BIH,2020,6130.31133245161,20226036564.4129,20112988928.17,6160.0,483278992.870742,,15.868,48.752
Bosnia and Herzegovina,BIH,2021,7295.3438240957,23672712242.2149,23371644756.9735,6970.0,767542282.660214,,14.897,48.812
Bosnia and Herzegovina,BIH,2022,7655.59421024383,24534663636.1778,24213156434.1057,7710.0,851454276.30085,,12.657,48.838
Bosnia and Herzegovina,BIH,2023,8638.66620201187,27514782476.0406,27355539704.4997,8280.0,1035178227.48115,,10.668,49.428
Bulgaria,BGR,2000,1621.26210738992,13245990274.4581,12922579411.5223,1660.0,1001503841.99968,,16.218,49.952
Bulgaria,BGR,2001,1770.90704918691,14183446025.7389,14208346103.9187,1770.0,812942201.973002,,19.921,51.474
Bulgaria,BGR,2002,2092.98288625558,16403043849.8297,16746547984.4485,1970.0,904659791.087722,,18.11,50.96
Bulgaria,BGR,2003,2719.49436859287,21144957990.4681,21488758770.9831,2370.0,2096788700.05598,,13.733,50.16
Bulgaria,BGR,2004,3389.68743360274,26157743368.8716,26463249590.9807,3060.0,3072550961.81564,,12.037,50.909
Bulgaria,BGR,2005,3899.82596332878,29868657858.0082,29952160205.0144,3800.0,4098122930.77934,,10.083,50.129
Bulgaria,BGR,2006,4523.1465578805,34380536495.6739,33529451338.3532,4300.0,7874476255.43262,35.7,8.951,52.014
Bulgaria,BGR,2007,5888.77685220636,44432811756.4731,41158999020.2939,4820.0,13875270456.9117,36.1,6.878,53.547
Bulgaria,BGR,2008,7271.30338858025,54480684188.4442,51846141511.9245,6070.0,10296720633.7243,33.6,5.609,54.862
Bulgaria,BGR,2009,6988.27316296465,52023801230.12,50357535978.025,6680.0,3896664559.17164,33.8,6.817,54.1
Bulgaria,BGR,2010,6863.66706774052,50760929302.5147,49698376601.3692,7010.0,1842900000.0,35.7,10.279,53.503
Bulgaria,BGR,2011,7857.16706984441,57737040780.0157,55929518183.7592,7270.0,2103810000.0,34.3,11.26,52.551
Bulgaria,BGR,2012,7430.7373804242,54288135058.7926,53568146883.006,7500.0,1788110000.0,36.0,12.27,53.174
Bulgaria,BGR,2013,7687.71368243317,55852123989.9504,54615902084.6065,7600.0,1989040000.0,36.6,12.941,53.937
Bulgaria,BGR,2014,7912.27484371138,57157782909.9307,56529038853.4167,7690.0,1093600000.0,37.4,11.424,53.966
Bulgaria,BGR,2015,7078.86032298969,50811995688.6771,49160388019.0606,7420.0,2221390000.0,38.6,9.143,54.209
Bulgaria,BGR,2016,7570.93165511708,53964253211.84,52164956703.8316,7380.0,1488430000.0,40.6,7.575,53.31
Bulgaria,BGR,2017,8381.88134621669,59309748166.1179,57855803153.6995,7600.0,2007290000.0,40.4,6.164,55.405
Bulgaria,BGR,2018,9436.14479876055,66289266348.6504,63875378298.4119,8490.0,1809860000.0,41.3,5.211,55.316
Bulgaria,BGR,2019,9838.60058985384,68631726289.2794,66479976532.5396,9440.0,2221250000.0,40.3,4.23,56.548
Bulgaria,BGR,2020,10198.5388313404,70716821234.5967,68161899199.9066,9550.0,3310660000.0,40.5,5.125,55.726
Bulgaria,BGR,2021,12274.0775950496,84417951260.8091,81048510007.8612,11100.0,2335300000.0,39.0,5.267,55.293
Bulgaria,BGR,2022,13644.201582807,90642851835.8996,85735292882.524,12770.0,4950920000.0,,4.268,56.668
Bulgaria,BGR,2023,15885.5391311331,102407653020.606,97396787109.0727,14280.0,4058310000.0,,4.319,56.843
Croatia,HRV,2000,4953.65158789022,22134411297.473,21731074977.8336,5310.0,1015069996.97348,,16.064,52.632
Croatia,HRV,2001,5364.83824691607,23066883849.6467,22585037033.0566,5360.0,1036758145.87206,,15.822,52.23
Croatia,HRV,2002,6219.58164143945,26757722428.6781,26299468667.5555,5650.0,980784304.813265,,15.053,51.763
Croatia,HRV,2003,8190.11135193887,35245317001.8224,34080129115.1641,6700.0,1846434012.04769,,13.924,51.776
Croatia,HRV,2004,9718.97322801967,41836292157.3335,41111594891.5506,8570.0,1314179917.33292,,13.664,52.917
Croatia,HRV,2005,10443.5278353294,45013119281.806,43919252320.8683,10200.0,1814728743.16264,,12.598,52.658
Croatia,HRV,2006,11502.753124287,49590197656.5482,48284576335.4561,11240.0,3346611893.3292,,11.13,52.107
Croatia,HRV,2007,13757.605654192,59298265769.9946,57905659888.6332,12510.0,4645807617.35418,,9.909,52.87
Croatia,HRV,2008,15889.4347074759,68478776205.9826,66183286120.6468,13990.0,5249620116.02881,,8.53,53.08
Croatia,HRV,2009,14475.9632928725,62321642125.1721,59980435567.9414,13960.0,3069599255.91982,32.6,9.202,53.051
Croatia,HRV,2010,13731.2865213989,58981738868.753,56943854316.0842,13890.0,1545050408.33734,32.4,11.62,52.535
Croatia,HRV,2011,14694.9993201417,62903737379.7834,60863146670.8241,13980.0,1248979435.63125,32.3,13.678,51.757
Croatia,HRV,2012,13508.6836989693,57551963753.2104,55633820700.9614,13520.0,1465100044.52763,32.5,15.935,51.279
Croatia,HRV,2013,14136.3967669505,59852401272.3204,58734779236.475,13940.0,953913354.19207,32.0,17.251,50.739
Croatia,HRV,2014,14187.9694531493,59612144078.4133,58743509682.7676,13810.0,3187739083.0843,32.1,17.29,52.24
Croatia,HRV,2015,12285.3032582105,51005200669.6941,50921927822.5954,13580.0,488655917.568245,31.1,16.175,52.649
Croatia,HRV,2016,12821.1738140304,52654855638.1057,51687937114.7988,13090.0,1574455103.96608,30.9,13.103,51.196
Croatia,HRV,2017,13902.6310485422,56186190437.9959,56015572345.4034,13350.0,1820430355.43778,30.4,11.208,51.474
Croatia,HRV,2018,15460.4183295843,61668130122.5878,61012800387.368,14670.0,1645992913.89195,29.7,8.432,51.048
Croatia,HRV,2019,15563.8167397199,61467582193.6824,61266599944.4728,15800.0,3978656307.57573,28.9,6.617,51.002
Croatia,HRV,2020,14808.4620188819,57963370885.0798,58907901172.2404,15130.0,1471750500.43121,29.5,7.507,51.011
Croatia,HRV,2021,17789.9304736722,69006802298.6956,68667460258.3253,17420.0,5125181839.24963,28.9,7.608,51.914
Croatia,HRV,2022,18466.0955472648,71198635101.9514,70919879052.4689,19370.0,3927390914.43453,,6.96,52.677
Croatia,HRV,2023,21865.4562838641,84393795502.4421,84099779090.4756,20590.0,3341914870.68901,,6.086,52.255
Cyprus,CYP,2000,14388.3525390625,9985847313.85485,9128568331.76249,14180.0,854874285.662107,,4.766,60.361
Cyprus,CYP,2001,14821.44921875,10397898907.1038,9655802367.94171,14170.0,944742873.957096,,4.043,61.912
Cyprus,CYP,2002,16093.2158203125,11420228846.1538,10831199038.4615,14510.0,1103449726.13198,,3.336,61.833
Cyprus,CYP,2003,20252.24609375,14547329558.3239,13954369195.923,16710.0,908147517.991038,,4.153,63.074
Cyprus,CYP,2004,23792.619140625,17320551250.0,16345890000.0,20260.0,1118841808.54652,30.1,4.77,63.283
Cyprus,CYP,2005,24959.26171875,18433412510.8817,17475010570.8245,23990.0,1161973511.03819,30.3,5.481,63.297
Cyprus,CYP,2006,26729.28125,20072754986.8272,18960303600.552,25600.0,1871897927.22828,31.1,4.593,63.3
Cyprus,CYP,2007,31244.87890625,23968727073.6381,22433135778.8119,27340.0,2294635570.94299,31.1,3.946,63.823
Cyprus,CYP,2008,35397.296875,27844646257.507,27388166105.1706,31970.0,12297296307.4339,31.7,3.756,63.678
Cyprus,CYP,2009,32236.44921875,26048179949.1741,25975726611.6007,32820.0,64632059145.0638,32.1,5.594,63.701
Cyprus,CYP,2010,31105.02734375,25799940077.6075,25431296723.2262,32170.0,31031904287.2207,31.5,6.359,64.19
Cyprus,CYP,2011,32485.796875,27641547909.7011,28366739790.7056,32680.0,40445860585.0788,32.6,7.942,63.828
Cyprus,CYP,2012,28991.935546875,25047436974.6819,24872764788.5623,29760.0,69972767553.5803,34.3,12.097,64.036
Cyprus,CYP,2013,27797.45703125,23959712860.8331,23645299457.4637,27860.0,25966316070.5419,37.0,16.131,64.036
Cyprus,CYP,2014,27244.3515625,23225918259.9824,22592071770.9452,26590.0,51738978689.3285,35.6,16.277,64.633
Cyprus,CYP,2015,23487.228515625,19909278416.8575,19774901919.0144,26090.0,28960532080.4595,34.0,15.026,64.16
Cyprus,CYP,2016,24715.154296875,21046462280.5979,20211956551.818,24840.0,8508203489.4198,32.9,13.006,63.762
Cyprus,CYP,2017,26696.990234375,22946570628.7576,22248590723.5152,25020.0,14406568776.0425,31.4,11.155,64.377
Cyprus,CYP,2018,29599.986328125,25754001367.5448,24823400132.0307,27570.0,-1110259659.48526,32.7,8.504,65.38
Cyprus,CYP,2019,29703.052734375,26196667099.5303,24793491597.2219,28840.0,52834747335.586,31.2,7.155,66.113
Cyprus,CYP,2020,28649.015625,25555093854.2968,23839852610.9473,27280.0,-26023544826.6398,31.7,7.755,65.734
Cyprus,CYP,2021,33734.29296875,30372874319.6285,27682692012.0072,30270.0,7723854390.05685,31.3,7.513,66.476
Cyprus,CYP,2022,33938.9453125,30976176886.8521,28521267364.7675,33070.0,480194908.40874,,6.806,67.624
Cyprus,CYP,2023,36551.41796875,33886930712.3394,30644231434.6265,32960.0,-8942336964.35326,,6.098,67.898
Czechia,CZE,2000,6062.92152842793,62175642238.0847,60625668795.585,6340.0,4987079129.26384,,8.764,60.415
Czechia,CZE,2001,6669.07494847497,68135304463.9641,65898379680.1426,6350.0,5640707235.87483,,8.128,60.01
Czechia,CZE,2002,8101.26018588111,82607869609.574,79239888083.1801,6640.0,8496609035.7758,26.6,7.28,59.813
Czechia,CZE,2003,9852.45677945801,100435924704.881,96725406785.0686,8100.0,2021275745.955,,7.777,59.498
Czechia,CZE,2004,11782.5546676117,120147899983.657,114139370734.403,10250.0,6423465150.75736,27.5,8.298,59.229
Czechia,CZE,2005,13442.4916284309,137264185596.1,130807057527.111,12470.0,13730164683.4592,26.9,7.927,59.42
Czechia,CZE,2006,15259.0788162004,156236258386.589,146538883676.468,14000.0,7132002407.70599,26.7,7.141,59.273
Czechia,CZE,2007,18452.6532812196,190040702286.917,177936058973.967,15850.0,13815656003.7033,26.0,5.316,58.775
Czechia,CZE,2008,22774.7045076205,236506264753.95,222389334395.52,18500.0,8815393022.10815,26.3,4.392,58.409
Czechia,CZE,2009,19817.4215836554,206971882704.716,193114095367.99,18830.0,5271613701.7927,26.2,6.662,58.554
Czechia,CZE,2010,20160.4355077059,211168667286.27,193418140405.535,19280.0,10167834374.8186,26.6,7.281,58.343
Czechia,CZE,2011,22049.1080788682,231429378717.312,211036199499.884,19420.0,4188736491.29368,26.4,6.712,58.265
Czechia,CZE,2012,20014.0354015165,210363223087.728,195428016856.085,19470.0,9433199804.77647,26.1,6.979,58.641
Czechia,CZE,2013,20260.4954999375,213024360541.119,198239568740.499,19430.0,7357578652.57,26.5,6.953,59.255
Czechia,CZE,2014,20038.4163180257,210911285077.683,194987353968.445,18890.0,8088661929.8803,25.9,6.108,59.27
Czechia,CZE,2015,17931.5987670768,189107698561.919,175136907363.179,18330.0,1699914616.60242,25.9,5.048,59.372
Czechia,CZE,2016,18753.9686718096,198160659303.939,183030984148.2,17620.0,10850612308.2062,25.4,3.952,59.821
Czechia,CZE,2017,20913.197632212,221563575696.217,206250524034.28,18240.0,11234740946.0941,24.9,2.893,60.073
Czechia,CZE,2018,23705.9329811299,251992360762.236,235330815043.776,20500.0,8324668391.46793,25.0,2.246,60.373
Czechia,CZE,2019,24062.7190013343,256794209028.77,237284304854.517,22100.0,10752120870.768,25.3,2.015,60.118
Czechia,CZE,2020,23472.8915454417,251109660602.536,233709848019.733,21770.0,8515481807.56744,26.2,2.55,59.46
Czechia,CZE,2021,27696.4619527544,290972714482.313,270290707240.003,24400.0,12890950336.4655,26.2,2.803,59.45
Czechia,CZE,2022,28282.2236715857,301831228325.556,277349488376.076,26060.0,9143600294.9133,,2.224,59.865
Czechia,CZE,2023,31591.1770732969,343207874553.734,317869839762.542,27370.0,8225354599.29861,,2.579,60.43
Denmark,DNK,2000,30722.0251837567,164043817223.59,160307060409.991,32560.0,36013297907.195,23.8,4.476,65.757
Denmark,DNK,2001,30768.4775471112,164881594415.341,162450978036.238,31430.0,9286404805.96887,,4.164,65.421
Denmark,DNK,2002,33257.1622586509,178788209558.311,176565417305.281,30870.0,4430703178.95052,,4.274,65.984
Denmark,DNK,2003,40519.0974905924,218421193436.252,216468873810.283,34800.0,1184825159.91313,25.6,5.398,65.768
Denmark,DNK,2004,46625.050098011,251986155630.852,252295071022.016,42740.0,-8804165491.1002,24.9,5.204,66.137
Denmark,DNK,2005,48925.8076698784,265150087711.985,267281762243.826,49750.0,12847031342.3671,25.2,4.83,65.933
Denmark,DNK,2006,52119.1787984282,283386151543.687,286812403309.343,53630.0,2385249288.38419,25.9,3.897,66.341
Denmark,DNK,2007,58631.6566433635,320213157595.018,321794551499.899,55870.0,11809448518.2128,26.2,3.801,65.886
Denmark,DNK,2008,64616.6657583663,354979471960.142,358920185951.629,60620.0,2191215665.76653,25.2,3.683,65.208
Denmark,DNK,2009,58412.7472358513,322619152194.594,325821783655.729,60300.0,3771059440.08035,26.7,6.409,64.507
Denmark,DNK,2010,58104.5445594981,322345594075.47,327612451825.411,61290.0,-11767861925.0632,27.2,7.746,63.604
Denmark,DNK,2011,61809.737898222,344315595263.175,351569643417.089,62050.0,13558894634.3461,27.3,7.769,63.167
Denmark,DNK,2012,58443.7747103968,326792574244.963,334180090640.392,61570.0,-16349825685.2634,27.8,7.798,62.418
Denmark,DNK,2013,61377.5940590412,344631016965.12,355510183830.163,63400.0,680338945.938662,28.5,7.384,61.49
Denmark,DNK,2014,62520.4509747011,352832602064.452,365645289652.797,63650.0,6577348986.65252,28.4,6.925,61.336
Denmark,DNK,2015,53094.0133607574,301758922337.637,311066436036.952,60350.0,1842994663.46023,28.2,6.278,61.413
Denmark,DNK,2016,54500.9260410217,312181849372.233,320020671940.78,57830.0,7804020827.15213,28.2,5.989,61.744
Denmark,DNK,2017,57521.5514992225,331610593961.988,338899001120.246,56600.0,3607276299.51791,28.7,5.833,61.827
Denmark,DNK,2018,61324.7665045565,355293374912.393,365236933204.871,61090.0,8764023726.34583,28.2,5.131,61.906
Denmark,DNK,2019,59404.2663247723,345401473012.615,355443582780.668,63020.0,-3801733788.9774,27.7,5.018,62.445
Denmark,DNK,2020,60985.4885601514,355631021931.621,367136215276.414,62710.0,1294050740.46455,27.5,5.637,62.125
Denmark,DNK,2021,69727.9873677012,408378204639.999,424501033300.764,70310.0,16997286703.2256,28.3,5.043,62.716
Denmark,DNK,2022,68091.3191138669,401945576107.963,414709867315.259,73320.0,30820919526.0381,,4.434,63.504
Denmark,DNK,2023,68453.8769281145,407091920305.404,418673805445.712,73340.0,4576876842.84454,,5.094,63.752
Estonia,EST,2000,4070.60902410208,5686579747.53524,5472116465.49341,4170.0,416214286.787887,,13.36,58.906
Estonia,EST,2001,4502.66614992392,6250218422.70164,5947902604.95927,4310.0,592889580.182473,,13.134,57.99
Estonia,EST,2002,5343.18310760735,7370119619.4782,6978783083.73363,4620.0,338234260.376913,,10.026,56.958
Estonia,EST,2003,7205.40703313243,9876595528.45528,9301313233.96567,5730.0,1038244664.19461,37.2,11.288,58.75
Estonia,EST,2004,8916.0728274602,12148595031.0559,11465094409.9379,7500.0,1086893435.16594,33.6,10.248,58.928
Estonia,EST,2005,10414.6381183565,14109491356.7964,13457655764.2084,9730.0,3057558404.59854,33.4,8.033,58.608
Estonia,EST,2006,12641.4800976473,17025671810.3124,16082181658.5121,11500.0,1758167635.56107,33.7,5.915,60.497
Estonia,EST,2007,16745.4308011148,22450264166.4385,20706693128.9351,13430.0,3033145919.8766,31.2,4.592,60.514
Estonia,EST,2008,18205.9064113446,24342935403.5447,23069137249.1578,15190.0,1977264596.96392,31.9,5.455,61.157
Estonia,EST,2009,14712.4494217916,19633984440.1223,19034731869.9639,14570.0,1866296946.5753,31.4,13.548,60.759
Estonia,EST,2010,14663.7041018705,19524355419.038,18473734528.309,14580.0,2592255114.54213,32.0,16.707,60.508
Estonia,EST,2011,17555.5455239426,23303915794.7569,22028387855.0584,15830.0,1119148299.05953,32.5,12.328,61.255
Estonia,EST,2012,17568.2137969714,23237406116.3988,22063932819.8438,16740.0,1787341526.52249,32.9,10.021,61.256
Estonia,EST,2013,19310.3874900757,25451032780.7573,24507230930.4314,18120.0,1097942106.98721,35.1,8.631,61.272
Estonia,EST,2014,20581.7898991695,27055689003.0038,25876006876.5489,18880.0,1781648554.48117,34.6,7.352,61.08
Estonia,EST,2015,17722.1557669523,23311847750.9394,22387751107.0312,18540.0,-715465129.889722,32.7,6.412,61.817
Estonia,EST,2016,18666.3736521706,24561027787.7896,23537298481.751,18240.0,925762256.709316,31.2,6.882,62.639
Estonia,EST,2017,20851.5223496861,27469461919.1189,26262150181.8824,18730.0,1735775304.25103,30.4,5.807,63.244
Estonia,EST,2018,23618.1361254581,31222632740.7247,29976050226.9019,21160.0,1273932848.01576,30.3,5.412,63.498
Estonia,EST,2019,24021.2501413306,31873748770.0313,30681549837.647,23060.0,3113489502.24595,30.8,4.514,63.161
Estonia,EST,2020,23933.9939421065,31820771493.8974,30896975845.1363,23230.0,3823194189.12658,30.7,6.956,63.039
Estonia,EST,2021,27953.7670230126,37204563051.4723,36275709776.356,26260.0,7554905496.43776,31.8,6.178,63.186
Estonia,EST,2022,28451.1477825175,38376046174.971,36987912194.9418,27290.0,1877817161.42292,,5.571,65.113
Estonia,EST,2023,30133.304450454,41291245222.1948,40050178864.9176,27620.0,5350805151.56147,,6.378,65.604
Finland,FIN,2000,24335.9225082659,125967821110.589,125234472746.667,26480.0,13502068644.6076,27.2,11.134,61.407
Finland,FIN,2001,24965.202996776,129519672868.898,129485638946.851,25850.0,3224710299.84937,,10.29,61.919
Finland,FIN,2002,26989.389260959,140360963811.765,140829968379.608,25620.0,8094575465.08978,,10.423,62.141
Finland,FIN,2003,32920.0857192568,171612867735.686,170641200958.823,28800.0,5965369887.32256,27.7,10.469,62.136
Finland,FIN,2004,37768.1334202029,197458297639.769,198868882866.796,35380.0,6777097341.61981,27.9,10.358,61.844
Finland,FIN,2005,39049.8703780223,204859368790.661,205740184703.502,40230.0,10867806670.7033,27.6,9.602,62.21
Finland,FIN,2006,41214.0187765069,217044068234.117,219064326741.176,42840.0,4639183791.01376,28.0,8.935,62.276
Finland,FIN,2007,48473.0240091455,256360251537.648,257127719239.609,46190.0,21980490453.9879,28.3,6.854,61.122
Finland,FIN,2008,53769.4726240385,285698662071.094,286195777419.531,50160.0,19406654259.4436,27.8,6.369,61.426
Finland,FIN,2009,47478.3495310999,253480783439.453,256645544754.687,48950.0,-8826315342.10639,27.5,8.249,60.385
Finland,FIN,2010,46506.2919016566,249429613683.334,252651105183.334,49740.0,12221047445.4544,27.7,8.394,59.714
Finland,FIN,2011,51060.3242589767,275126915515.565,276659458249.028,50260.0,-6008929965.54386,27.6,7.781,59.82
Finland,FIN,2012,47551.6740841369,257443384492.969,259497761579.297,48990.0,4930356141.26224,27.1,7.689,59.588
Finland,FIN,2013,49691.0145200739,270268036626.275,272476696925.491,49510.0,-4959133088.96143,27.2,8.193,59.112
Finland,FIN,2014,50073.7760815871,273478528954.901,277614151896.47,49410.0,17544672687.0996,26.8,8.663,58.738
Finland,FIN,2015,42560.3456767103,233210733506.25,236841059684.375,47170.0,17579437753.2438,27.1,9.376,58.762
Finland,FIN,2016,43451.2562442158,238777818792.608,241867185380.545,45540.0,5228087258.97727,27.1,8.818,58.545
Finland,FIN,2017,46085.0174739036,253846138440.0,255775633889.412,44840.0,16909619226.7668,27.4,8.64,58.667
Finland,FIN,2018,49654.2497035329,273869255596.078,276815737098.039,48220.0,-10529085853.8372,27.3,7.361,59.309
Finland,FIN,2019,48358.1807773701,267014821129.411,269899706941.176,49950.0,16280099519.3449,27.7,6.695,59.184
Finland,FIN,2020,48828.6846862799,270000311606.226,276322367069.261,50030.0,-2535610877.45159,27.1,7.759,58.849
Finland,FIN,2021,53099.1351400148,294223210496.119,301103210879.84,53200.0,23579233204.9063,27.7,7.617,59.768
Finland,FIN,2022,50438.4753952355,280241515774.32,284510574953.308,54710.0,13095645412.5947,,6.719,60.422
Finland,FIN,2023,52925.6897638424,295532341254.907,297129375017.652,53230.0,-260116463.672399,,7.151,60.275
France,FRA,2000,22340.5939516217,1360959069477.49,1387213402712.16,25010.0,41389082664.7628,32.6,10.218,55.303
France,FRA,2001,22331.7948343036,1370376677298.86,1402495832979.14,23900.0,50142053918.8909,32.5,8.61,55.122
France,FRA,2002,24144.5727019529,1492427756382.43,1517047281243.53,23160.0,51550483853.8509,31.8,8.702,55.399
France,FRA,2003,29479.5222101175,1835095983049.09,1869026496404.31,26010.0,42350800678.3509,31.4,8.306,56.003
France,FRA,2004,33644.9282220364,2109792297237.03,2148978081185.33,31460.0,35608535812.8719,30.6,8.914,55.85
France,FRA,2005,34696.3718316971,2192146403028.17,2234564034091.83,35920.0,85137061931.2536,29.8,8.882,55.989
France,FRA,2006,36431.5658906555,2317861544690.82,2366964499002.35,37920.0,78957053786.1349,29.7,8.832,55.916
France,FRA,2007,41486.1907828787,2655816911866.56,2713440990838.05,40230.0,83777598395.4499,32.4,8.008,56.064
France,FRA,2008,45464.8181385158,2926802941585.86,2994136038927.34,43590.0,67997446904.9733,33.0,7.386,56.132
France,FRA,2009,41728.0884164132,2700075882518.98,2763004002090.23,44070.0,18422928061.9131,32.7,9.122,56.31
France,FRA,2010,40694.8211697025,2646230027988.34,2706418757800.01,43960.0,38889439213.3126,33.7,9.279,56.216
France,FRA,2011,43929.7840873812,2870408553990.28,2941328117344.36,44470.0,44205811126.5792,33.3,9.228,56.02
France,FRA,2012,40863.5814412333,2683007095787.23,2742349300400.39,43450.0,32944663317.8722,33.1,9.841,56.226
France,FRA,2013,42669.1795111893,2816077607875.26,2874861573220.79,43820.0,33461592993.8228,32.5,9.913,56.27
France,FRA,2014,43148.0459288416,2861236112552.42,2917864654134.5,43350.0,5063648998.48312,32.3,10.273,55.764
France,FRA,2015,36702.4323733379,2442483452642.5,2491864986670.7,41130.0,43133325471.3567,32.7,10.354,55.621
France,FRA,2016,37024.2157133669,2470407619777.13,2525276585700.01,39100.0,35623357280.0881,31.9,10.057,55.399
France,FRA,2017,38687.1626407164,2588868323334.71,2653805221561.18,38300.0,43733253503.8812,31.6,9.409,55.258
France,FRA,2018,41418.1766484844,2781576320884.39,2855661376338.82,41130.0,77493098693.2378,32.4,9.018,55.3
France,FRA,2019,40408.2848574751,2722793515171.76,2787416524619.6,42470.0,53499337503.7413,31.2,8.415,54.939
France,FRA,2020,39169.8606000707,2647926055110.05,2667982790343.98,39200.0,19368829836.4654,30.7,8.009,54.271
France,FRA,2021,43725.0999521245,2966433692008.09,3024516531073.59,43800.0,98012545019.1631,31.5,7.874,55.54
France,FRA,2022,41082.8119320747,2796302210398.84,2828314888998.07,45180.0,109574904464.643,,7.308,55.846
France,FRA,2023,44690.9345395117,3051831611384.76,3091101307415.06,45180.0,8803377981.64788,,7.335,55.642
Georgia,GEO,2000,749.908534993961,3057475335.18846,3094875335.18846,790.0,131466678.34,40.5,10.82,64.1
Georgia,GEO,2001,801.98383707929,3219462262.0075,3239462097.99534,780.0,109871635.49,39.6,11.16,66.21
Georgia,GEO,2002,853.526171868939,3395766677.67315,3406166805.19658,840.0,160398660.46,37.2,12.59,64.95
Georgia,GEO,2003,1010.03151630868,3991377904.13162,4000877682.75348,990.0,334891041.62,36.7,11.51,66.02
Georgia,GEO,2004,1305.04748557208,5125365191.98664,5199165171.11853,1210.0,492732940.01,36.2,12.62,64.77
Georgia,GEO,2005,1642.78359414797,6410912049.87105,6471712910.47761,1520.0,453107292.01,37.4,13.81,64.05
Georgia,GEO,2006,1996.02013272284,7745250733.95067,7906347725.5252,1910.0,1171394522.25,36.9,13.57,62.2
Georgia,GEO,2007,2635.36650276116,10172931088.5655,10208931260.9698,2380.0,1892093991.1,38.1,13.28,63.3
Georgia,GEO,2008,3324.7537205015,12795145130.9103,12735844839.5215,2820.0,1602232455.97,38.5,17.87,63.49
Georgia,GEO,2009,2822.68939668797,10766920065.8251,10723319726.5229,2950.0,660800885.27,38.2,20.71,64.588
Georgia,GEO,2010,3281.72930937343,12426907967.1578,12209869879.0692,3220.0,920915812.73,39.5,20.203,65.494
Georgia,GEO,2011,4119.66818307193,15475290469.2869,15049331839.1101,3580.0,1170087549.5,39.6,19.632,66.218
Georgia,GEO,2012,4530.69533409431,16894392033.2256,16722078802.949,4250.0,968196197.63,39.0,19.653,67.554
Georgia,GEO,2013,4712.00229382665,17517660143.6859,17200885802.7475,4680.0,1046562195.15,38.6,19.416,67.152
Georgia,GEO,2014,4830.33486170249,17966015109.3043,17737747151.643,4850.0,1836879042.83,37.6,17.439,67.697
Georgia,GEO,2015,4086.6223465965,15223796148.8396,14880351881.7349,4500.0,1735307118.63,36.5,16.506,68.781
Georgia,GEO,2016,4143.40125686315,15444548901.9637,14744998637.3575,4180.0,1659824033.37,36.6,16.604,68.425
Georgia,GEO,2017,4418.75206546679,16473125375.0684,15681941286.4977,4130.0,1930381394.76,37.9,13.939,66.216
Georgia,GEO,2018,4804.0546040444,17902544880.6471,17228317459.0649,4580.0,1304024907.7,36.4,12.667,63.934
Georgia,GEO,2019,4741.2832715876,17638337116.9126,16841958711.6913,4780.0,1397879177.29,35.9,11.565,62.928
Georgia,GEO,2020,4300.85701291207,16010869215.68,15254265041.6439,4330.0,544109653.92,34.5,11.73,63.399
Georgia,GEO,2021,5083.60695484577,18853115588.8106,17678574249.4334,4760.0,1271256433.53,34.2,11.791,60.708
Georgia,GEO,2022,6729.84659930283,24984568959.605,23246873362.5952,5690.0,2286908991.66,33.5,11.647,63.026
Georgia,GEO,2023,8283.66960242964,30777833585.4441,28388158127.4093,6710.0,2085707951.1,,11.537,63.081
Germany,DEU,2000,23925.8559901991,1966980701145.1,1937024251730.2,26130.0,248007397121.859,28.9,7.917,57.989
Germany,DEU,2001,23878.3641471651,1966381496641.73,1932123667212.6,24740.0,56948542386.9091,29.9,7.773,57.899
Germany,DEU,2002,25486.5942008748,2102350798305.89,2056434683769.81,23650.0,51268214890.6254,29.8,8.482,57.79
Germany,DEU,2003,30711.1022511331,2534715518349.01,2476230001432.94,26130.0,65401516009.2493,29.8,9.779,57.846
Germany,DEU,2004,34566.7359143735,2852317768061.78,2831354282320.08,31660.0,-20408419557.1429,30.2,10.727,57.458
Germany,DEU,2005,35084.4363546269,2893393187361.87,2870368808691.05,35730.0,59835195025.1917,31.7,11.193,58.332
Germany,DEU,2006,36980.3349948954,3046308753670.58,3045353242965.88,38240.0,87444159239.0628,31.0,10.277,58.997
Germany,DEU,2007,42350.9217211489,3484056680854.91,3475319883354.91,40450.0,50847183837.0148,31.2,8.732,59.065
Germany,DEU,2008,46386.3295924799,3808786022312.5,3780819607074.22,43630.0,30954735498.025,30.8,7.508,59.087
Germany,DEU,2009,42487.2137101496,3479800820863.28,3488175094524.22,43610.0,56701916794.97,30.5,7.88,59.211
Germany,DEU,2010,42409.9356994694,3468154343000.01,3467862685333.34,44650.0,86037502102.1644,30.2,7.043,59.312
Germany,DEU,2011,47646.582043143,3824828563521.41,3845325104620.63,47270.0,97535403952.5493,30.6,5.967,59.853
Germany,DEU,2012,44735.5882319701,3597896500945.31,3611772218601.56,46560.0,65443087632.2705,31.1,5.372,59.958
Germany,DEU,2013,47220.0102098851,3808086291482.36,3820263805783.93,47220.0,67199694458.9368,31.5,5.316,60.279
Germany,DEU,2014,48971.0824722599,3965800686309.79,3967012279025.08,47630.0,17356720097.6155,30.8,4.979,60.378
Germany,DEU,2015,41911.0109851054,3423568450957.03,3434101056827.73,45830.0,62418993509.249,31.7,4.612,60.22
Germany,DEU,2016,42961.0356905775,3537784107980.55,3555930677612.46,44330.0,58132711370.7803,31.4,4.104,60.411
Germany,DEU,2017,45526.5999576533,3763092263752.95,3778789183700.01,43780.0,108786501529.106,31.3,3.781,60.659
Germany,DEU,2018,48874.8595028454,4052008447223.53,4108434453701.96,47540.0,162250938125.842,31.9,3.384,60.859
Germany,DEU,2019,47623.8656074829,3957208055215.68,4034728306596.07,49470.0,75463438450.8917,31.8,3.163,61.307
Germany,DEU,2020,47379.765194548,3940142541354.1,3998734917350.98,48020.0,176781024357.228,32.4,3.881,60.478
Germany,DEU,2021,52265.6541620571,4348297440387.53,4443312883197.6,52140.0,102148693815.945,,3.594,60.395
Germany,DEU,2022,49686.1154582583,4163596357879.39,4241258694941.65,53800.0,62728998895.9956,,3.12,60.929
Germany,DEU,2023,54343.2265084958,4525703903627.53,4636236589068.71,54800.0,19515498091.7767,,3.068,61.117
Gibraltar,GIB,2000,,,,,,,,
Gibraltar,GIB,2001,,,,,,,,
Gibraltar,GIB,2002,,,,,,,,
Gibraltar,GIB,2003,,,,,,,,
Gibraltar,GIB,2004,,,,,,,,
Gibraltar,GIB,2005,,,,,,,,
Gibraltar,GIB,2006,,,,,,,,
Gibraltar,GIB,2007,,,,,,,,
Gibraltar,GIB,2008,,,,,,,,
Gibraltar,GIB,2009,,,,,,,,
Gibraltar,GIB,2010,,,,,,,,
Gibraltar,GIB,2011,,,,,,,,
Gibraltar,GIB,2012,,,,,,,,
Gibraltar,GIB,2013,,,,,,,,
Gibraltar,GIB,2014,,,,,,,,
Gibraltar,GIB,2015,,,,,,,,
Gibraltar,GIB,2016,,,,,,,,
Gibraltar,GIB,2017,,,,,,,,
Gibraltar,GIB,2018,,,,,,,,
Gibraltar,GIB,2019,,,,,,,,
Gibraltar,GIB,2020,,,,,,,,
Gibraltar,GIB,2021,,,,,,,,
Gibraltar,GIB,2022,,,,,,,,
Gibraltar,GIB,2023,,,,,,,,
Greece,GRC,2000,11638.2010697215,125760166224.805,131351664012.086,13350.0,-8195469.28845516,34.2,11.345,51.442
Greece,GRC,2001,12156.9572824221,132050474720.03,137351143233.857,13080.0,2001266.56220201,,10.764,50.72
Greece,GRC,2002,13782.195640943,150253800085.865,154530718624.23,13220.0,34180546.5370639,,10.346,51.014
Greece,GRC,2003,18020.612039764,196930509813.384,201792924566.305,15750.0,1408086698.62351,32.8,9.839,51.404
Greece,GRC,2004,21449.2552764245,234979615898.225,238139030869.388,19650.0,2147927926.7584,33.6,10.628,52.032
Greece,GRC,2005,22054.1315756886,242315668619.405,248266769701.463,22850.0,688484256.649083,34.6,10.074,52.161
Greece,GRC,2006,24416.0232970275,269073415333.676,268470249515.23,24620.0,5411403362.23117,35.1,8.906,52.427
Greece,GRC,2007,28440.7625328955,314226996944.108,310686621838.71,26390.0,1957124444.19442,34.0,8.351,52.274
Greece,GRC,2008,31695.8331092209,351121399546.485,345308085597.682,28770.0,5733447473.24928,33.6,7.664,52.328
Greece,GRC,2009,29425.4573200263,326829054686.306,323954053840.086,29490.0,2766296835.47184,33.6,9.546,52.734
Greece,GRC,2010,26653.0488008626,296417644404.034,290552217824.167,27390.0,532926980.500431,34.1,12.719,52.894
Greece,GRC,2011,25504.7866510124,283228079776.041,275151260812.938,24450.0,1092191387.83039,34.8,17.973,52.155
Greece,GRC,2012,21624.346052551,238841140018.233,244054444999.141,23190.0,1662090329.838,36.3,24.731,51.893
Greece,GRC,2013,21573.3449762805,236556279640.705,238898896581.592,22420.0,2945271844.68569,36.1,27.686,51.565
Greece,GRC,2014,21474.7257123892,233911581521.062,236986597189.975,22000.0,2697339246.05447,35.8,26.708,51.23
Greece,GRC,2015,17980.7298238137,194567373678.099,195524237566.206,20170.0,1268938505.86333,36.0,24.981,51.201
Greece,GRC,2016,17919.2426377048,193097239005.87,192207306613.596,18620.0,2698544612.16074,35.0,23.514,51.147
Greece,GRC,2017,18631.9930129293,200381103984.298,198842523409.192,17960.0,3439131879.75517,34.4,21.413,51.022
Greece,GRC,2018,19873.4015238771,213298873494.394,209711639142.139,19100.0,4025447788.57703,32.9,19.179,50.8
Greece,GRC,2019,19335.3602002969,207305649887.019,203407936304.627,19690.0,4999635989.53693,33.1,17.045,50.855
Greece,GRC,2020,17886.733165236,191362985554.861,187724248007.129,17870.0,3303648833.22836,33.6,15.899,50.055
Greece,GRC,2021,20654.7001960815,218303801895.326,213013301589.942,20000.0,6132475888.3553,32.9,14.656,50.33
Greece,GRC,2022,20971.8349258283,218880566444.349,215323644043.481,21970.0,7947989003.13405,,12.426,51.826
Greece,GRC,2023,23400.7278817691,243498333237.802,238668954547.047,22590.0,4722066764.49034,,11.066,51.826
Greenland,GRL,2000,19004.0038435698,1068025016.00862,1043282168.42357,20290.0,,,,
Greenland,GRL,2001,19275.4339659556,1086170703.9816,1057094010.35731,19390.0,,,,
Greenland,GRL,2002,20652.8417042443,1169136716.03557,1138483294.01166,18760.0,,,,
Greenland,GRL,2003,27459.8753295461,1558759823.08169,1389716824.13502,20440.0,,,,
Greenland,GRL,2004,32023.6820516137,1822499769.23938,1599884628.03809,25730.0,,,,
Greenland,GRL,2005,32489.7277309899,1849802648.36391,1662189360.85417,30920.0,,,,
Greenland,GRL,2006,35458.2542977474,2013106929.50031,1657465000.37499,30240.0,,,,
Greenland,GRL,2007,39780.9441368721,2249811295.6608,2042179704.57966,34800.0,,,,
Greenland,GRL,2008,44366.7858688175,2499092314.41875,,,,,,
Greenland,GRL,2009,44918.8413832155,2529963903.22685,,,,,,
Greenland,GRL,2010,43988.5280290494,2503167187.49305,,,,,,
Greenland,GRL,2011,47186.8759969388,2684461375.46585,,,,,,
Greenland,GRL,2012,45936.9562817724,2609678486.36749,,,,,,
Greenland,GRL,2013,47535.4883792376,2684946990.12448,,,,,,
Greenland,GRL,2014,50485.2244135291,2842065708.35962,,,,,,
Greenland,GRL,2015,44536.3549705377,2499113022.81675,,,,,,
Greenland,GRL,2016,48181.7453541266,2707139544.46695,,,,,,
Greenland,GRL,2017,50765.7494665372,2851613679.03433,,,,,,
Greenland,GRL,2018,54545.135857765,3055782146.15957,,,,,,
Greenland,GRL,2019,53309.2035905065,2997309971.87623,,,,,,
Greenland,GRL,2020,54693.0766804265,3082884653.2456,,,,,,
Greenland,GRL,2021,57116.295770722,3235809504.29871,,,,,,
Greenland,GRL,2022,,,,,,,,
Greenland,GRL,2023,,,,,,,,
Hungary,HUN,2000,4624.28165670295,47218405892.4258,44475804736.8481,4620.0,2747712559.81382,,6.563,51.245
Hungary,HUN,2001,5276.03318905496,53749989092.0197,50630432392.3382,4790.0,4058819560.69833,,5.671,51.564
Hungary,HUN,2002,6655.33300865319,67608919144.3684,63764742792.0142,5290.0,3643428379.51995,,5.608,51.839
Hungary,HUN,2003,8419.43087098103,85285062818.0077,80511625377.2179,6630.0,4157510420.33352,,5.79,52.024
Hungary,HUN,2004,10301.7033946743,104120820258.669,97759238415.7896,8650.0,4538099567.15789,29.9,5.832,52.219
Hungary,HUN,2005,11223.3993032598,113211158292.936,106110791276.79,10380.0,27489690204.0215,34.7,7.189,52.332
Hungary,HUN,2006,11489.5608654088,115715618613.052,108557692856.124,11240.0,18678720024.6862,28.3,7.494,52.391
Hungary,HUN,2007,13940.9092761999,140186716681.425,129559337522.287,11770.0,70631297038.9164,27.9,7.406,52.288
Hungary,HUN,2008,15772.3300839383,158325614580.628,147909075010.473,13250.0,74741370128.9628,27.5,7.817,52.149
Hungary,HUN,2009,13077.305465178,131069255620.567,125364104383.822,13410.0,-2986078748.11143,27.0,10.03,51.579
Hungary,HUN,2010,13217.5045951108,132175349953.713,125954223289.104,13260.0,-20952692164.6004,29.4,11.172,52.003
Hungary,HUN,2011,14234.471576937,141942264554.475,135068573275.969,13250.0,10563869736.8555,29.2,11.029,52.244
Hungary,HUN,2012,12984.8365730133,128814279315.132,123360599722.351,13080.0,10670096331.9646,30.8,11.003,52.878
Hungary,HUN,2013,13715.0703590361,135684315697.713,131737629361.407,13520.0,-3730081935.94212,31.5,10.177,53.528
Hungary,HUN,2014,14294.2584180751,141033843265.669,134668476150.214,13560.0,12880113629.556,30.9,7.725,55.009
Hungary,HUN,2015,12717.038597002,125174166987.372,119182529780.817,13230.0,-5469731521.61747,30.4,6.813,56.203
Hungary,HUN,2016,13104.6995457458,128609822750.039,125141112045.183,13100.0,69453473203.2502,30.3,5.115,57.28
Hungary,HUN,2017,14621.2395956755,143112196040.326,137321995627.354,13180.0,-12371761179.6433,30.6,4.156,57.814
Hungary,HUN,2018,16425.2050299693,160565642983.587,154276621414.076,14980.0,-64648352413.5289,29.6,3.708,58.338
Hungary,HUN,2019,16786.2136399075,164020460331.659,159691089245.166,16570.0,98265233190.135,30.0,3.419,58.505
Hungary,HUN,2020,16131.9540355923,157288955508.176,153532999274.884,16040.0,167399384338.45,29.7,4.25,58.498
Hungary,HUN,2021,18755.1023464312,182109999477.691,176321181848.921,17740.0,33487981473.6292,29.2,4.045,59.215
Hungary,HUN,2022,18353.298364905,177006128624.627,171906025966.474,19050.0,-1987414896.83333,,3.609,59.922
Hungary,HUN,2023,22141.8669799276,212388906458.724,204857214604.962,19670.0,-72234232901.2071,,4.107,60.554
Iceland,ISL,2000,32096.3722613695,9025660361.75842,8740536277.60252,31730.0,155160734.106047,,1.936,77.764
Iceland,ISL,2001,28897.4439396908,8234846804.60582,7974300125.43033,30770.0,163445772.282047,,1.874,77.678
Iceland,ISL,2002,32409.2161491753,9318395054.85934,9278760921.95541,30750.0,91905493.0570106,,2.988,76.613
Iceland,ISL,2003,39476.6978486684,11429333037.8443,11234405350.0893,33410.0,335355205.005774,26.8,3.997,77.121
Iceland,ISL,2004,47334.9306537723,13825302535.7699,13219483215.2519,41650.0,755317000.399857,28.0,4.031,76.211
Iceland,ISL,2005,56794.8501588953,16852963067.0496,16184415473.066,51040.0,3093680067.57088,29.0,2.547,75.633
Iceland,ISL,2006,57492.9342498703,17465318552.2941,16416030208.0365,54890.0,3876554983.10737,30.2,2.83,76.793
Iceland,ISL,2007,69495.7267376825,21652505596.7528,20655358676.1377,63100.0,6872169567.20657,29.5,2.251,77.069
Iceland,ISL,2008,56943.3704468563,18074622987.0185,14738976143.8306,52430.0,1203686964.67602,31.8,2.946,76.317
Iceland,ISL,2009,41301.273219718,13154414219.207,10996203444.8844,43610.0,63588140.7547116,28.7,7.22,74.705
Iceland,ISL,2010,43237.0729488958,13751161917.7398,11655447395.2346,38020.0,256982201.688046,26.2,7.564,74.557
Iceland,ISL,2011,47714.5922308485,15221622925.9319,13450225651.4506,39370.0,1106958185.40328,26.8,7.028,74.068
Iceland,ISL,2012,45995.5478789467,14751508133.5443,13461900235.8385,42510.0,1024164328.08698,26.8,6.0,74.158
Iceland,ISL,2013,49804.9829978371,16125060515.3117,16010321394.1878,49180.0,472607545.774898,25.4,5.376,74.78
Iceland,ISL,2014,54576.7448146565,17867662177.8911,17641035407.3781,50210.0,766775539.042214,27.8,4.897,75.847
Iceland,ISL,2015,52951.6815110898,17517210519.0912,17486094485.2184,52790.0,1145767444.82301,26.8,3.979,76.556
Iceland,ISL,2016,61987.9263620283,20793168030.9524,21200175322.7839,58720.0,-1066286957.46864,27.2,2.978,77.303
Iceland,ISL,2017,72010.1490316258,24728285177.4603,24848957647.0047,62450.0,-6999892980.93709,26.1,2.742,76.777
Iceland,ISL,2018,74452.1890731447,26260850582.0687,26701147667.6892,72600.0,-622718386.260034,,2.704,75.863
Iceland,ISL,2019,68452.23622306,24681343649.2952,25374511608.1548,75160.0,-556463720.652854,,3.507,75.577
Iceland,ISL,2020,59023.5663465778,21629953194.0659,22327335577.3176,65820.0,-878458464.586911,,5.478,73.512
Iceland,ISL,2021,69325.9078287926,25825287184.3818,25842739234.8722,67030.0,465254287.73459,,6.029,73.413
Iceland,ISL,2022,75314.085560994,28770206626.5564,28515019178.2416,73720.0,1398126797.51186,,3.789,74.468
Iceland,ISL,2023,79636.9548578508,31325116556.3807,31871436144.8226,80400.0,688474931.162357,,3.518,74.748
"Iran, Islamic Rep.",IRN,2000,1650.01385832603,109591707801.431,109789552702.844,1750.0,39000000.0,,11.696,44.133
"Iran, Islamic Rep.",IRN,2001,1881.02266634748,126878750295.583,127176778522.083,1780.0,50000000.0,,12.36,44.327
"Iran, Islamic Rep.",IRN,2002,1891.25756092031,128626917504.398,128988619778.839,1880.0,15201000.0,,12.8,44.572
"Iran, Islamic Rep.",IRN,2003,2208.99636553529,151911222120.261,152195905964.743,2180.0,-325706000.0,,11.529,44.959
"Iran, Islamic Rep.",IRN,2004,2672.42266512669,187754571246.703,187449971246.703,2450.0,104573000.0,,10.3,45.506
"Iran, Islamic Rep.",IRN,2005,3132.05081925856,224970371328.826,224563236007.98,2850.0,414564000.0,43.6,11.813,46.119
"Iran, Islamic Rep.",IRN,2006,3618.9160136791,265602187406.199,265713611636.759,3330.0,148445000.0,44.8,11.519,45.293
"Iran, Islamic Rep.",IRN,2007,4687.99166265915,349736591836.295,350690291836.295,4070.0,358571000.0,,10.772,44.433
"Iran, Islamic Rep.",IRN,2008,5377.41150725587,406070949550.867,407406249550.867,4720.0,202152000.0,,10.63,42.271
"Iran, Islamic Rep.",IRN,2009,5415.52280554144,414059094949.597,413937394949.597,5260.0,95569000.0,42.1,12.113,43.032
"Iran, Islamic Rep.",IRN,2010,6291.19443652344,487069570461.36,487148670461.36,5910.0,238956000.0,,13.679,42.296
"Iran, Islamic Rep.",IRN,2011,8025.68743364356,629082257472.368,629549226632.111,6680.0,257628000.0,34.7,12.491,40.616
"Iran, Islamic Rep.",IRN,2012,8114.08099831877,644019315003.54,648228253786.387,7310.0,1356030000.0,34.4,12.275,41.768
"Iran, Islamic Rep.",IRN,2013,6222.74194840326,500399839839.877,503591523606.15,7220.0,189204000.0,34.0,10.595,41.15
"Iran, Islamic Rep.",IRN,2014,5672.06372896319,462284793280.825,464664338145.23,6660.0,3442000.0,34.8,10.68,40.889
"Iran, Islamic Rep.",IRN,2015,4952.73355532178,409191686496.677,409496710332.525,5460.0,119691000.0,35.3,11.166,41.941
"Iran, Islamic Rep.",IRN,2016,5477.03712389913,459042684192.698,459572277672.439,5460.0,104112330.0,35.9,12.618,43.165
"Iran, Islamic Rep.",IRN,2017,5753.11544659399,489168731811.147,489767735736.786,5470.0,75748440.0,36.7,12.232,44.235
"Iran, Islamic Rep.",IRN,2018,4631.78709016514,398880231367.268,400959595538.411,5250.0,74601110.0,37.4,12.195,44.39
"Iran, Islamic Rep.",IRN,2019,3831.27894763337,333519146339.191,333580960831.753,4530.0,84820630.0,36.5,10.74,44.027
"Iran, Islamic Rep.",IRN,2020,2988.78122414716,262186179355.944,261745239277.174,3740.0,78390060.0,35.8,9.687,41.359
"Iran, Islamic Rep.",IRN,2021,4334.79268631354,383436202446.695,383309265851.262,3880.0,81605350.0,35.5,9.282,41.043
"Iran, Islamic Rep.",IRN,2022,4405.09291519791,394362621793.035,393776608248.051,4110.0,100000000.0,34.8,9.085,40.726
"Iran, Islamic Rep.",IRN,2023,4465.63766994952,404625655204.619,404153752602.602,4650.0,86665140.0,,9.041,40.543
Iraq,IRQ,2000,1980.18916038782,48364250943.9051,48059388965.9424,1530.0,,,8.058,42.096
Iraq,IRQ,2001,1435.695683789,36176430128.8057,35918504942.9525,1660.0,,,8.261,42.041
Iraq,IRQ,2002,1266.15961275094,32928454672.4246,31771954672.4246,1330.0,,,8.621,41.987
Iraq,IRQ,2003,817.887862499622,21921569478.8163,21559869478.8163,790.0,,,8.955,41.932
Iraq,IRQ,2004,1328.37157628292,36633669269.3981,36684469269.4028,1310.0,,,8.719,41.878
Iraq,IRQ,2005,1762.39360423421,50065104667.8159,50567404667.63,1510.0,515300000.0,,8.578,41.823
Iraq,IRQ,2006,2276.55435744086,65147051918.0219,66042851917.9446,1880.0,383000000.0,28.6,8.42,41.769
Iraq,IRQ,2007,3128.99010329066,88837057319.5179,90320057319.5896,2480.0,971800000.0,,8.646,41.714
Iraq,IRQ,2008,4542.96609046032,131614434153.505,135100234154.681,3470.0,1855700000.0,,8.467,41.569
Iraq,IRQ,2009,3714.71205987194,111657580326.315,114752680325.579,4010.0,1598300000.0,,8.414,41.423
Iraq,IRQ,2010,4461.75196161555,138516722649.573,140109922649.573,4390.0,1396200000.0,,8.267,41.278
Iraq,IRQ,2011,5775.54229080293,185749664444.444,185512264444.444,4740.0,2082000000.0,,8.191,41.133
Iraq,IRQ,2012,6477.59618450955,218002476129.472,219061676129.629,5980.0,3400000000.0,29.5,7.965,40.988
Iraq,IRQ,2013,6650.35282247395,234637675128.645,233577245128.645,6620.0,-2335300000.0,,9.205,41.956
Iraq,IRQ,2014,6249.39226978969,228415656174.957,227112056174.957,6440.0,-10176400000.0,,10.59,42.93
Iraq,IRQ,2015,4440.14189252367,166774104959.102,165257898273.689,5460.0,-7574200000.0,,10.842,43.04
Iraq,IRQ,2016,4334.42096404188,166743557747.671,165182357747.671,5060.0,-6255900000.0,,10.82,43.15
Iraq,IRQ,2017,4759.2846435467,187217660050.676,185776960050.676,4430.0,-5032400000.0,,13.02,41.89
Iraq,IRQ,2018,5646.68932074742,227367469034.031,225613469034.031,4820.0,-4885100000.0,,13.49,41.744
Iraq,IRQ,2019,5671.8568632942,233636097800.338,232469897800.338,5520.0,-3075600000.0,,14.109,41.487
Iraq,IRQ,2020,4295.18945121228,180898797516.874,179091897517.38,4720.0,-2859100000.0,,15.778,39.704
Iraq,IRQ,2021,4868.49431080783,209691945713.103,207627745713.103,4740.0,-2637300000.0,,16.173,39.663
Iraq,IRQ,2022,6504.12428393548,286640340965.517,285694140965.517,5490.0,-2088200000.0,,15.511,41.177
Iraq,IRQ,2023,5565.12644647176,250842782139.464,251816082139.464,5640.0,-5363500000.0,,15.447,41.21
Ireland,IRL,2000,26334.5672050501,100207610429.909,87356264075.3147,24130.0,4628708310.0,33.0,4.318,64.427
Ireland,IRL,2001,28282.409882073,109346669229.695,93407453250.5072,24080.0,4065288010.0,,3.684,64.507
Ireland,IRL,2002,32705.4345565698,128596035288.401,107815207856.415,24920.0,11025363510.0,32.3,4.216,64.48
Ireland,IRL,2003,41203.5295847568,164670771259.602,141965782782.433,29980.0,5549448440.0,32.9,4.478,64.341
Ireland,IRL,2004,47754.2023194244,194372115041.065,167774483219.72,37840.0,18068825940.0,33.6,4.491,64.407
Ireland,IRL,2005,50933.0216095589,211876989655.907,183494835455.801,44640.0,47001243614.0878,33.8,4.237,65.676
Ireland,IRL,2006,54329.1618599624,232180617162.279,203609185934.329,47950.0,22070063905.1011,32.7,4.355,66.09
Ireland,IRL,2007,61396.417461176,270079279419.5,233496355355.794,50540.0,59934755383.4486,31.9,4.98,66.617
Ireland,IRL,2008,61353.1065629523,275447471451.063,238433636292.015,50940.0,23287686335.9747,30.9,6.774,65.94
Ireland,IRL,2009,52133.0909237885,236443117248.477,197524076527.478,46810.0,53974309647.0524,32.7,12.609,64.083
Ireland,IRL,2010,48679.4026820361,221985621537.5,186534181410.5,44980.0,37748455283.6937,32.3,14.534,62.598
Ireland,IRL,2011,52692.7813135606,241337364609.738,194723926224.465,42260.0,23699352432.596,32.9,15.354,61.928
Ireland,IRL,2012,49411.7387476787,227270922957.327,181973474361.183,40670.0,58090414122.9928,33.2,15.451,61.589
Ireland,IRL,2013,52619.2123745817,243301556084.989,201250103667.877,43430.0,72540330763.7405,33.5,13.735,61.905
Ireland,IRL,2014,57278.2590911107,266787238499.03,219734367164.689,46480.0,104903896347.793,31.9,11.858,61.705
Ireland,IRL,2015,64311.8234684057,302391428540.035,225197829191.13,50220.0,226022972770.416,31.8,9.908,61.779
Ireland,IRL,2016,64292.659966313,305733136180.907,243380813400.78,51810.0,79795011377.5093,32.8,8.374,62.119
Ireland,IRL,2017,72499.3268743015,348532394023.595,268367803612.568,53660.0,71124020351.9041,31.4,6.713,61.92
Ireland,IRL,2018,81248.3135388,395461216460.418,300093279897.474,59520.0,80581468516.7593,30.6,5.741,62.142
Ireland,IRL,2019,82508.4659883582,407124824064.995,309776780487.207,63590.0,31252184929.313,30.8,4.95,62.312
Ireland,IRL,2020,87567.1148972037,436555518400.451,324405107692.09,66310.0,35288206770.239,29.2,5.623,61.09
Ireland,IRL,2021,105561.137468992,531306516907.984,383333737150.831,76130.0,77722796051.0396,30.1,6.364,63.625
Ireland,IRL,2022,106194.755859223,548570250341.987,382869674217.081,78890.0,-35575910807.5926,,4.501,64.529
Ireland,IRL,2023,103887.800388081,551394889339.778,419845585586.835,78970.0,-139972323560.253,,4.288,65.131
Isle of Man,IMN,2000,21161.3963073772,1601050083.21985,1666787713.72371,22470.0,,,,
Isle of Man,IMN,2001,21819.7123825606,1668684324.16871,1741652511.87563,23100.0,,,,
Isle of Man,IMN,2002,24471.0798814847,1891002697.84173,1963523681.05516,24130.0,,,,
Isle of Man,IMN,2003,28861.6178062918,2252620408.16327,2340667755.10204,27590.0,,,,
Isle of Man,IMN,2004,35564.6023910146,2802206151.59282,2918009886.48847,33670.0,,,,
Isle of Man,IMN,2005,38135.8597885858,3032411026.94919,3152529645.56235,39430.0,,,,
Isle of Man,IMN,2006,42627.5089352891,3422733202.4501,3578576856.48415,44860.0,,,,
Isle of Man,IMN,2007,55040.2437046236,4466350655.89909,4369438463.93956,47950.0,,,,
Isle of Man,IMN,2008,72276.7741329461,5928791505.35144,4356926719.68469,43640.0,,,,
Isle of Man,IMN,2009,66156.105656847,5486921247.07323,3833228179.87939,46790.0,,,,
Isle of Man,IMN,2010,70587.3140283741,5920369789.50182,5981932355.65431,72410.0,,,,
Isle of Man,IMN,2011,77808.8579649376,6565667052.79737,6691838863.33377,74840.0,,,,
Isle of Man,IMN,2012,79329.2034347434,6690228371.66909,6817825532.70136,82400.0,,,,
Isle of Man,IMN,2013,83207.6588430451,7001175622.71266,7202019507.20772,87680.0,,,,
Isle of Man,IMN,2014,91885.4528718026,7708454412.32126,7655177463.6763,88570.0,,,,
Isle of Man,IMN,2015,84753.5187422732,7084800892.22284,6826496268.40019,83630.0,,,,
Isle of Man,IMN,2016,82025.9454509241,6846377563.00683,6105448845.17859,78690.0,,,,
Isle of Man,IMN,2017,83481.3038489014,6979788333.50279,6365336425.65996,77890.0,,,,
Isle of Man,IMN,2018,89393.8244248812,7491649455.92717,7111610978.58397,83430.0,,,,
Isle of Man,IMN,2019,87127.5517977404,7314967866.28289,6961139582.22977,84470.0,,,,
Isle of Man,IMN,2020,79513.5330346598,6684225641.02564,6534625641.02564,79280.0,,,,
Isle of Man,IMN,2021,94299.969348965,7931193222.06405,6828337218.81813,76440.0,,,,
Isle of Man,IMN,2022,,,,,,,,
Isle of Man,IMN,2023,,,,,,,,
Israel,ISR,2000,21660.840378309,136225025139.185,127972402325.068,19990.0,8047500000.0,,11.102,61.353
Israel,ISR,2001,20907.1143041538,134620909004.446,129183293863.091,19920.0,1771300000.0,38.9,11.812,61.334
Israel,ISR,2002,19034.3175740071,125055466461.227,120638938114.737,19130.0,1582500000.0,39.6,12.888,60.562
Israel,ISR,2003,19629.4145135202,131314894271.096,126723966535.649,19310.0,3322000000.0,40.7,13.505,60.879
Israel,ISR,2004,20546.2291718399,139899274431.058,135943294511.379,20670.0,2946900000.0,41.5,13.029,61.369
Israel,ISR,2005,21226.7213913393,147103301914.121,145866914009.403,22190.0,4818400000.0,42.3,11.342,61.799
Israel,ISR,2006,22502.0722209991,158722866825.261,158107266484.133,23040.0,14395500000.0,41.6,10.707,62.222
Israel,ISR,2007,25635.926838502,184068518293.128,183829772157.445,24720.0,8798100000.0,41.1,9.379,62.772
Israel,ISR,2008,30176.2865128483,220552442865.106,216340490802.676,26910.0,10274200000.0,41.6,7.704,62.811
Israel,ISR,2009,28381.6449423376,212453641380.363,207502022734.786,28000.0,4606900000.0,42.6,9.534,62.874
Israel,ISR,2010,31338.5568903917,238912622309.59,234571407404.436,30340.0,6984700000.0,42.6,8.48,63.257
Israel,ISR,2011,34433.822610733,267406179630.431,263882192674.99,32390.0,8653000000.0,41.4,7.139,63.036
Israel,ISR,2012,33236.5731239421,262917911696.944,256294768864.588,33090.0,9017300000.0,41.3,6.762,65.26
Israel,ISR,2013,36929.6042163752,297634145181.876,291688051032.678,35090.0,11842200000.0,39.9,6.137,65.111
Israel,ISR,2014,38230.4954049785,314090281098.682,312212949125.541,36660.0,6048900000.0,39.8,5.789,65.62
Israel,ISR,2015,36123.9907881129,302722655203.465,300150272715.578,36550.0,11336200000.0,39.7,5.176,65.55
Israel,ISR,2016,37556.6272863143,320958936788.842,318071673537.759,36830.0,11988000000.0,39.0,4.723,65.635
Israel,ISR,2017,40997.9110240274,357227098125.658,355438750393.854,38190.0,16892500000.0,38.2,4.14,65.491
Israel,ISR,2018,42233.2610344935,375149611117.199,374876745460.837,41550.0,21514500000.0,38.6,3.917,65.432
Israel,ISR,2019,44140.8289372511,399651065197.871,397736725276.623,43800.0,17362500000.0,38.3,3.731,64.996
Israel,ISR,2020,44679.7715799755,411728563086.632,407899013182.635,43130.0,20968700000.0,37.8,4.169,63.406
Israel,ISR,2021,52255.6159050999,489708278893.053,482170209223.983,49380.0,18949900000.0,37.9,4.812,63.319
Israel,ISR,2022,54930.7261602593,525000415276.678,520492108611.226,55120.0,23031200000.0,,3.695,64.738
Israel,ISR,2023,52642.4267486308,513611100815.691,506703670405.958,54650.0,15110600000.0,,3.596,64.945
Italy,ITA,2000,20190.0035636084,1149661363439.38,1142299340172.39,21920.0,13172981900.3999,35.2,10.834,47.818
Italy,ITA,2001,20571.4787737914,1172041488805.87,1164448341671.22,21190.0,14878086498.8458,,9.599,47.883
Italy,ITA,2002,22463.5222129968,1281746271196.04,1271074053343.3,20760.0,17239360004.8835,34.7,9.211,48.244
Italy,ITA,2003,27618.9417740066,1582930016538.82,1570015784573.64,23400.0,19572886733.5722,34.9,8.869,48.624
Italy,ITA,2004,31425.8208728669,1812808753294.75,1803554244449.46,28360.0,20100742901.8036,34.3,7.866,49.489
Italy,ITA,2005,32171.793374715,1864982261286.85,1861136280618.83,32470.0,36762073074.939,33.8,7.73,48.916
Italy,ITA,2006,33684.7200358552,1958563654385.64,1957286082582.7,34250.0,56995485107.0101,33.7,6.777,48.88
Italy,ITA,2007,38031.9709472716,2222524108127.65,2214810509531.73,35920.0,65975535145.4856,32.9,6.076,48.578
Italy,ITA,2008,41095.4063415012,2417508414187.19,2386641522088.98,37980.0,-9501579210.4657,33.8,6.723,48.921
Italy,ITA,2009,37388.4537139699,2209484319012.65,2198543924651.95,37970.0,16607196344.8457,33.8,7.749,48.283
Italy,ITA,2010,36184.7118698678,2144936254535.0,2131574091108.34,37910.0,9930501390.90892,34.7,8.363,47.994
Italy,ITA,2011,38851.3881339353,2306974020278.21,2289189703989.3,37930.0,34465481829.5317,35.1,8.359,47.882
Italy,ITA,2012,35235.7989058242,2097929495121.68,2084406708913.59,36170.0,34901033.014975,35.2,10.655,48.809
Italy,ITA,2013,35747.707952689,2153225581941.46,2138212137190.75,35550.0,19531411961.8185,34.9,12.149,48.494
Italy,ITA,2014,35750.7197500382,2173255507985.84,2162198263107.91,34920.0,17032744039.0433,34.7,12.683,48.732
Italy,ITA,2015,30387.1293187854,1845428048839.1,1823940445540.23,33030.0,13303439230.2377,35.4,11.896,48.621
Italy,ITA,2016,31126.3246947273,1887111188176.93,1882461088199.89,31960.0,25656663794.7916,35.2,11.688,49.164
Italy,ITA,2017,32554.14668453,1970720904584.71,1972735013154.24,31370.0,8737024578.66006,35.9,11.211,49.501
Italy,ITA,2018,34746.3441392416,2099435266458.67,2115040163160.31,33850.0,44249715319.1484,35.2,10.61,49.601
Italy,ITA,2019,33812.788724868,2019606796583.53,2027301728521.57,34890.0,35760550299.4853,34.6,9.951,49.586
Italy,ITA,2020,32091.4866621366,1907481094079.23,1921655176693.23,32430.0,-17050399620.8673,35.2,9.164,48.254
Italy,ITA,2021,36852.5425414951,2179207773596.09,2182382012040.27,36410.0,24902365870.5628,34.8,9.497,48.443
Italy,ITA,2022,35635.7442204098,2102995942720.44,2085487745453.12,38330.0,62728326243.5608,,8.069,49.034
Italy,ITA,2023,39003.3160954123,2300941152991.81,2250908366681.8,37920.0,42019753074.4717,,7.627,49.8
Jordan,JOR,2000,1570.61002940477,8460789844.8519,8561212976.02257,1590.0,913258110.014104,,13.7,39.4
Jordan,JOR,2001,1632.29454010563,8975814652.8196,9137454635.72469,1650.0,273628171.251894,,14.7,38.8
Jordan,JOR,2002,1706.26744384401,9582510578.27927,9651480959.09732,1680.0,238222874.679327,37.0,15.3,38.4
Jordan,JOR,2003,1775.67625581432,10195627644.5698,10325528913.9633,1800.0,546967559.943583,,14.5,37.4
Jordan,JOR,2004,1940.08641342805,11411706629.055,11685331452.7504,2050.0,936812411.847673,,14.628,37.849
Jordan,JOR,2005,2087.87079273635,12588998589.5628,12926093088.8575,2240.0,1984485190.40903,,14.8,38.3
Jordan,JOR,2006,2342.63459574933,15056981664.3159,15511142454.1608,2340.0,3544005641.74894,33.9,14.0,37.7
Jordan,JOR,2007,2506.20599484139,17110437235.543,17686177715.0917,2500.0,2622144778.84372,,13.1,39.8
Jordan,JOR,2008,3241.6524135556,22658715989.3302,23070317486.934,2910.0,2826744496.33301,32.6,12.7,39.5
Jordan,JOR,2009,3435.8337590698,24537876056.338,24913369014.0845,3270.0,2413098591.5493,,12.9,40.1
Jordan,JOR,2010,3718.46571622945,27133804225.3521,26919156338.0282,3510.0,1688394366.19718,33.7,12.5,39.5
Jordan,JOR,2011,3946.85503855525,29524149154.9296,29259642112.6761,3710.0,1486056338.02817,,12.9,39.0
Jordan,JOR,2012,4169.50470054618,31634561690.1408,31246533521.1268,3970.0,1548450704.22535,,12.2,38.0
Jordan,JOR,2013,4311.21916713038,34454440140.8451,34115848591.5493,4080.0,1946597204.0421,,12.6,37.1
Jordan,JOR,2014,4191.18050084986,36847643521.1268,36430961830.9859,3980.0,2178450704.22535,,11.9,36.4
Jordan,JOR,2015,4042.75678097555,38587017887.3239,38153862957.7465,3840.0,1600281690.14085,,13.075,37.659
Jordan,JOR,2016,3986.71677010853,39892551126.7606,39586916901.4085,3810.0,1552957746.47887,,15.275,38.935
Jordan,JOR,2017,4065.61628749384,41608435915.493,41401816901.4085,3920.0,2029718309.85915,,18.12,40.226
Jordan,JOR,2018,4145.43989673265,43370860704.2254,43171142394.3662,4090.0,954929577.464789,,18.257,39.176
Jordan,JOR,2019,4170.1144003465,44503006338.0282,44510471126.7606,4190.0,729718309.859155,,16.801,39.242
Jordan,JOR,2020,4022.0401356135,43700383098.5916,43576298591.5493,4070.0,760281690.140845,,19.213,39.947
Jordan,JOR,2021,4183.49998326866,46296100140.8451,46064410000.0,4240.0,621830985.915493,,19.837,38.67
Jordan,JOR,2022,4332.25159897931,48764963380.2817,48259188732.3944,4370.0,1251408450.70423,,18.2,38.555
Jordan,JOR,2023,4455.50540514568,50967475352.1127,50463109154.9296,4420.0,842816901.408451,,17.969,38.54
Kazakhstan,KAZ,2000,1180.0444563226,18291990662.0356,17152990926.4845,1220.0,1370521199.1464,,12.75,70.763
Kazakhstan,KAZ,2001,1422.27331810957,22152689179.8815,21058289426.1417,1290.0,2816823050.0,36.0,10.43,70.484
Kazakhstan,KAZ,2002,1573.55219932325,24636598527.4437,23651798315.1618,1450.0,2588491060.0,34.8,9.33,70.201
Kazakhstan,KAZ,2003,1958.02050246511,30833692900.1091,29229493253.7665,1720.0,2483253230.0,33.7,8.78,69.843
Kazakhstan,KAZ,2004,2722.47407755402,43151647002.6096,40430947002.6096,2180.0,5615262947.0,31.8,8.4,69.316
Kazakhstan,KAZ,2005,3577.35804001782,57123671733.8952,51568171733.8952,2780.0,2546065710.0,39.8,8.13,69.513
Kazakhstan,KAZ,2006,5030.13494711519,81003864630.018,71653766929.1251,3670.0,7611168450.0,30.2,7.79,69.765
Kazakhstan,KAZ,2007,6449.43931096532,104849915058.376,91904211572.0145,4740.0,11972842988.7618,30.1,7.26,70.131
Kazakhstan,KAZ,2008,8123.54705891736,133441648851.982,114066343535.03,5870.0,16818890680.0,28.5,6.63,70.646
Kazakhstan,KAZ,2009,6938.01175663001,115308686941.38,102891184164.86,6580.0,14275888207.0145,28.2,6.55,71.01
Kazakhstan,KAZ,2010,8793.07589980782,148047348240.643,128671748240.643,7210.0,7456117901.08145,28.0,5.77,71.387
Kazakhstan,KAZ,2011,11287.1464926039,192626464617.071,164881370862.216,8030.0,13760291528.5034,28.0,5.39,71.77
Kazakhstan,KAZ,2012,12018.7966527993,207998568865.789,179881468864.113,9640.0,13648134373.8439,28.2,5.29,72.099
Kazakhstan,KAZ,2013,13478.459627612,236634603409.089,211486897952.974,11490.0,10011293285.3074,27.1,5.2,72.39
Kazakhstan,KAZ,2014,12427.7094576939,221415613595.469,198714509414.101,11720.0,7308112644.25121,27.0,5.06,72.592
Kazakhstan,KAZ,2015,10196.1226255982,184388404706.042,172770506433.204,11040.0,6577824049.679,26.8,4.93,72.663
Kazakhstan,KAZ,2016,7475.56688689424,137278320084.171,123828020084.171,8500.0,17223789547.9215,27.2,4.96,72.667
Kazakhstan,KAZ,2017,8943.08416791984,166805788827.233,148657290109.179,7780.0,4757396810.52606,27.5,4.9,72.696
Kazakhstan,KAZ,2018,9472.48527327758,179339977690.485,157278679804.064,7790.0,353291554.55809,27.8,4.85,72.708
Kazakhstan,KAZ,2019,9457.12614657136,181667184854.501,158974562541.081,8500.0,3730856270.68398,28.0,4.8,72.714
Kazakhstan,KAZ,2020,8781.50797787648,171082365861.423,156009669230.591,8380.0,7205989084.29,28.7,4.89,71.216
Kazakhstan,KAZ,2021,9983.60103576902,197112255360.612,172923312214.507,8540.0,4566615415.49,29.2,5.546,71.918
Kazakhstan,KAZ,2022,11255.3396437881,225496328925.494,199981133856.769,9420.0,5077496659.11,,4.86,71.828
Kazakhstan,KAZ,2023,12918.8661346014,262641892078.524,236494030772.199,10730.0,5437312390.6917,,4.821,71.353
Kuwait,KWT,2000,19296.3471698729,37718743480.0751,44417966305.0282,18810.0,16299834.3665165,,0.8,65.932
Kuwait,KWT,2001,17374.2318664227,34889559869.8326,39790401784.2586,19550.0,-111516284.529561,,0.8,66.088
Kuwait,KWT,2002,18512.7523035862,38135788413.8276,41478839408.5169,19640.0,3619441.97735906,,1.1,66.499
Kuwait,KWT,2003,22690.655175144,47874582231.588,51233507375.5419,23150.0,-67111499.338334,,1.3,67.133
Kuwait,KWT,2004,27552.2827399787,59439090600.6108,65567356633.8649,29080.0,23752969.1211401,,1.7,67.927
Kuwait,KWT,2005,36122.6142741227,80798630136.9863,89654794520.548,35740.0,233904109.589041,,1.456,68.302
Kuwait,KWT,2006,42946.6374104066,101557330723.423,114725201257.168,42460.0,121305596.280329,,1.3,68.084
Kuwait,KWT,2007,45709.4132876371,114634043361.692,127029632600.787,47510.0,111535690.174729,,1.5,67.887
Kuwait,KWT,2008,55585.1889344442,147379737229.753,158122665793.742,51800.0,-5951752.85941426,,1.75,67.937
Kuwait,KWT,2009,37907.1001320042,105968691905.415,112897475545.98,45410.0,1113588046.64934,,1.64,68.218
Kuwait,KWT,2010,39212.2726673435,115416305425.424,124837146336.272,43190.0,1304627500.01185,,1.82,68.7
Kuwait,KWT,2011,49169.6063983139,154039231299.128,163069653850.474,44290.0,3259067552.4562,,2.053,69.701
Kuwait,KWT,2012,52155.2225460479,174047662555.419,183196516346.594,49860.0,2872588962.21562,,2.231,70.724
Kuwait,KWT,2013,49651.0439709448,174168116687.215,187422995955.414,53330.0,1433630444.12308,,2.471,71.329
Kuwait,KWT,2014,44368.781373043,162650450784.686,178291579838.843,51350.0,485806657.755081,,2.9,71.845
Kuwait,KWT,2015,29882.2126867068,114585555830.916,127279526145.746,41830.0,284647623.805362,,2.2,72.324
Kuwait,KWT,2016,27323.6890643847,109406674087.947,122185300046.006,34920.0,292026510.202096,,2.16,72.704
Kuwait,KWT,2017,29047.6535822842,120687539675.517,139464096588.1,30650.0,113012065.007347,,2.227,73.217
Kuwait,KWT,2018,32067.9623689512,138646316321.596,156983445241.041,32340.0,-21377568.8207292,,2.204,73.439
Kuwait,KWT,2019,31707.8737464917,140856394870.02,161059878933.509,35680.0,515617569.386937,,2.251,73.368
Kuwait,KWT,2020,25236.0755520534,111045470461.207,127412093261.493,33160.0,-558055522.567383,,3.557,68.715
Kuwait,KWT,2021,34043.542153557,148459291453.471,172593781562.64,36140.0,-272335307.098366,,3.002,70.168
Kuwait,KWT,2022,40077.238047746,183940215065.171,209941847718.232,39000.0,752255305.966946,,2.174,74.301
Kuwait,KWT,2023,33729.7985494456,163704878875.85,195985100891.899,41320.0,2114603344.83449,,2.127,74.07
Kyrgyz Republic,KGZ,2000,279.621767006739,1369688498.06778,1287688498.06778,280.0,-2360124.96095706,31.0,1.858,73.232
Kyrgyz Republic,KGZ,2001,308.411326685178,1525116370.27939,1466016371.3115,280.0,5006732.8770432,30.2,1.95,72.875
Kyrgyz Republic,KGZ,2002,321.726775366804,1605643104.73021,1547843103.87804,290.0,4661963.54471303,30.3,2.065,72.953
Kyrgyz Republic,KGZ,2003,380.505828812441,1919008090.49641,1857008090.49641,340.0,45544627.8,28.7,2.162,72.476
Kyrgyz Republic,KGZ,2004,433.233915720699,2211534585.0034,2109434585.0034,400.0,175458810.076826,34.8,2.259,72.022
Kyrgyz Republic,KGZ,2005,476.548239793618,2460246766.41401,2372146811.03772,450.0,42565248.3,32.6,2.362,72.127
Kyrgyz Republic,KGZ,2006,543.113512472219,2834168889.42019,2786068889.17114,500.0,182022902.5,37.4,2.48,71.968
Kyrgyz Republic,KGZ,2007,721.771646044636,3802570552.56105,3752070495.70915,610.0,207919477.6,33.9,2.577,71.395
Kyrgyz Republic,KGZ,2008,966.388569370494,5139958909.17936,4933258864.51447,760.0,376992152.1,31.5,2.642,70.85
Kyrgyz Republic,KGZ,2009,870.198894546917,4690061380.60253,4508661415.35911,860.0,189377400.0,29.9,2.744,70.727
Kyrgyz Republic,KGZ,2010,876.954476440354,4794361863.01353,4489261604.79334,850.0,472768300.0,30.1,2.887,70.852
Kyrgyz Republic,KGZ,2011,1117.40184423062,6197765984.28468,5538865998.78064,870.0,685760800.0,27.8,2.999,70.102
Kyrgyz Republic,KGZ,2012,1168.62244675446,6605142884.36215,6435842809.7884,1030.0,260927500.0,27.4,3.114,67.567
Kyrgyz Republic,KGZ,2013,1269.66303464348,7335033800.59056,6912033442.54566,1180.0,612016900.0,28.8,3.153,65.745
Kyrgyz Republic,KGZ,2014,1264.52679529608,7468102412.68237,7159302170.58326,1230.0,343010700.0,26.8,3.262,64.805
Kyrgyz Republic,KGZ,2015,1105.65202996955,6678177511.66313,6417477543.55163,1160.0,1144054000.0,29.0,3.338,65.198
Kyrgyz Republic,KGZ,2016,1103.27498361324,6813095379.1187,6455295204.83045,1090.0,619220700.0,26.8,3.474,64.855
Kyrgyz Republic,KGZ,2017,1221.39056490366,7702938379.42036,7331338207.04089,1090.0,-107212800.0,27.3,3.57,63.222
Kyrgyz Republic,KGZ,2018,1283.52040333083,8271106235.41552,8020105523.91389,1200.0,144222600.0,27.7,3.67,64.134
Kyrgyz Republic,KGZ,2019,1421.99927504102,9371275264.36735,8591968638.36629,1240.0,403865100.0,29.7,4.295,64.253
Kyrgyz Republic,KGZ,2020,1229.51775742135,8270468614.24051,8014044231.28542,1210.0,-401518600.0,29.0,4.63,64.743
Kyrgyz Republic,KGZ,2021,1349.99730650542,9249133946.26531,8626877845.0663,1270.0,226205400.0,28.8,4.096,64.956
Kyrgyz Republic,KGZ,2022,1739.72030814894,12134931017.9465,11864509827.1527,1540.0,54849000.0,26.4,4.043,65.392
Kyrgyz Republic,KGZ,2023,1970.15780961839,13987627908.8381,13793509245.9481,1760.0,1500000.0,,3.991,65.451
Latvia,LVA,2000,3278.17896440803,7761252607.18424,7949004634.99421,3320.0,324184857.470564,,14.211,56.151
Latvia,LVA,2001,3504.61829462397,8190888739.6463,8387665099.61943,3590.0,173500715.825042,,13.821,56.497
Latvia,LVA,2002,4003.60935783538,9249030241.01864,9573346975.89813,3980.0,160090702.160432,,13.829,57.761
Latvia,LVA,2003,4914.57992829302,11244337719.8377,11714710367.7284,4750.0,316652176.39383,,12.061,56.898
Latvia,LVA,2004,6109.73265186817,13827070378.5612,14137886041.3685,5860.0,591589970.743145,36.4,11.708,57.196
Latvia,LVA,2005,7283.78738127622,16306935905.4138,16827637834.4742,7420.0,809856372.419322,39.0,10.033,57.199
Latvia,LVA,2006,9211.7374468148,20434922247.3037,21030822673.6895,9080.0,1705667383.81543,35.6,7.03,58.948
Latvia,LVA,2007,13370.9789452508,29420499247.7089,30131969634.7969,11350.0,2713412662.12001,37.5,6.052,60.199
Latvia,LVA,2008,15677.6080864506,34135200994.0067,35399410904.8385,13490.0,1434273758.18366,37.2,7.739,61.513
Latvia,LVA,2009,11996.0322729773,25691530442.035,28250467055.8799,13700.0,-150022148.439267,35.9,17.515,60.074
Latvia,LVA,2010,11188.4191700977,23468324572.3343,24196595119.0757,12510.0,474983591.197692,35.0,19.482,58.818
Latvia,LVA,2011,12902.574053337,26575547900.8247,27444998699.8034,12890.0,1519518896.45562,35.8,16.206,58.497
Latvia,LVA,2012,13329.3499931271,27116149948.6683,27972506725.584,13950.0,1080778947.54652,35.2,15.047,59.677
Latvia,LVA,2013,14484.4715282132,29152128167.8438,30136848287.9397,14860.0,989283879.359479,35.5,11.867,59.311
Latvia,LVA,2014,15185.814581236,30277203767.4058,31426977355.7034,15350.0,1045107101.1976,35.1,10.846,59.234
Latvia,LVA,2015,13321.9753140616,26344565876.8902,27135722905.2695,15090.0,812843819.517909,34.2,9.873,60.036
Latvia,LVA,2016,13838.5266823272,27117105059.5075,28043520978.3806,14810.0,335420977.516689,34.3,9.643,60.348
Latvia,LVA,2017,15132.4958333982,29391059767.4259,30407324342.8224,14900.0,1189985285.1542,35.6,8.715,60.786
Latvia,LVA,2018,17252.1710428626,33247935477.3576,33883344508.4941,16590.0,439128427.014648,35.1,7.412,61.339
Latvia,LVA,2019,17294.9751600969,33099503950.847,33726980608.3372,17580.0,1115785160.98483,34.5,6.312,61.087
Latvia,LVA,2020,17564.2321549354,33379927434.6149,34385289591.9083,17860.0,939356413.88956,35.7,8.098,61.566
Latvia,LVA,2021,20262.8433862451,38185125732.9451,38710728430.3017,19950.0,3734085089.75474,34.3,7.513,60.076
Latvia,LVA,2022,20229.4613617326,38018905782.397,40324774809.7044,22260.0,1217386449.16126,,6.815,60.935
Latvia,LVA,2023,22502.8429938094,42247850064.5125,43719961550.3251,22630.0,1689068343.71427,,6.465,60.985
Lebanon,LBN,2000,3986.83513941026,17260364842.4544,17581364842.4544,4090.0,137924000.0,,8.603,44.084
Lebanon,LBN,2001,4009.55929751102,17649751243.7811,17575751243.7811,4040.0,3879000.0,,8.464,44.083
Lebanon,LBN,2002,4290.85283803266,19152238805.9701,18281858805.9701,3940.0,1335970000.0,,8.229,44.088
Lebanon,LBN,2003,4437.71588507526,20082918739.6352,16761628739.6352,3670.0,2860020313.18819,,8.05,44.105
Lebanon,LBN,2004,4600.68371412993,21159827992.0398,20345357992.0398,4700.0,1898780570.45821,,7.85,44.02
Lebanon,LBN,2005,4602.19804637945,21497336498.8391,21299316498.8391,4910.0,2623502612.40255,,8.247,43.813
Lebanon,LBN,2006,4635.2514117486,22022709851.4096,22173609851.4096,4870.0,2674534372.19901,,8.671,43.606
Lebanon,LBN,2007,5125.25809960149,24827355014.9254,25572375014.9254,5320.0,3375980757.8597,,8.98,43.4
Lebanon,LBN,2008,5912.04532820842,29118916105.4726,29551796105.4726,5860.0,4333045470.38383,,7.666,43.854
Lebanon,LBN,2009,7090.85493856621,35399582928.6899,35179772928.6899,6620.0,4803602660.45614,,6.355,44.308
Lebanon,LBN,2010,7625.81051551165,38443907042.1227,37934237042.1227,7340.0,4279880834.52716,,6.775,44.764
Lebanon,LBN,2011,7834.96257108993,39927125961.5257,39687755961.5257,7720.0,3137050288.4,31.8,7.349,45.22
Lebanon,LBN,2012,8406.98405608118,44016799515.7546,43812619515.7546,8000.0,3111315000.1,,7.937,45.677
Lebanon,LBN,2013,8162.37929361396,46880103080.597,46661653080.597,7880.0,2661087127.6,,8.458,46.135
Lebanon,LBN,2014,7577.6413302369,48095213746.6003,47517903746.6003,7440.0,2862509426.6,,8.833,46.594
Lebanon,LBN,2015,7714.1099998804,49929337836.8159,49420827836.8159,7360.0,2159289951.7,,9.306,47.053
Lebanon,LBN,2016,8089.012088155,51147308774.1294,50329518774.1294,7670.0,2568485071.1,,9.786,47.513
Lebanon,LBN,2017,8608.21084982387,53027680685.9038,52818460685.9038,8260.0,2522409653.4,,10.251,47.973
Lebanon,LBN,2018,9174.53666204759,54901519155.5556,53788969155.5556,8700.0,2658003844.61444,,10.745,48.433
Lebanon,LBN,2019,8905.88005497437,51605959131.2741,50358759131.2741,8630.0,1906392482.4039,,11.301,48.894
Lebanon,LBN,2020,5561.19166950397,31712128253.7961,30697478253.7961,6350.0,1606894721.93483,,13.284,45.219
Lebanon,LBN,2021,4045.37391066234,23131941556.7843,21239241556.7843,4770.0,599788270.817044,,12.669,45.813
Lebanon,LBN,2022,3654.35845534878,20992421948.8081,20158671948.8081,4170.0,526838753.906365,,11.6,45.828
Lebanon,LBN,2023,,,,,655437382.076387,,11.543,45.827
Liechtenstein,LIE,2000,76087.911114202,2483889858.32312,2434743786.1305,80170.0,19854574737.6898,,,
Liechtenstein,LIE,2001,75067.8001680043,2491800558.77674,2241032462.97289,68970.0,9389136115.5717,,,
Liechtenstein,LIE,2002,79795.1785891101,2688618747.38148,2372888098.15431,65420.0,6864257254.8617,,,
Liechtenstein,LIE,2003,90108.3673647008,3070803051.42164,2627332545.70041,68640.0,17305461701.2587,,,
Liechtenstein,LIE,2004,100280.831356705,3454373797.74442,2858151534.06203,78690.0,1845838359.4692,,,
Liechtenstein,LIE,2005,105295.057027611,3659319116.88057,3126141905.92984,92620.0,-266949356.7195,,,
Liechtenstein,LIE,2006,114167.939211301,4000102086.14635,3506738881.98124,103870.0,44598433611.9441,,,
Liechtenstein,LIE,2007,130492.595349517,4601429897.21468,4120576557.4833,112050.0,33538242375.2676,,,
Liechtenstein,LIE,2008,143249.227302093,5081479840.08716,4569703348.75218,121890.0,16214866193.267,,,
Liechtenstein,LIE,2009,126024.714567466,4504375348.07038,3869164134.82799,116380.0,29934896948.2693,,,
Liechtenstein,LIE,2010,141089.812849014,5082337238.44718,4285908797.1495,,29875940865.4872,,,
Liechtenstein,LIE,2011,158066.369379163,5739706004.89616,4532105463.48033,,26414902947.0333,,,
Liechtenstein,LIE,2012,148842.035144342,5456102482.28614,3807892637.60499,,29482974346.8535,,,
Liechtenstein,LIE,2013,172823.607794648,6391708310.67727,5110561611.55848,,1154916692.2121,,,
Liechtenstein,LIE,2014,178735.153020908,6657526979.72277,5374223244.85811,,9340073894.6221,,,
Liechtenstein,LIE,2015,167187.15730982,6268515276.17441,5162508403.6364,,80400430107.7698,,,
Liechtenstein,LIE,2016,165375.491396259,6237302033.50132,5985930500.89609,,60669833862.7331,,,
Liechtenstein,LIE,2017,170547.092298954,6474308717.85289,6748709241.06218,,38999586460.5875,,,
Liechtenstein,LIE,2018,174988.775083446,6692620691.84146,6917596481.37865,,-87212093508.4059,,,
Liechtenstein,LIE,2019,166907.839305016,6436467007.11932,6269829689.81912,,,,,
Liechtenstein,LIE,2020,164671.093553454,6405870210.32293,6866331075.94249,,,,,
Liechtenstein,LIE,2021,196783.729414593,7710380085.92257,7098789073.87021,,,,,
Liechtenstein,LIE,2022,186400.23376784,7361504432.19331,,,,,,
Liechtenstein,LIE,2023,,,,,,,,
Lithuania,LTU,2000,3300.63634928559,11550695727.2335,11317713422.5291,3210.0,380272500.0,,15.931,60.184
Lithuania,LTU,2001,3532.52787363242,12260761329.3051,12072044022.4428,3450.0,442400000.0,,16.84,58.784
Lithuania,LTU,2002,4148.13091485015,14282292664.6004,14108872921.9498,3820.0,660790497.921648,,13.008,58.023
Lithuania,LTU,2003,5507.47434187652,18809197969.5431,18315975183.3051,4700.0,217398839.893754,,12.874,59.974
Lithuania,LTU,2004,6734.57487061946,22743164431.1972,22097516145.0571,5990.0,879540745.774168,37.0,10.684,57.008
Lithuania,LTU,2005,7857.03148786492,26105207115.3129,25663070033.5863,7580.0,1292550783.57242,35.3,8.325,56.157
Lithuania,LTU,2006,9210.10118229413,30116192746.8942,29573019199.3977,8830.0,2259381844.95682,34.4,5.78,55.137
Lithuania,LTU,2007,12295.1212779366,39729151614.6689,38144798850.5747,10580.0,2601486958.03571,34.8,4.25,55.423
Lithuania,LTU,2008,14955.5345462921,47831254207.5223,46287801843.9924,12660.0,1727292156.14544,35.7,5.826,55.787
Lithuania,LTU,2009,11854.3711053096,37494380038.9213,38232906588.824,12440.0,-360197700.774579,37.2,13.785,56.536
Lithuania,LTU,2010,11829.122609457,36638128534.0643,36887284560.476,12600.0,1102696146.69552,33.6,17.814,56.629
Lithuania,LTU,2011,14261.8433787325,43186501862.7907,42261715400.6605,13310.0,1880811089.20548,32.5,15.39,57.404
Lithuania,LTU,2012,14294.7178607152,42709372066.8627,41584616578.1745,14110.0,677182759.667044,35.1,13.365,57.746
Lithuania,LTU,2013,15655.3513307327,46303660422.0434,45495776757.2547,15390.0,768657971.982437,35.3,11.77,57.991
Lithuania,LTU,2014,16473.5678231709,48306546656.9281,47960568992.3636,16120.0,357323216.168925,37.7,10.698,58.935
Lithuania,LTU,2015,14300.2553666736,41540954817.2039,39940688841.875,15200.0,1036954105.5948,37.4,9.12,59.15
Lithuania,LTU,2016,14981.6208126311,42970749245.0336,41513241212.6196,14950.0,1177533775.88122,38.4,7.862,60.305
Lithuania,LTU,2017,16884.7100319318,47756764508.446,46031954861.7177,15330.0,1383731106.4056,37.3,7.073,60.612
Lithuania,LTU,2018,19368.5391045353,54261795148.5372,52084496480.7654,17470.0,1299841764.37371,35.7,6.147,61.544
Lithuania,LTU,2019,19727.7607453736,55122066225.796,52901803474.7058,19130.0,3434299309.82763,35.3,6.255,62.069
Lithuania,LTU,2020,20541.824988603,57412038533.2718,55325495240.9729,19710.0,4560496002.83869,36.0,8.487,62.658
Lithuania,LTU,2021,23934.728489916,67037321008.9679,64252038543.154,21910.0,2507626415.82615,36.7,7.112,62.301
Lithuania,LTU,2022,25085.784063499,71033884499.7824,68451885058.5839,23970.0,2419329634.05406,,5.955,62.747
Lithuania,LTU,2023,27786.0057829276,79789877416.1681,76751468656.0277,25080.0,3831114463.91848,,6.841,62.886
Luxembourg,LUX,2000,48659.5988753233,21230182989.3036,18782499824.5083,45690.0,,30.1,2.345,53.485
Luxembourg,LUX,2001,48440.1420151355,21387533703.2327,19049517003.537,45000.0,,30.9,1.805,53.383
Luxembourg,LUX,2002,53005.7339209179,23649833332.1655,19950388654.4585,42520.0,10217474790.0,31.0,2.621,54.366
Luxembourg,LUX,2003,65689.3214536911,29667268248.1305,24019997499.0239,46050.0,850695760.0,30.2,3.675,53.639
Luxembourg,LUX,2004,76544.9170868473,35064843792.8993,31641464154.2109,62680.0,6773195000.0,30.2,5.113,54.645
Luxembourg,LUX,2005,80988.1376230858,37672280120.4794,34309510334.705,73180.0,8211019210.0,30.8,4.488,55.407
Luxembourg,LUX,2006,90788.8004876145,42910146296.0646,34360473818.5341,71370.0,10035030500.0,30.9,4.731,55.45
Luxembourg,LUX,2007,107475.320297978,51587401415.7872,43858974247.4813,85730.0,71293665030.0,31.1,4.065,55.519
Luxembourg,LUX,2008,120422.137934157,58844277701.5258,46059035709.8133,86000.0,11506157400.0,32.6,5.06,55.587
Luxembourg,LUX,2009,109419.746953106,54467289897.5582,34736149608.2226,70650.0,8268305730.0,31.2,5.194,57.457
Luxembourg,LUX,2010,110885.991378721,56213985987.4168,38203044611.6667,77640.0,23252717390.0,30.5,4.423,57.054
Luxembourg,LUX,2011,119025.057203467,61696281326.2453,42768242732.4904,79210.0,10715798180.0,32.1,5.122,56.887
Luxembourg,LUX,2012,112584.676270958,59776383527.3602,45915520597.7344,87950.0,-13397250910.0,34.3,5.03,58.202
Luxembourg,LUX,2013,120000.140729859,65203276466.9763,46779637636.2746,85160.0,46620625540.0,32.0,6.045,58.529
Luxembourg,LUX,2014,123678.702143275,68804811897.6445,49979926556.9018,86760.0,43420615630.0,31.2,6.044,58.978
Luxembourg,LUX,2015,105462.012584423,60071584216.1375,38657980989.0234,73530.0,31919449680.0,32.9,6.796,59.869
Luxembourg,LUX,2016,106899.293549552,62216885435.9488,41225831605.5643,73730.0,-1240840360.0,31.7,6.669,59.209
Luxembourg,LUX,2017,110193.213797228,65712180342.9836,47031112675.0589,75800.0,15019035030.0,34.5,5.523,58.835
Luxembourg,LUX,2018,116786.511654677,71000359760.4611,50751283867.9215,79770.0,21857123290.0,35.4,5.589,59.371
Luxembourg,LUX,2019,112726.439672814,69890505323.5842,47877349992.9411,79180.0,176767314920.0,34.2,5.592,60.102
Luxembourg,LUX,2020,116905.370396853,73699366700.2134,51783516552.218,80980.0,148011549890.0,33.4,6.766,60.103
Luxembourg,LUX,2021,133711.794435985,85584105993.8746,58630447829.0688,87610.0,52174231870.0,32.7,5.571,61.482
Luxembourg,LUX,2022,125006.021815486,81641807865.7591,54993885553.5022,89200.0,-294198545950.0,,4.588,60.942
Luxembourg,LUX,2023,128678.189942826,85755006123.5976,55813004025.6441,83980.0,-23678690370.0,,5.184,61.524
Malta,MLT,2000,10348.4865480967,4036810072.08739,3927819318.40816,11480.0,743185324.698102,,6.324,49.671
Malta,MLT,2001,10357.7040358668,4070867701.80867,4134573148.47697,11030.0,416889166.287732,,7.107,50.199
Malta,MLT,2002,11251.2060862043,4455128822.74822,4529633551.9214,10770.0,-497796507.906789,,6.902,50.008
Malta,MLT,2003,13593.974199672,5418313424.45366,5446544532.72237,12210.0,911474591.335865,,7.488,49.724
Malta,MLT,2004,15212.1267402818,6104139672.8194,6136392414.20062,14200.0,7469040204.51317,,7.317,48.293
Malta,MLT,2005,15831.3440511034,6393234993.5333,6116900725.01617,15380.0,21801420447.3894,,6.923,48.686
Malta,MLT,2006,16653.607176998,6749840217.6947,6498823967.32489,16330.0,25035392674.1694,28.0,6.798,48.819
Malta,MLT,2007,19444.1875016088,7908417717.40432,7704517675.31779,17990.0,35591477412.0334,29.2,6.472,49.561
Malta,MLT,2008,22315.3198630182,9135423330.20251,8905966808.05377,20290.0,14837770104.3279,29.0,5.977,49.688
Malta,MLT,2009,21176.3112406361,8734741331.60386,8148917034.87687,20050.0,1444871046.00599,30.2,6.889,49.803
Malta,MLT,2010,21946.6069676515,9097044160.9473,8562471289.61738,21390.0,9244998119.92181,29.0,6.847,50.412
Malta,MLT,2011,23516.9691249323,9789361703.69731,9386251622.32362,22030.0,7806911229.55313,29.1,6.378,51.155
Malta,MLT,2012,22878.313086001,9609532088.88683,9144219499.75461,22450.0,3323599814.67226,29.4,6.197,52.326
Malta,MLT,2013,25346.5236450477,10796782637.51,9984792825.50518,23270.0,510057778.082709,28.8,6.106,53.733
Malta,MLT,2014,27356.6080303021,11888032872.432,11000384403.131,24530.0,155878728.130938,29.0,5.725,54.743
Malta,MLT,2015,25481.8977555627,11340795041.8065,10554342526.7615,25420.0,3640705146.70853,29.4,5.389,55.634
Malta,MLT,2016,26409.6285858968,12025782834.3596,10688627580.054,23780.0,2776034107.56,29.1,4.687,56.195
Malta,MLT,2017,30259.3952629768,14161366723.6779,13113525048.4068,26640.0,42459309426.166,29.2,4.002,57.309
Malta,MLT,2018,33332.1905601302,16153779511.1559,14669786905.1092,28990.0,73050789630.2723,28.7,3.658,59.443
Malta,MLT,2019,32412.2697818499,16337793530.7788,14798835701.3958,29820.0,32381439863.0004,31.0,3.616,60.842
Malta,MLT,2020,31796.8213417258,16385919535.6742,14532952942.6412,28110.0,31484121888.7382,31.4,4.347,61.889
Malta,MLT,2021,38027.3801730893,19718565605.433,17295453183.5826,32630.0,85551145633.207,,3.394,62.768
Malta,MLT,2022,36142.2058531852,19209979975.2323,16534181877.2483,33310.0,24257553510.7974,,2.921,63.696
Malta,MLT,2023,40395.7692064458,22328640241.5553,19351359464.3398,34750.0,25147936924.7083,,3.11,63.618
Moldova,MDA,2000,440.538683980372,1288429391.79951,1352310309.3281,490.0,127540000.0,36.4,8.539,59.912
Moldova,MDA,2001,507.404076252819,1480673594.05602,1591983554.57456,500.0,103440000.0,38.0,7.366,57.946
Moldova,MDA,2002,570.799866188293,1661818168.4226,1827506004.56789,590.0,84050000.0,35.8,6.845,57.225
Moldova,MDA,2003,682.319095965299,1980907434.76826,2211747378.53772,710.0,73750000.0,34.9,6.378,57.248
Moldova,MDA,2004,897.178494749468,2598249555.89984,2953679177.17771,910.0,151010000.0,35.0,6.374,55.113
Moldova,MDA,2005,1034.39197746993,2988342907.03096,3392185084.87356,1120.0,190700000.0,36.3,5.633,54.815
Moldova,MDA,2006,1183.02481442894,3408255450.5509,3809739169.53226,1280.0,258680000.0,35.4,4.2,58.093
Moldova,MDA,2007,1531.21618590748,4401173151.93767,4811362819.18905,1440.0,536020000.0,34.4,2.723,58.846
Moldova,MDA,2008,2110.55305353857,6054824248.24221,6649080392.65423,1870.0,726610000.0,34.7,2.073,59.587
Moldova,MDA,2009,1898.43975710988,5439434271.78807,5745818449.40063,1950.0,263960000.0,32.9,2.987,60.685
Moldova,MDA,2010,2436.79935102421,6974982369.60155,7480581273.20622,2380.0,297050000.0,32.1,2.937,63.371
Moldova,MDA,2011,2941.36224066021,8414352020.49442,8991792743.46916,2730.0,372880000.0,30.6,2.648,64.395
Moldova,MDA,2012,3044.8084324815,8709138634.82921,9519279677.54776,3140.0,251200000.0,29.2,2.151,64.787
Moldova,MDA,2013,3321.04397795719,9496717875.51932,10391128071.4427,3620.0,241880000.0,28.5,1.873,65.249
Moldova,MDA,2014,3289.95758568777,9402090137.7423,10224420143.5917,3730.0,345900000.0,26.8,1.425,69.265
Moldova,MDA,2015,2749.55137054338,7797667196.73087,8247147199.75981,3290.0,225870000.0,27.0,1.742,70.215
Moldova,MDA,2016,2847.08794770479,7980917075.7748,8426887067.08369,3170.0,87440000.0,26.3,1.557,69.907
Moldova,MDA,2017,3453.26727720294,9514404016.20949,10070244015.4311,3300.0,149520000.0,25.9,1.586,68.331
Moldova,MDA,2018,4156.44981956646,11252353420.8798,11788143412.4832,3850.0,309640000.0,25.7,1.196,67.053
Moldova,MDA,2019,4405.33418162155,11736797054.6965,12351757049.22,4490.0,521370000.0,26.0,1.466,69.332
Moldova,MDA,2020,4375.7788930524,11530746234.4492,11920936240.3002,4360.0,155720000.0,,1.186,69.68
Moldova,MDA,2021,5274.60582195352,13691869264.0794,13958389264.1744,5270.0,386120000.0,25.7,0.785,72.51
Moldova,MDA,2022,5738.42473515618,14510490660.2516,14570210660.9501,5520.0,586020000.0,,0.897,72.531
Moldova,MDA,2023,6729.41286813969,16539436547.295,16806186549.4146,6200.0,357200000.0,,1.555,70.654
Monaco,MCO,2000,81789.0206522549,2654462665.26893,,,,,,
Monaco,MCO,2001,82402.7809570189,2673723033.71239,,,,,,
Monaco,MCO,2002,90051.4459877468,2919647981.81473,,,,,,
Monaco,MCO,2003,111110.451312249,3597089750.78276,,,,,,
Monaco,MCO,2004,125160.228087598,4043551488.82603,,,,,,
Monaco,MCO,2005,130538.742587117,4204652898.73103,,,,,,
Monaco,MCO,2006,143083.461107202,4586826512.71356,,,,,,
Monaco,MCO,2007,184558.556593338,5875790766.2621,,,,,,
Monaco,MCO,2008,204263.797114294,6502942244.93068,,,,,,
Monaco,MCO,2009,169150.267344616,5474379252.34114,,,,,,
Monaco,MCO,2010,161853.920622244,5367561569.59548,,,,,,
Monaco,MCO,2011,179363.984221513,6088689808.38347,,,,,,
Monaco,MCO,2012,165444.651378771,5742749294.00852,,,,,,
Monaco,MCO,2013,184940.663804718,6555591709.88585,,,,,,
Monaco,MCO,2014,195693.570738894,7070017323.65476,,,,,,
Monaco,MCO,2015,170437.101188261,6264756528.37691,,,,,,
Monaco,MCO,2016,173604.753555915,6471290793.55029,,,,,,
Monaco,MCO,2017,170663.375247872,6430254652.58934,,,,,,
Monaco,MCO,2018,188298.315668437,7184333936.01355,,,,,,
Monaco,MCO,2019,193746.785647412,7383496254.23721,,,,,,
Monaco,MCO,2020,176891.886538492,6730736282.78961,,,,,,
Monaco,MCO,2021,223823.363960226,8623242743.29564,,,,,,
Monaco,MCO,2022,226052.001905201,8800430486.17137,,,,,,
Monaco,MCO,2023,256580.515122745,9995350547.12166,,,,,,
Montenegro,MNE,2000,1627.06511911987,984293043.811565,1034061909.75381,1510.0,,,30.609,48.964
Montenegro,MNE,2001,1909.59870186179,1159869245.92513,1217862708.22139,1710.0,,,30.741,48.856
Montenegro,MNE,2002,2106.6350684523,1284685050.52413,1356512418.54755,1970.0,,,30.423,48.677
Montenegro,MNE,2003,2789.15906483509,1707710053.14938,1807140110.82212,2440.0,,,30.458,48.456
Montenegro,MNE,2004,3380.16512135859,2073234417.68066,2180314129.62503,3100.0,,,30.37,48.272
Montenegro,MNE,2005,3674.6179242797,2257174480.78597,2282062056.95809,3660.0,,,30.31,48.163
Montenegro,MNE,2006,4425.67887307803,2721903148.91482,2767363567.93376,4320.0,,,24.79,48.112
Montenegro,MNE,2007,5976.39414454596,3680711743.77224,3723496304.40734,5120.0,937357714.730126,,19.4,48.165
Montenegro,MNE,2008,7367.75190910882,4545674527.61096,4612753771.78849,6470.0,975271781.796618,,17.15,48.279
Montenegro,MNE,2009,6727.10776676969,4159330369.5471,4166797860.51681,6740.0,1550285725.39206,,19.09,48.221
Montenegro,MNE,2010,6688.40259641346,4142983843.4912,4114165282.39753,6920.0,758254398.556855,,19.649,48.247
Montenegro,MNE,2011,7328.78943085498,4544428421.49513,4580993271.28926,7260.0,556662007.527147,,19.759,48.268
Montenegro,MNE,2012,6586.39970256684,4087526241.81268,4156682443.874,7000.0,618126498.733883,41.2,19.808,49.437
Montenegro,MNE,2013,7188.86361611271,4465772400.37453,4552823114.57012,7330.0,446456998.007452,39.0,19.585,49.42
Montenegro,MNE,2014,7387.87296917548,4593853290.963,4654833219.9679,7320.0,496993506.510357,38.8,18.054,51.638
Montenegro,MNE,2015,6517.19267514764,4054730077.57718,4143543186.70004,7260.0,699855695.331558,39.0,17.555,52.374
Montenegro,MNE,2016,7033.43962398373,4376930578.32395,4415192363.25036,7090.0,226702405.905001,38.5,17.732,52.747
Montenegro,MNE,2017,7803.35824465203,4856599480.79882,4956345528.61142,7410.0,560665419.031982,36.9,16.082,52.64
Montenegro,MNE,2018,8850.3749248372,5506942238.35668,5571825861.24026,8450.0,485653127.823429,36.8,15.19,53.566
Montenegro,MNE,2019,8909.6538759126,5542054181.12616,5604334042.31501,9140.0,417589860.078767,35.7,15.128,54.558
Montenegro,MNE,2020,7677.37132106817,4769996866.00758,4845904669.64871,7900.0,530903011.481089,35.4,17.878,50.373
Montenegro,MNE,2021,9465.96153027794,5861427505.12493,5982455401.55457,9370.0,693740795.71383,34.3,16.543,48.102
Montenegro,MNE,2022,10093.4387007266,6229801580.79157,6353915382.64158,10480.0,872558550.293815,,14.851,48.355
Montenegro,MNE,2023,12221.4775546967,7530593375.22034,7604564025.47826,11590.0,525868956.944273,,14.621,48.275
Netherlands,NLD,2000,26225.1697734149,417649282153.726,414982812724.707,28190.0,63109732334.5288,,2.725,67.952
Netherlands,NLD,2001,26955.7128032278,432536219668.898,420497167559.449,26820.0,51998915897.6429,,2.119,68.099
Netherlands,NLD,2002,29446.5330872868,475529972122.746,460469819396.864,26360.0,25485041348.333,,2.554,68.043
Netherlands,NLD,2003,35896.7504630706,582435617081.96,572352453346.273,30260.0,20456442247.9523,,3.593,67.871
Netherlands,NLD,2004,40611.3414353091,661224886143.245,648599277629.731,36610.0,139920688181.89,29.8,4.646,67.62
Netherlands,NLD,2005,42165.396168388,688133699635.797,673518127115.953,41970.0,209888825342.073,29.0,5.872,67.377
Netherlands,NLD,2006,45123.5432406426,737593995289.411,728716911607.058,45270.0,375506013118.293,30.0,5.007,67.323
Netherlands,NLD,2007,52100.7996285947,853499460872.552,839080661421.964,48620.0,733826501994.516,29.6,4.153,67.29
Netherlands,NLD,2008,58246.7026905874,957901566041.406,905850059246.875,51640.0,195530109750.281,29.3,3.658,67.261
Netherlands,NLD,2009,53172.0261581418,878954223140.234,838545981596.093,52220.0,203201497699.409,27.9,4.352,66.951
Netherlands,NLD,2010,51305.7338533973,852464982433.335,839862719800.002,53470.0,53285507515.4429,27.8,4.991,66.62
Netherlands,NLD,2011,54701.7728030611,913140741332.687,902234771926.072,53680.0,354419922371.847,27.8,4.977,66.48
Netherlands,NLD,2012,50473.9442002689,845689017065.625,829582906275.0,51530.0,259630856743.912,27.6,5.821,66.84
Netherlands,NLD,2013,52602.2860520766,883951539006.669,870916060451.767,51960.0,310545144479.816,28.1,7.241,66.761
Netherlands,NLD,2014,53457.2234864322,901556501756.467,883166065399.213,51600.0,143075412409.174,28.6,7.419,66.166
Netherlands,NLD,2015,45793.8135434697,775743675302.734,757772895013.281,49250.0,376243899818.588,28.2,6.872,66.442
Netherlands,NLD,2016,46808.5291492503,797163949289.885,765032765730.352,46430.0,275561931218.43,28.2,6.007,66.243
Netherlands,NLD,2017,49513.6817346384,848233537845.884,824285426585.884,46200.0,199506158819.428,28.5,4.837,66.073
Netherlands,NLD,2018,53955.0770024266,929733599796.862,910598593874.509,50480.0,-286149009225.351,28.1,3.832,66.311
Netherlands,NLD,2019,53554.9007491475,928903005576.469,891679358650.979,51920.0,-127018529907.983,29.2,3.379,66.618
Netherlands,NLD,2020,53467.9277413737,932560861701.17,880056390964.983,50030.0,-221105619976.868,26.0,3.82,66.442
Netherlands,NLD,2021,60141.9880911492,1054472123449.6,1046137352484.48,58150.0,-115499072847.913,25.7,4.209,66.427
Netherlands,NLD,2022,59123.318556487,1046540797548.64,999999206889.109,60030.0,15562510629.6689,,3.526,67.105
Netherlands,NLD,2023,64572.0059558854,1154361305398.06,1144673458276.42,62540.0,-309007494869.332,,3.537,67.574
North Macedonia,MKD,2000,1861.89899780644,3772859034.20508,3702842458.39474,1920.0,217507099.15808,,32.2,52.742
North Macedonia,MKD,2001,1823.02267682636,3709636030.66578,3682391721.29725,1820.0,469570706.3984,,30.52,52.908
North Macedonia,MKD,2002,1989.13537265159,4018365747.00972,3972614178.76844,1850.0,114193471.4194,,31.94,53.026
North Macedonia,MKD,2003,2445.36286400013,4946296599.08467,4886356945.98704,2120.0,119041753.232,,36.69,53.483
North Macedonia,MKD,2004,2818.5814561242,5682784471.69722,5647495132.20348,2610.0,309137638.54,,37.161,53.365
North Macedonia,MKD,2005,3120.98401394233,6258602872.67898,6149437258.98083,3070.0,145329601.532,,37.32,53.274
North Macedonia,MKD,2006,3440.4411057968,6861226971.55617,6833763578.68353,3430.0,427444589.2688,,36.392,53.25
North Macedonia,MKD,2007,4204.11328760452,8336474973.72949,7947222258.92406,3730.0,733466879.0,,35.231,54.281
North Macedonia,MKD,2008,5026.4202989873,9909552434.51136,9789799366.25583,4540.0,611688378.605769,,33.93,54.701
North Macedonia,MKD,2009,4799.78722768888,9401736825.42688,9334914966.52821,4860.0,259530321.486,42.8,32.351,54.701
North Macedonia,MKD,2010,4833.36586759968,9407170321.37752,9276086270.28465,5010.0,301441681.708,40.1,33.135,53.189
North Macedonia,MKD,2011,5416.86672931659,10494626767.6445,10307350188.4715,5140.0,507920732.789,39.4,31.502,54.525
North Macedonia,MKD,2012,5049.8265386157,9745261300.57788,9534185814.44031,5090.0,337911248.192572,38.1,31.096,54.271
North Macedonia,MKD,2013,5626.26115664893,10817702346.0674,10561387533.2571,5400.0,402458309.805886,36.2,29.017,54.665
North Macedonia,MKD,2014,5925.38592218015,11362265252.778,11149662118.4457,5630.0,60879915.45137,35.2,28.215,54.613
North Macedonia,MKD,2015,5262.68671928674,10064519962.5655,9747431783.18268,5550.0,296604200.381223,35.6,26.395,54.003
North Macedonia,MKD,2016,5598.48622617967,10672467073.2873,10247925155.7349,5440.0,549371101.55116,34.5,24.312,53.44
North Macedonia,MKD,2017,5955.2973863451,11307067069.6658,10859414347.1733,5390.0,380738977.544776,34.2,22.857,53.157
North Macedonia,MKD,2018,6713.98925398989,12683068114.2388,12150990659.4701,6050.0,648732424.984647,33.0,21.208,52.796
North Macedonia,MKD,2019,6718.85826635458,12606338448.547,12024667114.9758,6520.0,549500829.87779,33.5,17.414,53.023
North Macedonia,MKD,2020,6659.59651070776,12361036913.8409,11892343875.3738,6460.0,7693779.7036069,,16.575,52.107
North Macedonia,MKD,2021,7620.80296977508,14000283827.0154,13385879515.7774,7050.0,696255528.136466,,15.801,51.617
North Macedonia,MKD,2022,7606.2375253797,13932436550.0883,13334444854.3316,7570.0,854152514.519015,,14.476,52.925
North Macedonia,MKD,2023,8624.29360948531,15763621848.115,14961106563.4281,7900.0,641500343.167691,,13.174,52.589
Norway,NOR,2000,38178.2368777076,171457201935.968,169109727555.727,36600.0,8332062185.99552,27.4,3.458,66.068
Norway,NOR,2001,38601.897639231,174239354070.977,174319539130.531,38280.0,3190216069.0008,,3.738,66.321
Norway,NOR,2002,43170.557174499,195914852576.467,196448182569.704,39930.0,3011752930.34115,,4.022,66.517
Norway,NOR,2003,50250.3298214345,229385469337.024,230688257393.859,44830.0,4179380423.17369,27.6,4.221,66.603
Norway,NOR,2004,57768.6980958462,265268662473.297,265776317351.056,54290.0,4918494986.32395,31.6,4.256,66.781
Norway,NOR,2005,67047.1704558264,309978579743.888,313371051610.4,64050.0,10058759829.6279,30.6,4.381,66.95
Norway,NOR,2006,74434.4996835671,346915160681.708,347178207786.943,70300.0,11877923790.1756,26.4,3.397,67.178
Norway,NOR,2007,85502.2677087731,402643260487.572,401432178378.286,78750.0,24806091102.6883,27.1,2.493,67.378
Norway,NOR,2008,97503.5407803783,464917553191.489,462874822695.035,87850.0,20578219685.1148,27.0,2.521,67.379
Norway,NOR,2009,80347.5700665184,387976400617.019,390179062703.751,88130.0,8635762892.0964,26.2,3.1,67.07
Norway,NOR,2010,88163.2085931423,431052143940.438,435702909141.045,88940.0,21634265662.593,25.7,3.527,66.377
Norway,NOR,2011,101221.813476644,501360549669.404,506139118181.721,90920.0,10296323075.6966,25.3,3.196,66.182
Norway,NOR,2012,102175.919298374,512777309840.997,517101160292.222,99750.0,27897968327.9334,25.7,3.129,66.085
Norway,NOR,2013,103553.840134417,526014468085.106,531585021276.596,104830.0,-1368607170.8397,26.4,3.425,65.936
Norway,NOR,2014,97666.6951838749,501736471832.848,517499761967.733,105070.0,3242240088.15462,26.8,3.486,65.517
Norway,NOR,2015,74809.9658049898,388159512245.53,404192290999.276,93440.0,7274086872.47209,27.5,4.296,65.782
Norway,NOR,2016,70867.3609970749,370956547619.048,387092976190.476,81870.0,-18668572814.4237,28.5,4.68,65.555
Norway,NOR,2017,76131.8384032764,401745275035.261,416379568809.188,76230.0,5900604723.78859,27.0,4.164,64.767
Norway,NOR,2018,82792.8427113304,439788625883.8,457569996925.915,80970.0,-5664319361.82196,27.6,3.801,64.835
Norway,NOR,2019,76430.5889473338,408742840909.091,421234090909.091,82430.0,16329824317.677,27.7,3.684,65.132
Norway,NOR,2020,68340.0181033702,367633418886.627,382834834941.145,78610.0,-4102660408.42478,,4.424,65.003
Norway,NOR,2021,93072.8925119571,503367986030.268,502221885913.853,81770.0,14179043237.68,,4.359,65.502
Norway,NOR,2022,108798.451165901,593726965415.619,596856513825.084,94420.0,14375733478.8102,,3.231,65.752
Norway,NOR,2023,87925.0944188399,485310823603.662,507846254957.478,102910.0,10720841228.8151,,3.572,65.211
Oman,OMN,2000,9753.84755185404,22259557867.3602,21422106631.9896,8070.0,82000000.0,,4.331,56.107
Oman,OMN,2001,9611.96360191054,22205721716.515,21347464239.2718,8980.0,5201560.46814044,,4.281,55.845
Oman,OMN,2002,9869.13050219438,23065539661.8986,22100650195.0585,9210.0,109232769.830949,,4.328,55.901
Oman,OMN,2003,10463.5425832141,24733680104.0312,24192717815.3446,9640.0,24967490.2470741,,4.62,56.09
Oman,OMN,2004,11800.8507411171,28378933680.104,27988816644.9935,11050.0,111053315.994798,,4.734,56.232
Oman,OMN,2005,14434.8577924647,35506892067.6203,34484785435.6307,12590.0,1538361508.45254,,4.626,56.349
Oman,OMN,2006,16930.8565071853,42577633289.987,41911833550.065,14850.0,1596098829.6489,,4.383,56.638
Oman,OMN,2007,18792.653772482,48300390117.0351,47496749024.7074,17290.0,3332119635.89077,,4.298,57.122
Oman,OMN,2008,26576.779241509,69804681404.4213,67045253576.0728,21190.0,2951885565.6697,,4.142,57.791
Oman,OMN,2009,20655.9180249218,55454096228.8687,52530819245.7737,22010.0,1509232769.83095,,3.993,58.617
Oman,OMN,2010,23570.1798147325,64993498049.4148,61422626788.0364,22510.0,1242652795.83875,,3.935,59.667
Oman,OMN,2011,25188.0074151885,77497529258.7776,73359687906.3719,20820.0,1629144343.30299,,3.958,62.74
Oman,OMN,2012,24642.2978768596,87408842652.7958,82904291287.3862,21960.0,1364629388.81664,,3.765,66.059
Oman,OMN,2013,23458.0233840053,89936020806.2419,86700650195.0585,22920.0,1612430962.28869,,3.547,67.733
Oman,OMN,2014,23160.6502252547,92699089726.9181,88413003901.1704,22060.0,1286345903.77113,,3.449,68.566
Oman,OMN,2015,18808.3077921839,78710793237.9714,76448114434.3303,20550.0,-2172431729.51886,,3.401,69.362
Oman,OMN,2016,17110.1897460545,75128738621.5865,73063719115.7347,18550.0,2266070221.06632,,3.266,70.206
Oman,OMN,2017,17820.0661809335,80856697009.1027,77933420026.0078,16640.0,2878543563.06892,,2.522,70.602
Oman,OMN,2018,19901.7615642016,91505851755.5267,86577373211.9636,17260.0,5600780234.07022,,1.8,70.401
Oman,OMN,2019,19180.1864152801,88060858257.4772,81936020806.2419,17810.0,1998179453.83615,,2.04,69.645
Oman,OMN,2020,16784.8630630058,75909492847.8544,70302210663.199,17100.0,1909492847.85436,,2.94,65.442
Oman,OMN,2021,19403.4600160211,87323797139.1417,81295188556.567,17900.0,8745643693.10793,,1.9,65.392
Oman,OMN,2022,23665.6394740852,111943823146.944,102620026007.802,19610.0,6962808842.6528,,3.3,67.709
Oman,OMN,2023,21549.8368728192,108810923276.983,103593758127.438,20470.0,12488946684.0052,,3.176,67.821
Poland,POL,2000,4520.64100449111,172953527033.013,172188238813.182,4690.0,9335000000.0,,14.928,56.481
Poland,POL,2001,5015.23790036613,191823200371.284,190947018735.191,4720.0,5677000000.0,,18.435,56.557
Poland,POL,2002,5223.45178967082,199694463255.567,198116289745.696,4890.0,4091000000.0,,20.211,55.394
Poland,POL,2003,5720.81366178104,218561225998.47,216102286533.43,5510.0,5371000000.0,,19.899,54.77
Poland,POL,2004,6711.72715262967,256268656145.134,248234791704.601,6290.0,13868000000.0,38.0,18.822,54.342
Poland,POL,2005,8043.92332253757,306999913150.525,300951666258.175,7340.0,11041000000.0,35.8,17.592,54.914
Poland,POL,2006,9068.85528307627,345897630736.173,336981230088.832,8450.0,21473000000.0,34.7,13.794,53.968
Poland,POL,2007,11272.5293683383,429715132137.503,415022670207.193,9940.0,25031000000.0,34.0,9.551,53.733
Poland,POL,2008,14048.5604672654,535612030671.888,524462050719.687,11980.0,14574000000.0,33.5,7.069,54.275
Poland,POL,2009,11556.3026866026,440891472247.096,427272861299.261,12520.0,14025000000.0,33.4,8.131,55.008
Poland,POL,2010,12567.7317676382,478111630683.514,462249195768.249,12730.0,18861000000.0,33.2,9.578,55.816
Poland,POL,2011,13867.6669408192,527848543023.469,509126016589.444,12900.0,18851000000.0,33.2,9.576,56.06
Poland,POL,2012,13087.420943321,498148649702.66,479188660855.595,13170.0,7616000000.0,33.0,10.031,56.442
Poland,POL,2013,13621.9023794031,518179836405.36,499262960365.017,13290.0,1342000000.0,33.1,10.293,56.561
Poland,POL,2014,14262.2841914116,542134167178.627,521376161737.583,13540.0,20877000000.0,32.8,8.971,56.976
Poland,POL,2015,12637.5220324406,480054118583.367,462002918158.907,13320.0,15820000000.0,31.8,7.475,56.859
Poland,POL,2016,12464.0110508476,473259583969.643,454775433601.938,12740.0,18060000000.0,31.2,6.141,57.057
Poland,POL,2017,13913.3402919927,528356676667.211,505864085381.071,12780.0,12565000000.0,29.7,4.867,57.327
Poland,POL,2018,15658.2120316794,594616687350.017,569457737081.91,14310.0,19908000000.0,30.2,3.835,57.313
Poland,POL,2019,15874.5220531254,602683770144.88,577797688425.851,15510.0,19012000000.0,28.8,3.267,57.245
Poland,POL,2020,15987.5753654045,605914237903.742,583489675593.182,15480.0,20086000000.0,28.5,3.155,57.169
Poland,POL,2021,18635.5104895754,689170230665.35,658886045351.756,17470.0,37512000000.0,28.5,3.268,58.317
Poland,POL,2022,18891.2121169279,695607470875.276,668250895914.937,19110.0,41780000000.0,,2.811,58.564
Poland,POL,2023,22056.6661704127,809200697797.088,778230830221.408,19900.0,34316000000.0,,2.743,58.884
Portugal,PRT,2000,11526.3720667968,118605192877.388,116682807884.56,12180.0,7292581671.38614,,3.806,60.798
Portugal,PRT,2001,11734.7649743954,121604107164.997,119518644557.63,11850.0,6113785653.77638,,3.829,61.45
Portugal,PRT,2002,12936.6928204482,134795565549.419,132754657186.222,11780.0,587893729.664141,,4.497,62.016
Portugal,PRT,2003,15797.7821340276,165226175536.793,163569366041.561,13290.0,10354679114.3825,38.8,6.132,61.983
Portugal,PRT,2004,18064.1580932987,189382122532.169,187002617010.257,16190.0,2485161769.22788,38.9,6.319,61.505
Portugal,PRT,2005,18780.12751241,197253876704.921,194633888528.087,18600.0,3367937006.69595,38.5,7.582,61.843
Portugal,PRT,2006,19839.4540499032,208756449275.848,202827079705.147,19410.0,13394502768.4967,38.1,7.649,62.047
Portugal,PRT,2007,22811.0564844365,240496147317.381,233587108411.551,20860.0,6014642426.68109,36.8,7.965,62.178
Portugal,PRT,2008,24949.0413566739,263416394624.084,254579900157.356,22640.0,7819075463.00866,36.6,7.553,62.002
Portugal,PRT,2009,23151.2154130712,244667762835.543,236494959916.316,22990.0,5585829214.06952,34.9,9.432,61.304
Portugal,PRT,2010,22551.935098809,238443864993.217,230536903683.95,23010.0,8966915539.10527,35.8,10.771,61.201
Portugal,PRT,2011,23246.5425416481,245426767676.002,241146265856.975,22760.0,9821076889.90797,36.3,12.682,60.496
Portugal,PRT,2012,20593.4274224109,216536676771.973,211105801823.003,21160.0,21396375527.1152,36.0,15.531,60.132
Portugal,PRT,2013,21676.4859642714,226677408291.745,223406869807.927,21380.0,15745220666.1578,36.2,16.188,59.274
Portugal,PRT,2014,22120.6850127107,230078616299.675,225198395238.514,21200.0,12045808665.4723,35.6,13.897,58.778
Portugal,PRT,2015,19215.7813014347,199038523119.639,194045468799.965,20460.0,1270014232.93167,35.5,12.447,58.536
Portugal,PRT,2016,19980.2808866516,206305431241.638,201411635475.272,19930.0,7354810293.04951,35.2,11.068,58.371
Portugal,PRT,2017,21442.3842768879,220862990767.229,216161830459.115,20050.0,10683844360.599,33.8,8.869,58.827
Portugal,PRT,2018,23541.1401075289,242092894542.888,236395409034.201,22050.0,7846086577.93959,33.5,6.994,58.952
Portugal,PRT,2019,23343.3628970034,240115970063.019,233752871351.921,23180.0,10320042522.1049,32.8,6.464,59.013
Portugal,PRT,2020,22299.4044062173,229618773422.577,225467491361.699,21830.0,3991854438.00435,34.7,6.801,57.579
Portugal,PRT,2021,24711.4510062111,256055879091.139,252978982539.953,23930.0,7850966593.00144,34.6,6.577,57.32
Portugal,PRT,2022,24620.519556875,256898675068.927,251691706536.851,25820.0,9531041797.40264,,6.011,58.117
Portugal,PRT,2023,27331.2094945255,289114289663.542,281752856063.905,26150.0,9706321480.01485,,6.509,58.766
Qatar,QAT,2000,27535.182940934,17759890109.8901,16360439560.4396,19620.0,17749910.0,,0.87,82.311
Qatar,QAT,2001,25870.7991864314,17538461538.4615,16834615384.6154,23090.0,17213380.0,,0.87,82.515
Qatar,QAT,2002,27226.6593510117,19363736263.7363,18466483516.4835,25590.0,-21042630.0,,0.87,82.647
Qatar,QAT,2003,31602.470865136,23533791208.7912,23117307692.3077,28090.0,88170440.0,,0.87,82.925
Qatar,QAT,2004,41035.5008380177,31734065934.0659,29492307692.3077,35220.0,437918000.0,,0.87,82.213
Qatar,QAT,2005,53949.6764091147,44530494505.4945,38814835164.8352,40110.0,351914000.0,,0.87,82.493
Qatar,QAT,2006,62582.4453138755,60882142857.1429,57601648351.6483,53410.0,127431000.0,,0.87,83.841
Qatar,QAT,2007,65954.3419525051,79712087912.0879,75473076923.0769,58500.0,5160249000.0,,0.52,85.327
Qatar,QAT,2008,80781.4039187792,115270054945.055,108507967032.967,66030.0,3657774730.0,,0.31,86.094
Qatar,QAT,2009,60785.7351551657,97798351648.3516,88385714285.7143,63010.0,3214574180.0,,0.31,86.492
Qatar,QAT,2010,77387.3267885308,125122306346.154,112178571428.571,73040.0,1863173410.0,,0.45,86.559
Qatar,QAT,2011,103261.506539346,167775268626.374,154504256813.187,83890.0,938516483.516483,,0.56,86.455
Qatar,QAT,2012,108470.378825036,186833502362.637,174708777087.912,92920.0,395879120.879121,,0.48,86.27
Qatar,QAT,2013,103697.008372373,198727642967.033,188363906703.297,96800.0,-840384615.384615,,0.28,86.296
Qatar,QAT,2014,95840.6310094498,206224598571.429,196924049120.879,92440.0,1040384615.38461,,0.2,86.747
Qatar,QAT,2015,68985.2946961507,161739955576.923,158174570961.538,80370.0,1070879120.87912,,0.17,87.274
Qatar,QAT,2016,61253.6375482797,151732181868.132,150622841208.791,69170.0,773901098.901099,,0.15,87.475
Qatar,QAT,2017,63279.8556949332,161099122225.275,160679616730.769,60920.0,985989010.989011,35.1,0.14,87.498
Qatar,QAT,2018,71039.8490579352,183334953818.681,179589624148.352,63410.0,-2186263736.26374,,0.11,87.503
Qatar,QAT,2019,66841.3013472693,176371267689.082,171961652307.692,65700.0,-2812637362.63736,,0.1,87.433
Qatar,QAT,2020,51683.5054353851,144411363345.27,141366857857.143,57730.0,-2434065934.06593,,0.14,87.105
Qatar,QAT,2021,71751.8831234838,179732009554.846,176969097472.527,66970.0,-1093406593.40659,,0.14,86.363
Qatar,QAT,2022,88701.463350036,235709325708.341,227481667472.527,71070.0,76098901.0989008,,0.13,87.575
Qatar,QAT,2023,80195.874646942,213002809330.267,206928908231.366,79430.0,-474175824.175824,,0.13,87.55
Romania,ROU,2000,1659.92904910528,37253739511.1273,37019398195.7481,1710.0,1037000000.0,,6.969,51.047
Romania,ROU,2001,1825.19299373184,40395116581.4832,40169432696.0829,1760.0,1157000000.0,,6.561,50.97
Romania,ROU,2002,2119.85509684554,46065502702.5817,45604156412.426,1950.0,1144000000.0,,8.112,50.876
Romania,ROU,2003,2679.40626016154,57806384143.166,56454813197.683,2250.0,1844000000.0,,6.95,50.908
Romania,ROU,2004,3494.99056448955,74973656851.8076,71825390351.9886,2960.0,6443000000.0,,7.719,50.809
Romania,ROU,2005,4618.00350802913,98454380120.0761,95561781584.8353,3880.0,6498650462.86646,,7.174,50.77
Romania,ROU,2006,5757.53127301178,122023735992.706,117949645298.672,4900.0,11006614841.8417,39.6,7.27,50.794
Romania,ROU,2007,8360.33775916596,174588782938.583,168941412980.621,6510.0,10103086514.314,37.5,6.413,50.865
Romania,ROU,2008,10435.1561230787,214315932061.275,209606664329.629,8800.0,13667824244.7472,36.4,5.787,51.003
Romania,ROU,2009,8548.4543409242,174110532658.867,171902480155.444,9220.0,4637684879.54339,35.6,6.859,47.321
Romania,ROU,2010,8399.5374234284,170064350671.827,168094458195.664,8710.0,3213737651.98388,35.5,6.959,50.401
Romania,ROU,2011,9560.6755277458,192623977894.173,190288593351.457,9010.0,2370097222.61814,35.9,7.177,50.047
Romania,ROU,2012,8929.95366231474,179117323107.087,176155821463.583,9200.0,3047569714.39734,36.5,6.794,50.173
Romania,ROU,2013,9497.67411615237,189798603751.235,187012758431.175,9390.0,3854819397.63757,36.9,7.096,50.205
Romania,ROU,2014,10031.7710755404,199722319675.741,198781424858.361,9760.0,3869197075.10542,36.0,6.802,50.631
Romania,ROU,2015,8977.01748158196,177885131240.315,176016433717.531,9610.0,4317731472.30633,35.9,6.812,51.358
Romania,ROU,2016,9404.54005870715,185290759248.844,182793770174.934,9460.0,6252035766.42823,34.4,5.901,51.026
Romania,ROU,2017,10727.9822007426,210147385855.419,207139929998.628,10030.0,5952909608.10492,36.0,4.927,51.914
Romania,ROU,2018,12502.2624061935,243468683030.34,239021337055.325,11530.0,7343560129.25217,35.8,4.187,51.903
Romania,ROU,2019,12992.0326104674,251677082534.495,248106362712.884,12700.0,7365441773.73218,34.8,3.912,52.073
Romania,ROU,2020,13082.3006559554,252033792712.145,248241836530.323,12740.0,3602418172.35716,34.6,5.035,52.028
Romania,ROU,2021,14986.7854904274,286578196368.297,280850525992.947,14220.0,11738217410.2111,33.9,5.59,52.472
Romania,ROU,2022,15557.8826247584,296354358293.475,287401142589.008,15440.0,11477511658.9305,,5.614,52.603
Romania,ROU,2023,18404.2730871704,350775856415.189,341406887173.994,16660.0,8708794314.55246,,5.589,51.642
Russian Federation,RUS,2000,1771.59411621094,259710142196.943,252973642196.943,1710.0,2678030000.0,,10.581,61.316
Russian Federation,RUS,2001,2100.3525390625,306602070620.5,302363970620.5,1780.0,2847300000.0,,8.978,59.99
Russian Federation,RUS,2002,2377.52954101563,345470494417.863,338887494417.863,2100.0,3473830000.0,,7.875,60.331
Russian Federation,RUS,2003,2975.123046875,430347420184.885,417176730926.03,2590.0,7928630000.0,,8.21,60.013
Russian Federation,RUS,2004,4102.36474609375,591016690732.385,578245490732.385,3410.0,15402990000.0,,7.763,60.598
Russian Federation,RUS,2005,5323.455078125,764015973481.11,745489600996.901,4450.0,15508050000.0,,7.124,60.933
Russian Federation,RUS,2006,6920.19970703125,989932071352.543,961128626876.626,5810.0,37594770000.0,,7.055,61.238
Russian Federation,RUS,2007,9101.2392578125,1299703478481.65,1270875029186.88,7560.0,55873680000.0,,6.002,62.027
Russian Federation,RUS,2008,11635.2841796875,1660848058303.11,1614365511555.5,9580.0,74782910000.0,,6.205,62.544
Russian Federation,RUS,2009,8562.82421875,1222645900055.7,1182906447463.51,9230.0,36583100000.0,,8.301,62.664
Russian Federation,RUS,2010,10674.990234375,1524916715223.95,1477812038495.23,9980.0,43167780000.0,,7.407,62.681
Russian Federation,RUS,2011,14305.33203125,2045922753398.04,1985523437666.18,11060.0,55083630000.0,,6.571,62.962
Russian Federation,RUS,2012,15401.8515625,2208293553878.42,2140632821885.44,13470.0,50587560000.0,,5.484,62.987
Russian Federation,RUS,2013,15941.4482421875,2292470078346.22,2212865788369.71,15160.0,69218890000.0,,5.513,62.89
Russian Federation,RUS,2014,14055.47265625,2059241589895.01,1991279402292.03,14590.0,22031340000.0,36.9,5.212,62.875
Russian Federation,RUS,2015,9277.7138671875,1363482182197.71,1325733351220.47,11740.0,6852970000.0,36.5,5.615,62.75
Russian Federation,RUS,2016,8663.158203125,1276786350881.14,1241289768349.06,9680.0,32538900000.0,36.7,5.591,62.912
Russian Federation,RUS,2017,10658.9130859375,1574199360089.0,1532146060813.91,9160.0,28557440000.0,35.5,5.238,62.523
Russian Federation,RUS,2018,11211.8876953125,1657328773461.31,1616936904758.28,10180.0,8784850000.0,35.3,4.871,62.484
Russian Federation,RUS,2019,11447.701171875,1693115002708.32,1639594452707.88,11190.0,31974770000.0,35.7,4.513,61.73
Russian Federation,RUS,2020,10108.3271484375,1493075894362.14,1458071184362.37,10660.0,9478810000.0,33.7,5.62,61.422
Russian Federation,RUS,2021,12521.5224609375,1843392293734.38,1800376274532.51,11720.0,40450000000.0,35.1,4.749,62.005
Russian Federation,RUS,2022,15445.2421875,2266029240645.34,2219007320645.76,12810.0,-39800944226.9806,,3.867,61.936
Russian Federation,RUS,2023,13817.0458984375,2021421476035.42,1994504886035.41,14250.0,-10045103795.0207,,3.076,61.689
San Marino,SMR,2000,37600.7077379601,1007661366.66959,,,,,,
San Marino,SMR,2001,39035.1034290445,1059529812.37456,,,,,,
San Marino,SMR,2002,41790.8432718184,1148872072.38556,,,,,,
San Marino,SMR,2003,52529.9093701059,1462590266.59186,,,,,,
San Marino,SMR,2004,58232.0176184948,1715340542.988,,,,,,
San Marino,SMR,2005,59877.8005839737,1786514058.22344,,,,,,
San Marino,SMR,2006,63270.7780755157,1909765165.43137,,,,,,
San Marino,SMR,2007,70124.4634385624,2188654628.38097,,,,,,
San Marino,SMR,2008,75902.1320521765,2403213305.03601,,,,,,
San Marino,SMR,2009,62428.9943269418,2064277126.41466,,,,,,
San Marino,SMR,2010,56543.1898204098,1881191925.32503,,,,,,
San Marino,SMR,2011,55601.3929703047,1813717438.69134,,,,,,
San Marino,SMR,2012,47945.8991734281,1604701299.43546,,,,,,
San Marino,SMR,2013,50807.8289138024,1678741475.14095,,,,,,
San Marino,SMR,2014,51260.4938347125,1673911426.17254,,,,,,
San Marino,SMR,2015,43146.8240435428,1419401070.56043,,,,,,
San Marino,SMR,2016,44359.4797662688,1468343139.74326,,,,,,
San Marino,SMR,2017,45192.0279766943,1528620346.31168,1415999665.61456,40010.0,,,,
San Marino,SMR,2018,47950.6880557136,1655353653.05934,1507442962.87199,41800.0,,,,
San Marino,SMR,2019,46627.0122356944,1616232125.12587,1479667047.50921,43770.0,,,,
San Marino,SMR,2020,44426.6463400658,1544714493.24409,1394334873.33738,40570.0,,,,
San Marino,SMR,2021,54168.9828262684,1855395999.76534,1672180214.30153,48190.0,,,,
San Marino,SMR,2022,54264.570495898,1831700577.08904,1672839869.40509,53930.0,,,,
San Marino,SMR,2023,,,,,,,,
Saudi Arabia,SAU,2000,11714.5623675159,189514933333.333,189994400000.0,10450.0,-1881066666.66667,,4.57,48.995
Saudi Arabia,SAU,2001,10805.311325122,184137600000.0,183618033333.333,10540.0,19640000.0,,4.618,48.37
Saudi Arabia,SAU,2002,10586.0543471363,189605866666.667,189395360000.0,10310.0,-614133333.333333,,5.265,47.976
Saudi Arabia,SAU,2003,11487.220410693,215807733333.333,214507200000.0,11140.0,-586506666.666667,,5.563,47.891
Saudi Arabia,SAU,2004,13154.4978989446,258742133333.333,259219920000.0,12880.0,-334320000.0,,5.822,47.913
Saudi Arabia,SAU,2005,15975.7473782258,328459608764.111,328891442715.7,14620.0,4385456396.44643,,6.051,48.06
Saudi Arabia,SAU,2006,17563.6145370639,376900133511.348,380735060080.107,16250.0,5975887388.89812,,6.254,48.347
Saudi Arabia,SAU,2007,18596.1502627898,415964509673.115,422361075730.487,17870.0,6175321114.57166,,5.734,48.649
Saudi Arabia,SAU,2008,22320.4888964331,519796800000.0,528961689493.333,20540.0,5505983968.58641,,5.085,49.135
Saudi Arabia,SAU,2009,17718.3911648365,429097866666.667,437737456666.667,19810.0,436351281.582907,,5.377,49.582
Saudi Arabia,SAU,2010,22028.3790215788,528207200000.0,542914944400.0,21820.0,4878894395.2517,,5.55,51.426
Saudi Arabia,SAU,2011,26966.2941648251,676634666666.667,692763354533.333,23950.0,4683855881.26771,,5.77,53.37
Saudi Arabia,SAU,2012,28348.5730107499,741849866666.667,761738805173.333,27320.0,5035060850.94588,,5.622,55.395
Saudi Arabia,SAU,2013,27290.1978052614,753864533333.333,775051883546.667,28150.0,3371408456.52722,,5.6,57.152
Saudi Arabia,SAU,2014,27079.6733871148,766605866666.667,789633446080.0,28440.0,1509063087.30335,,5.877,58.409
Saudi Arabia,SAU,2015,22453.571552265,669484266666.667,690847754533.333,25840.0,3970644084.62136,,5.6,59.749
Saudi Arabia,SAU,2016,21515.6600083775,666000000000.0,681352861413.333,23220.0,21954833889.9561,,5.6,60.685
Saudi Arabia,SAU,2017,23081.2045336558,714994666666.667,726876989173.333,22320.0,1014062501.14037,,5.89,58.99
Saudi Arabia,SAU,2018,28036.0264674095,846583733333.333,854758208400.0,25550.0,12141122232.904,,6.029,59.418
Saudi Arabia,SAU,2019,27892.8421521179,838564800000.0,846719422506.667,27720.0,3079217251.32355,,5.636,61.203
Saudi Arabia,SAU,2020,23271.4037647084,734271200000.0,745486551306.667,25640.0,1621264195.43532,,7.66,62.414
Saudi Arabia,SAU,2021,28396.0864182336,874156000000.0,887051480960.0,28190.0,23111903141.4892,,6.621,63.512
Saudi Arabia,SAU,2022,34454.1957708412,1108571466666.67,1118179993493.33,31120.0,28055082623.9904,,5.589,63.801
Saudi Arabia,SAU,2023,32093.9622984711,1067582933333.33,1073418445360.0,31860.0,12319037833.0844,,4.008,63.849
Serbia,SRB,2000,974.725469278615,7326373882.11044,7326144120.48273,1720.0,,,12.6,55.191
Serbia,SRB,2001,1812.42088281393,13599378661.9952,13605412970.9838,1630.0,,,12.8,54.88
Serbia,SRB,2002,2390.73459447107,17930583571.3055,17861181656.9692,1610.0,,,13.8,54.594
Serbia,SRB,2003,3153.9011312754,23593044417.5086,23457815505.3191,2510.0,,,15.2,54.349
Serbia,SRB,2004,3597.08798057009,26845632341.8075,26629440222.3996,3340.0,,,18.5,53.952
Serbia,SRB,2005,3807.97417321786,28334256180.8801,28011331307.7654,3940.0,,,20.85,53.663
Serbia,SRB,2006,4492.7136699046,33298057361.7412,32884426126.4294,4280.0,,,20.85,53.403
Serbia,SRB,2007,6081.08765700202,44888028946.0854,43543093308.3562,5000.0,4423192680.11881,,18.06,53.503
Serbia,SRB,2008,7376.73517910716,54220641201.6474,52777685908.0998,6250.0,4055798181.8009,,13.67,52.792
Serbia,SRB,2009,6414.0448463847,46955984409.7271,46288599321.4029,6680.0,2929226709.60339,,16.116,50.961
Serbia,SRB,2010,5970.92660940072,43536629233.1424,42660028434.7263,6500.0,1693250318.85146,,19.204,49.653
Serbia,SRB,2011,7082.2861666075,51251098408.0924,49347436352.3306,6380.0,4930532020.14552,,22.959,49.749
Serbia,SRB,2012,6263.04086072815,45103269969.4112,43688184212.71,6310.0,1275339755.6278,39.9,24.0,50.154
Serbia,SRB,2013,7040.41812068781,50455529604.0696,48570920276.0956,6630.0,2059297316.504,39.4,22.154,51.154
Serbia,SRB,2014,6886.67809068704,49114321280.3466,47332816794.2133,6450.0,1999539187.45686,40.4,19.223,51.602
Serbia,SRB,2015,5820.3215576888,41297410634.9586,39457763395.7096,6210.0,2343139735.74774,40.5,17.66,51.222
Serbia,SRB,2016,5982.37030126471,42225495909.5633,39988171446.5188,5920.0,2355214636.94213,38.8,15.257,52.972
Serbia,SRB,2017,6548.03653824187,45972834713.8077,43120235148.2036,5810.0,2894615965.23761,36.1,13.477,53.555
Serbia,SRB,2018,7559.86165747394,52787520248.9242,50210951337.9451,6700.0,4071895067.82106,35.0,12.733,53.962
Serbia,SRB,2019,7755.632986437,53864693664.5568,51089361866.0137,7380.0,4268709249.60984,34.5,10.395,54.063
Serbia,SRB,2020,8098.70955668849,55874017668.998,54250382218.3185,7790.0,3485786682.97845,35.0,9.011,53.373
Serbia,SRB,2021,9680.52798074468,66159884072.5308,63725727979.9209,8890.0,4600176721.12404,33.1,9.843,56.736
Serbia,SRB,2022,10022.9688543402,66797564758.339,63640695711.6359,9790.0,4612248811.51069,,8.439,57.637
Serbia,SRB,2023,12281.5058488303,81342660752.3732,77124644204.4078,10760.0,4891719826.35735,,8.268,57.229
Slovak Republic,SVK,2000,5421.6448441887,29215726004.7765,29126157754.2228,5530.0,2183119136.13344,,18.546,59.662
Slovak Republic,SVK,2001,5712.47802761654,30726659550.9717,30799218081.5174,5710.0,1532584052.08438,,19.148,60.199
Slovak Republic,SVK,2002,6554.62808369461,35243658398.7546,35211259260.6244,6030.0,4212437461.03101,,18.541,59.926
Slovak Republic,SVK,2003,8675.39633696465,46616149116.7411,44659473526.1901,6970.0,969200518.93397,,17.549,60.304
Slovak Republic,SVK,2004,10650.1290097126,57215475076.2986,55238384392.8306,9050.0,4063498784.60235,27.1,18.206,60.072
Slovak Republic,SVK,2005,11641.5410321763,62547753148.4638,61209809950.0327,11360.0,3923508331.49579,29.3,16.276,59.463
Slovak Republic,SVK,2006,13167.8954730379,70751813442.9881,68804090879.9646,12950.0,5701436726.94246,25.8,13.395,59.062
Slovak Republic,SVK,2007,16110.4817265237,86587749517.9724,84168962676.0438,14940.0,5058234422.17002,24.7,11.16,58.722
Slovak Republic,SVK,2008,18744.3192278346,100830060552.902,99157939540.6593,17270.0,4640891412.00327,26.0,9.514,59.175
Slovak Republic,SVK,2009,16586.7527805228,89342984697.5246,88925939174.2542,17140.0,1521083444.32739,27.2,12.023,58.702
Slovak Republic,SVK,2010,16899.448680529,91112160800.7668,89266361508.6168,17630.0,2115832960.23964,27.3,14.387,58.835
Slovak Republic,SVK,2011,18469.4354316836,99705104723.4341,96477145180.4088,17600.0,5431592591.91497,26.5,13.634,58.801
Slovak Republic,SVK,2012,17516.9691054078,94724394278.052,93046097962.1777,17830.0,1776566141.06019,26.1,13.966,59.183
Slovak Republic,SVK,2013,18312.7805149823,99134277850.3418,98208151922.9999,18260.0,1003901887.84675,28.1,14.226,59.249
Slovak Republic,SVK,2014,18770.9289896545,101713075598.862,100294158379.669,18330.0,-362915353.373399,26.1,11.536,59.787
Slovak Republic,SVK,2015,16442.0760860018,89178548717.3324,86733263300.8359,17750.0,1520379416.31372,26.5,11.492,59.625
Slovak Republic,SVK,2016,16636.0769133073,90347173228.6356,87583418794.8866,16830.0,4768259092.47383,25.2,9.679,60.008
Slovak Republic,SVK,2017,17645.5298716761,95978130734.9766,93926182364.7602,16660.0,4222907458.38991,23.2,8.142,59.894
Slovak Republic,SVK,2018,19573.3717031314,106611673364.837,104466604126.592,18390.0,2252379829.31736,25.0,6.544,59.727
Slovak Republic,SVK,2019,19406.0589683582,105843498304.094,103173702727.27,19210.0,2279811254.28144,23.2,5.761,59.556
Slovak Republic,SVK,2020,19735.4858280801,107732602896.441,105812952730.797,19250.0,-1141703441.49018,24.2,6.719,58.906
Slovak Republic,SVK,2021,22138.1949833348,120592216208.386,115128905716.297,20660.0,2719672546.63371,24.1,6.894,60.201
Slovak Republic,SVK,2022,21342.7666714692,115928615553.286,113663598494.847,22090.0,4827084865.74814,,6.143,61.157
Slovak Republic,SVK,2023,24491.3771867262,132908336234.295,129363521385.089,22790.0,-327742481.72746,,5.84,61.193
Slovenia,SVN,2000,10135.7219109212,20159190701.6789,20240379896.6853,11270.0,135800000.0,,6.92,57.741
Slovenia,SVN,2001,10375.6255869861,20668868706.8115,20859261599.2103,10950.0,501200000.0,,5.682,57.789
Slovenia,SVN,2002,11639.1297780477,23214593516.2095,23284719201.995,10910.0,1849800000.0,,5.922,58.377
Slovenia,SVN,2003,14711.674874253,29360575031.8177,29319208608.1222,12630.0,535600000.0,,6.479,56.712
Slovenia,SVN,2004,17103.8297783905,34156553313.4031,33933993522.6707,15610.0,763100000.0,24.8,6.012,59.091
Slovenia,SVN,2005,17969.7095907161,35947936823.7781,35866164656.1373,18310.0,970800000.0,24.6,6.506,59.342
Slovenia,SVN,2006,19563.005059144,39260368837.0342,38985718228.5786,19820.0,692021551.718703,24.4,5.95,59.467
Slovenia,SVN,2007,23725.1596001515,47880266542.577,46962587595.128,21790.0,1884506372.67516,24.4,4.818,59.987
Slovenia,SVN,2008,27461.9764165315,55509332322.3578,54319399961.3,24650.0,1080741791.92197,23.7,4.371,59.783
Slovenia,SVN,2009,24501.7897290425,49975540954.8465,49729127533.9386,24560.0,-346971372.900937,24.8,5.858,59.643
Slovenia,SVN,2010,23329.8417691156,47793117240.9001,47569634553.8168,24580.0,319143932.57504,24.9,7.236,59.362
Slovenia,SVN,2011,24940.6284841605,51199194599.3094,50883600760.681,24530.0,875946337.676011,24.9,8.166,58.157
Slovenia,SVN,2012,22442.1417859955,46167053954.3367,45851550969.7617,23220.0,33537889.4917908,25.6,8.841,57.83
Slovenia,SVN,2013,23236.9655321695,47867056858.8892,47767746832.5068,23300.0,104022716.62865,26.2,10.103,57.628
Slovenia,SVN,2014,24013.0682060959,49514466379.6057,49538339538.6998,23630.0,1019380613.4972,25.7,9.668,57.853
Slovenia,SVN,2015,20697.2748530619,42709468274.8137,41777966741.8734,22270.0,1730147099.28225,25.4,8.962,57.591
Slovenia,SVN,2016,21447.8377796036,44290685824.0682,43632048585.5441,21790.0,1446274234.68465,24.8,8.0,56.843
Slovenia,SVN,2017,23303.077705959,48153200134.6613,47713353120.1966,22170.0,1196228604.6928,24.2,6.564,58.552
Slovenia,SVN,2018,25888.0481065655,53689067639.9176,53372127792.3945,24650.0,1538137615.35452,24.6,5.108,58.945
Slovenia,SVN,2019,25814.1687167572,53909922735.545,53555776974.3685,26040.0,2151537534.12248,24.4,4.446,58.383
Slovenia,SVN,2020,25392.0651093612,53384760135.1581,53456563151.3511,25460.0,506269486.820006,24.0,4.971,57.811
Slovenia,SVN,2021,29187.369382785,61529280461.092,61087662970.4137,28360.0,2219247755.80675,24.3,4.744,58.38
Slovenia,SVN,2022,28373.8382265999,59927702746.2843,58905498955.8115,29580.0,2180392923.46606,,4.011,59.053
Slovenia,SVN,2023,32610.110922729,69148468417.3208,68204657444.1747,30860.0,1447634542.25339,,3.652,58.677
Spain,ESP,2000,14743.2671031455,598102854756.08,594084216555.295,15770.0,40509751188.4293,34.1,13.785,52.89
Spain,ESP,2001,15368.2337984435,627798682378.741,619140631735.828,15530.0,28909416991.4693,,10.348,52.094
Spain,ESP,2002,17111.0685058941,708938227243.923,700728756159.217,15620.0,39359708554.1526,,11.146,53.661
Spain,ESP,2003,21522.0170990262,907963217057.645,900043963152.155,18070.0,30744905690.6608,31.8,11.283,54.819
Spain,ESP,2004,24925.0267844576,1069829382514.67,1059088286010.81,22120.0,25268192650.5771,33.3,11.09,55.73
Spain,ESP,2005,26450.9530130382,1154667551775.88,1137786490870.04,25890.0,27007774843.3639,32.4,9.146,56.881
Spain,ESP,2006,28421.686527407,1261846683275.29,1237088785672.94,27830.0,32927841460.4151,33.5,8.452,57.835
Spain,ESP,2007,32652.015594702,1476746276854.51,1437831552930.98,29730.0,68229666915.1456,34.1,8.232,58.335
Spain,ESP,2008,35603.248328071,1636115447612.5,1586564225114.84,32190.0,74088629877.4064,34.2,11.254,59.084
Spain,ESP,2009,32279.8208476151,1496587590847.66,1462916148401.17,32520.0,9549813317.16403,34.9,17.857,59.251
Spain,ESP,2010,30658.7422282912,1427989078916.67,1401381945416.67,31930.0,36609340306.4933,35.2,19.86,59.357
Spain,ESP,2011,31824.6219134777,1487568659241.25,1454580711702.34,31030.0,26832032514.6508,35.7,21.39,59.372
Spain,ESP,2012,28456.4438151477,1330994811670.31,1314155086548.05,29570.0,20848479095.5802,35.4,24.789,59.404
Spain,ESP,2013,29218.9105170888,1362186923157.65,1346529739593.34,29240.0,47143326585.2816,36.2,26.094,59.131
Spain,ESP,2014,29694.8874886229,1380244561361.96,1366800133424.7,29150.0,31972292815.4556,36.1,24.441,58.732
Spain,ESP,2015,25969.8383138327,1206164777553.12,1195894016724.61,28460.0,23777330434.0906,36.2,22.057,58.623
Spain,ESP,2016,26740.6851818829,1243015667917.12,1236606698893.78,27560.0,44962670965.5697,35.8,19.635,58.325
Spain,ESP,2017,28367.9392609439,1321754088818.83,1313739000871.77,27120.0,33577736758.6065,34.7,17.224,58.047
Spain,ESP,2018,30592.1264795541,1431642809327.06,1423751671292.55,29340.0,63958429156.7585,34.7,15.255,57.634
Spain,ESP,2019,29776.2011500384,1403496387686.27,1396786257474.51,30370.0,30322872791.4496,34.3,14.104,57.626
Spain,ESP,2020,27230.3599933583,1289783836971.21,1281402401923.74,27180.0,37683095972.4206,34.9,15.532,56.401
Spain,ESP,2021,30817.6828559001,1461244901852.69,1456884138329.43,30110.0,64626902393.5776,33.9,14.781,57.434
Spain,ESP,2022,30287.3657583614,1446498147749.03,1424534712303.51,32000.0,65488854829.248,,12.917,57.743
Spain,ESP,2023,33509.0127982139,1620090734956.89,1606770094001.98,32830.0,42953066297.9842,,12.179,57.703
Sweden,SWE,2000,29632.7736101599,262905197441.662,263097727620.004,31600.0,22817836820.944,27.0,5.466,61.995
Sweden,SWE,2001,27259.4806735435,242499249692.616,242725890929.51,29710.0,18217810086.4861,26.5,4.73,62.688
Sweden,SWE,2002,29957.9387652616,267373345246.531,268189091207.854,29130.0,18381645407.9827,26.2,4.965,62.651
Sweden,SWE,2003,37292.4214343004,334074051172.972,339759840718.252,32690.0,6007683415.88431,25.3,5.555,62.64
Sweden,SWE,2004,42758.2015503417,384547211147.247,386776660452.585,39690.0,16854649893.5474,26.1,6.693,62.41
Sweden,SWE,2005,43378.6152117149,391690329314.475,397117795827.702,45690.0,20782686615.8207,26.8,7.81,63.236
Sweden,SWE,2006,46531.6001120572,422530427475.536,433645875687.837,49090.0,22052656378.5991,26.4,7.066,63.335
Sweden,SWE,2007,53568.5645523213,490050156832.574,504991566550.275,52180.0,46143507532.9675,27.1,6.161,63.702
Sweden,SWE,2008,55817.4392710726,514616528348.834,532746279073.296,55370.0,41436553995.9454,28.1,6.235,63.865
Sweden,SWE,2009,46707.8673215418,434313804907.366,444803626956.544,52390.0,8960871620.904,27.3,8.351,63.36
Sweden,SWE,2010,52542.8274141037,492753255885.718,507279464550.298,54380.0,625102142.469445,27.7,8.61,63.206
Sweden,SWE,2011,60379.7748160321,570541353128.724,583474661753.753,56450.0,6979353755.44351,27.6,7.804,63.544
Sweden,SWE,2012,57749.8251328664,549742183874.355,562604589238.968,58840.0,4273531542.41649,27.6,7.976,63.536
Sweden,SWE,2013,60844.2767113975,584128116410.29,597558478787.775,61530.0,1487752726.31221,28.8,8.052,63.863
Sweden,SWE,2014,59583.7140001673,577730245154.162,589823904990.464,61350.0,-6039792919.86721,28.4,7.954,63.912
Sweden,SWE,2015,51197.9529341175,501698263620.663,505274264709.006,57910.0,9777569491.28413,29.2,7.432,63.942
Sweden,SWE,2016,51820.3972482676,514218206628.325,515550957283.109,53980.0,15470455705.9977,29.6,6.99,64.099
Sweden,SWE,2017,53300.8587281785,536083940228.684,543698522015.555,52330.0,24305209924.7369,28.8,6.718,64.418
Sweden,SWE,2018,54181.9069780904,551312498430.164,561279115315.834,55090.0,-714153381.400273,30.0,6.365,64.529
Sweden,SWE,2019,51773.0464558993,532169294165.94,547611418095.424,56230.0,15882460441.2862,29.3,6.833,64.613
Sweden,SWE,2020,52653.7565934247,545147614972.141,564371291338.878,54670.0,18517762637.6113,28.9,8.291,64.196
Sweden,SWE,2021,61174.9680215622,637186904843.636,663252463172.592,60530.0,54838836963.2492,29.8,8.722,64.389
Sweden,SWE,2022,55296.9371472535,579895717343.956,604826974545.303,62630.0,47939405794.3247,,7.392,64.749
Sweden,SWE,2023,55516.836477474,584960475767.32,606603219320.577,60480.0,23001110544.8,,7.611,65.027
Switzerland,CHE,2000,38865.021939688,279216033870.204,296894664258.645,44580.0,23080879762.6769,33.4,2.658,67.296
Switzerland,CHE,2001,39638.7911061864,286582672434.226,297137300308.13,42010.0,9765012889.09898,,2.49,67.77
Switzerland,CHE,2002,42458.7384679187,309301422430.386,316740784036.956,40640.0,8258050580.1782,31.7,2.924,67.75
Switzerland,CHE,2003,49335.7456291067,362075086507.76,384828123561.298,46660.0,19721053893.3922,,4.117,67.849
Switzerland,CHE,2004,54659.4571488233,403912891033.374,427893734620.024,55000.0,7102294152.7232,31.6,4.316,67.264
Switzerland,CHE,2005,56242.8933645639,418284865884.998,451869879537.424,62770.0,2664910821.00245,,4.437,66.96
Switzerland,CHE,2006,59011.0324592016,441634672196.523,473007249162.546,65290.0,53760772986.3034,33.9,3.995,67.32
Switzerland,CHE,2007,64989.1553256031,490740715594.802,492718101466.178,64120.0,48688296542.6701,34.3,3.641,67.615
Switzerland,CHE,2008,74175.1927898555,567267767519.158,529818824669.929,64870.0,2990936685.10856,33.8,3.35,68.192
Switzerland,CHE,2009,71568.3123885672,554212916092.271,562214997702.417,71800.0,47658570354.7326,32.9,4.109,68.276
Switzerland,CHE,2010,76531.3729407691,598851028906.58,629972347630.646,79040.0,17670735602.9226,32.6,4.808,67.013
Switzerland,CHE,2011,90476.7589651577,715888126682.396,720038694879.46,81330.0,20764483834.5029,31.7,4.409,67.525
Switzerland,CHE,2012,85836.2076767359,686420221557.99,697992809377.499,86720.0,39943494321.6384,31.6,4.491,67.586
Switzerland,CHE,2013,87304.3305813557,706234937370.968,717684744662.856,90590.0,-24926465856.5785,32.5,4.747,67.602
Switzerland,CHE,2014,88724.9909402638,726537808338.0,725732044919.197,88250.0,21003091521.7734,32.5,4.826,67.991
Switzerland,CHE,2015,83806.4476003837,694118186379.628,701133713181.255,86810.0,118752400108.647,32.3,4.801,68.218
Switzerland,CHE,2016,82153.0745447889,687895460902.713,683895323472.44,83360.0,166801396968.929,33.0,4.918,68.663
Switzerland,CHE,2017,82254.3769269767,695200833086.499,685587748787.691,80770.0,143235966548.555,32.7,4.797,68.538
Switzerland,CHE,2018,85217.3691512274,725568717468.001,699353255841.699,82470.0,-160387834479.04,33.1,4.713,68.575
Switzerland,CHE,2019,84121.9310304414,721369112726.724,696318048854.117,83160.0,8774913614.47834,34.0,4.394,68.323
Switzerland,CHE,2020,85897.7843338323,741999406005.627,716684165061.556,81740.0,-241498368915.245,33.7,4.817,67.984
Switzerland,CHE,2021,93446.4344518943,813408787222.499,800495604747.336,90810.0,-117205528462.786,,5.013,67.47
Switzerland,CHE,2022,93245.7952120851,818426550206.45,801895036040.353,95480.0,-10988929763.848,,4.122,66.641
Switzerland,CHE,2023,99564.710026145,884940402230.409,860241113084.629,95070.0,-52637267566.9725,,4.043,67.373
Syrian Arab Republic,SYR,2000,1138.1884854278,18937052543.4373,17208185053.3808,890.0,270000000.0,,9.587,50.89
Syrian Arab Republic,SYR,2001,1186.82913474027,20237024724.7039,18552254311.2404,980.0,110000000.0,,11.63,49.956
Syrian Arab Republic,SYR,2002,1183.2473451033,20669357462.3831,18917039446.9296,1060.0,115000000.0,,10.94,49.023
Syrian Arab Republic,SYR,2003,1220.179077256,21828144686.0394,19930501930.5019,1150.0,160000000.0,37.5,10.28,48.09
Syrian Arab Republic,SYR,2004,1368.1148230028,25086950495.0495,23181782178.2178,1280.0,275000000.0,,9.513,47.329
Syrian Arab Republic,SYR,2005,1533.90166536568,28858965517.2414,26381417624.5211,1390.0,500000000.0,,8.809,46.569
Syrian Arab Republic,SYR,2006,1718.78347217338,33751788856.305,31430303030.303,1520.0,659000000.0,40.1,8.17,45.81
Syrian Arab Republic,SYR,2007,1937.61138578027,40465318382.0585,38148578293.9527,1670.0,1241959115.11048,,8.42,44.25
Syrian Arab Republic,SYR,2008,2429.12477087189,52557913568.9549,49342684719.9534,1950.0,1465623386.27635,,10.94,43.594
Syrian Arab Republic,SYR,2009,2462.20193643202,54111735628.7065,50941610382.4087,2250.0,2569548271.53071,40.4,8.14,42.94
Syrian Arab Republic,SYR,2010,2730.61477118949,61390830874.7007,57408366910.3825,2480.0,1469196863.48146,,8.61,42.7
Syrian Arab Republic,SYR,2011,2952.14349372257,67539428159.4474,62976957811.7152,2600.0,,,8.627,43.4
Syrian Arab Republic,SYR,2012,1897.66115018696,43190318032.5627,41500139065.8099,1980.0,,,13.8,39.2
Syrian Arab Republic,SYR,2013,985.892669227054,21361254635.051,20440062129.0977,1270.0,,,14.5,37.78
Syrian Arab Republic,SYR,2014,1060.59105886854,21502061465.9498,20679218993.0952,1070.0,,,14.783,37.566
Syrian Arab Republic,SYR,2015,847.731631942565,16466863117.0009,15846726811.9009,900.0,,,14.243,37.47
Syrian Arab Republic,SYR,2016,656.3490586313,12597854877.4254,12131412781.9446,750.0,,,13.795,37.514
Syrian Arab Republic,SYR,2017,851.502005254153,16369843352.3453,15776320913.866,720.0,,,13.597,37.621
Syrian Arab Republic,SYR,2018,1098.0668642357,21497782867.6426,20708643151.976,810.0,,,13.497,37.788
Syrian Arab Republic,SYR,2019,1109.53926036049,22583045060.0821,21724169919.4071,970.0,,,13.36,38.011
Syrian Arab Republic,SYR,2020,572.355289831901,12047752036.091,11545828324.1689,790.0,,,15.191,37.65
Syrian Arab Republic,SYR,2021,663.614245706815,14353205678.4991,13831790420.3696,700.0,,,14.877,37.712
Syrian Arab Republic,SYR,2022,1051.67149587463,23622827079.5047,22818123249.5906,710.0,,26.6,13.268,38.011
Syrian Arab Republic,SYR,2023,,,,,,,13.187,38.011
Tajikistan,TJK,2000,136.925716400723,860541842.263697,824412233.59422,170.0,,,4.15,44.727
Tajikistan,TJK,2001,168.676285365186,1080772551.29433,1030086266.20442,160.0,,,3.75,44.727
Tajikistan,TJK,2002,186.951638285222,1221106220.2868,1179977808.59315,170.0,36066400.0,,3.95,44.727
Tajikistan,TJK,2003,233.58124845289,1555318261.4172,1485016464.86684,210.0,31649700.0,32.7,3.85,44.727
Tajikistan,TJK,2004,305.745158587502,2076176869.41089,2018638461.83885,260.0,272025100.0,33.6,3.616,44.993
Tajikistan,TJK,2005,333.927150941684,2312352020.6689,2660524577.20306,370.0,54479300.0,,3.375,44.47
Tajikistan,TJK,2006,401.018403316427,2830213848.6203,3460593443.86747,460.0,338627400.0,,3.13,43.923
Tajikistan,TJK,2007,516.997210618914,3719524540.86193,4729663327.31345,570.0,359967400.0,32.2,2.874,43.309
Tajikistan,TJK,2008,703.327375898643,5161299725.27673,6649276639.77731,730.0,486614340.0,,7.134,42.705
Tajikistan,TJK,2009,664.795655734657,4979472364.4534,5953362631.39956,790.0,149060550.0,30.8,11.5,42.51
Tajikistan,TJK,2010,737.338883219356,5642221099.17704,6969749692.10775,910.0,93940670.0,,11.542,42.491
Tajikistan,TJK,2011,833.601978202852,6522756255.012,8316624763.05171,1000.0,145883670.0,,11.557,42.473
Tajikistan,TJK,2012,952.452819695469,7633036903.07634,9744488621.92436,1130.0,241736370.0,,11.444,42.454
Tajikistan,TJK,2013,1028.19704279396,8448411318.25417,11112718542.523,1300.0,283140730.0,,11.417,42.436
Tajikistan,TJK,2014,1081.54402932039,9112605459.32845,11296415927.1155,1320.0,326593810.0,,11.439,42.417
Tajikistan,TJK,2015,956.916310930656,8271431485.07484,9797996695.50327,1230.0,454012320.0,34.0,11.485,42.399
Tajikistan,TJK,2016,788.710481734485,6992416096.89018,8081792570.51881,1090.0,241616267.20903,,11.5,42.38
Tajikistan,TJK,2017,829.45714764957,7536402852.85802,8637196303.70133,1000.0,185827080.700795,,11.487,41.953
Tajikistan,TJK,2018,834.288404578801,7764999999.45362,8990673043.81483,1000.0,220862232.3377,,11.437,41.494
Tajikistan,TJK,2019,871.022372934846,8300813599.3084,9631287021.79045,1050.0,212809730.699297,,11.419,41.066
Tajikistan,TJK,2020,834.311715460625,8133963550.65742,9498106073.45013,1030.0,106534792.807917,,12.321,40.676
Tajikistan,TJK,2021,896.748053372182,8937805347.13963,10758910057.1676,1130.0,84038181.4649617,,12.333,41.122
Tajikistan,TJK,2022,1052.17949484894,10713525200.3998,14210918854.2368,1360.0,174022240.52391,,11.634,41.186
Tajikistan,TJK,2023,1160.81187026311,12060602008.8478,15143750556.1562,1400.0,140579836.62608,,11.546,41.235
Turkiye,TUR,2000,4192.44316738494,274294623164.043,270292626423.701,4170.0,982000000.0,,6.495,49.948
Turkiye,TUR,2001,3045.55413956926,201753123806.695,196753123480.321,3460.0,3352000000.0,,8.381,49.822
Turkiye,TUR,2002,3583.19745897158,240249071871.106,235695070613.166,3490.0,1082000000.0,,10.358,49.577
Turkiye,TUR,2003,4637.88218501529,314595572145.767,309038571376.221,3850.0,1702000000.0,,10.542,48.331
Turkiye,TUR,2004,5960.77898909049,408865430220.331,403256429261.394,5150.0,2785000000.0,,10.838,46.306
Turkiye,TUR,2005,7303.01388860245,506314717661.655,500944717222.531,6680.0,10031000000.0,,10.636,46.431
Turkiye,TUR,2006,7953.07848024969,557076157773.479,551091156026.835,7740.0,20185000000.0,,10.227,46.272
Turkiye,TUR,2007,9711.22376120832,681321124295.914,675043124770.229,8880.0,22047000000.0,,10.285,46.23
Turkiye,TUR,2008,10843.5036940489,770449132861.373,762847134585.508,9770.0,19851000000.0,,10.965,46.886
Turkiye,TUR,2009,9012.99945793034,649289324627.732,641632325737.438,9550.0,8585000000.0,,14.026,47.88
Turkiye,TUR,2010,10622.7020439723,776967266305.53,770452267925.786,10380.0,9099000000.0,,11.879,48.804
Turkiye,TUR,2011,11300.7852215681,838785289694.35,831536291661.567,11190.0,16182000000.0,,9.789,49.864
Turkiye,TUR,2012,11713.2849831139,880555885492.269,873967885708.304,11880.0,13744000000.0,,9.21,49.958
Turkiye,TUR,2013,12578.1878632,957799120008.32,949181118917.851,12570.0,13563000000.0,,9.713,50.84
Turkiye,TUR,2014,12165.220135038,938934609296.966,930726607714.177,12630.0,13337000000.0,,9.901,50.512
Turkiye,TUR,2015,11049.9951100942,864313810469.009,854629812144.004,12080.0,19263000000.0,,10.304,51.3
Turkiye,TUR,2016,10970.0458948862,869682881593.041,860501882366.186,11340.0,13835000000.0,,10.899,52.0
Turkiye,TUR,2017,10695.550196231,858988492853.742,848260493929.361,11090.0,11190000000.0,43.5,10.919,52.832
Turkiye,TUR,2018,9568.83506330228,778972108040.602,767897107698.872,10650.0,12450000000.0,42.4,10.956,53.212
Turkiye,TUR,2019,9215.44049888114,761005915750.925,749161915105.152,9800.0,9507000000.0,43.8,13.73,52.951
Turkiye,TUR,2020,8638.73903848102,720338490327.248,711744489823.581,9160.0,7675000000.0,43.0,13.148,49.334
Turkiye,TUR,2021,9743.21277804855,819865223976.115,809183224524.79,10010.0,12895000000.0,44.4,11.969,51.359
Turkiye,TUR,2022,10674.504157865,907118434653.505,898339434432.342,10640.0,13666000000.0,,10.465,53.055
Turkiye,TUR,2023,13105.6585678319,1118252964260.77,1107012964203.48,11730.0,10951000000.0,,9.388,53.313
Turkmenistan,TKM,2000,633.835487638011,2904663310.9825,2727383250.38665,590.0,,,11.666,53.547
Turkmenistan,TKM,2001,756.034976276398,3534772732.39746,3429772727.49554,630.0,,,10.851,53.336
Turkmenistan,TKM,2002,935.540801478466,4462029108.72349,4339729122.08788,720.0,,,10.153,53.419
Turkmenistan,TKM,2003,1228.94870289404,5977440582.80171,5899440592.8639,940.0,,,9.311,53.274
Turkmenistan,TKM,2004,1379.23009682692,6838351088.46688,6731351088.46688,1240.0,,,8.44,53.009
Turkmenistan,TKM,2005,1604.01618452312,8103901996.37024,7541355716.8784,1500.0,,,7.485,52.246
Turkmenistan,TKM,2006,1996.59310717308,10276674364.8961,9650674364.89607,1770.0,,,6.58,51.654
Turkmenistan,TKM,2007,2414.96071986964,12664165103.1895,12299718574.1088,2160.0,,,5.694,51.097
Turkmenistan,TKM,2008,3605.50395120549,19271523178.8079,18235683677.4445,2800.0,,,4.835,50.405
Turkmenistan,TKM,2009,3707.97850699617,20214385964.9123,18957543859.6491,3260.0,,,4.0,50.176
Turkmenistan,TKM,2010,4058.53937000739,22583157894.7368,20689157894.7368,3720.0,,,4.0,49.818
Turkmenistan,TKM,2011,5143.61929334647,29233333333.3333,26406333333.3333,4300.0,,,4.002,49.271
Turkmenistan,TKM,2012,6053.8748468749,35164210526.3158,31835210526.3158,5040.0,,,3.986,48.914
Turkmenistan,TKM,2013,6599.64529055481,39197543859.6491,35782543859.6491,5880.0,,,3.983,48.622
Turkmenistan,TKM,2014,7164.14536184006,43524210526.3158,39603210526.3158,6480.0,,,4.0,48.356
Turkmenistan,TKM,2015,5759.497903834,35799714285.7143,33705628571.4286,6300.0,,,4.016,48.219
Turkmenistan,TKM,2016,5686.98040962764,36169428571.4286,35225885714.2857,6080.0,,,4.031,48.097
Turkmenistan,TKM,2017,5828.4816623489,37926285714.2857,36352285714.2857,5650.0,,,4.044,47.975
Turkmenistan,TKM,2018,6125.05169712085,40765428571.4286,39048469257.1429,5930.0,,,4.044,47.867
Turkmenistan,TKM,2019,6648.0348960628,45232857142.8571,44588356857.1429,6450.0,,,4.043,47.764
Turkmenistan,TKM,2020,6592.60146027748,45818000000.0,45566594285.7143,6740.0,,,4.501,46.511
Turkmenistan,TKM,2021,7051.20211079213,50007428571.4286,49698385714.2857,7200.0,,,4.459,46.732
Turkmenistan,TKM,2022,8156.35211950774,58972000000.0,58199983628.5714,7780.0,,,4.109,47.818
Turkmenistan,TKM,2023,8232.65225980002,60628857142.8571,60128502821.6963,8250.0,,,4.099,47.688
Ukraine,UKR,2000,653.294311523438,32375083934.8241,30318922002.054,680.0,595000000.0,,11.707,57.207
Ukraine,UKR,2001,800.49072265625,39309580983.2282,37342938515.6643,710.0,792000000.0,,11.061,56.975
Ukraine,UKR,2002,903.011901855469,43956163612.0433,41787248022.9038,780.0,693000000.0,29.0,10.136,56.743
Ukraine,UKR,2003,1076.48156738281,52010355753.0461,49552308329.3078,970.0,1424000000.0,28.7,9.057,56.51
Ukraine,UKR,2004,1401.01806640625,67220154164.3166,64238766685.4672,1250.0,1715000000.0,28.9,8.59,56.277
Ukraine,UKR,2005,1875.33508300781,89238865118.5263,85157868835.6009,1530.0,7808000000.0,29.0,7.18,56.044
Ukraine,UKR,2006,2366.494140625,111884752475.248,106031485148.515,1930.0,5604000000.0,29.8,6.81,55.81
Ukraine,UKR,2007,3160.32763671875,148733861386.139,142060594059.406,2560.0,10193000000.0,27.0,6.351,56.24
Ukraine,UKR,2008,4017.806640625,188110390659.515,178339963331.708,3170.0,10700000000.0,26.6,6.363,56.247
Ukraine,UKR,2009,2607.08764648438,121552153444.124,114783526113.943,2810.0,4769000000.0,25.3,8.84,56.253
Ukraine,UKR,2010,3039.63232421875,141209170427.233,135958427544.398,2990.0,6451000000.0,24.8,8.1,56.26
Ukraine,UKR,2011,3656.69799804688,169333835201.554,161004939653.442,3100.0,7207000000.0,24.6,7.851,56.266
Ukraine,UKR,2012,3951.34228515625,182591753827.949,180602773435.061,3600.0,8175000000.0,24.7,7.529,56.273
Ukraine,UKR,2013,4129.89697265625,190498811460.028,187716627048.668,3900.0,4509000000.0,24.6,7.17,56.279
Ukraine,UKR,2014,3054.908203125,133503871861.723,131977538852.591,3500.0,847000000.0,24.0,9.27,56.286
Ukraine,UKR,2015,2094.47387695313,91030967789.0717,94833354986.1847,2760.0,-198000000.0,25.5,9.14,56.292
Ukraine,UKR,2016,2158.46118164063,93355869403.9223,94324077169.513,2330.0,4128000000.0,25.0,9.35,56.299
Ukraine,UKR,2017,2604.28759765625,112090505081.739,113717855579.016,2330.0,3680000000.0,26.0,9.5,56.305
Ukraine,UKR,2018,3059.0517578125,130891088293.55,132164741725.995,2720.0,4975000000.0,26.1,8.799,56.312
Ukraine,UKR,2019,3619.86157226563,153883047509.577,155795133939.49,3270.0,5796000000.0,26.6,8.194,56.318
Ukraine,UKR,2020,3709.76928710938,156617722013.342,160040031866.428,3530.0,304000000.0,25.6,9.475,55.087
Ukraine,UKR,2021,4775.94580078125,199765859570.935,193966075658.275,4060.0,7954000000.0,,9.834,54.639
Ukraine,UKR,2022,4199.6708984375,161989520721.19,170470520722.365,3930.0,221000000.0,,,
Ukraine,UKR,2023,5069.703125,178757021965.008,183755021981.851,4950.0,4805000000.0,,,
United Arab Emirates,ARE,2000,29865.502347066,104337372362.151,109429271613.342,28170.0,423667090.0,,2.25,74.514
United Arab Emirates,ARE,2001,27745.1708087672,103311640571.818,108376310415.248,28360.0,213701290.0,,2.444,74.652
United Arab Emirates,ARE,2002,27753.6089526346,109816201497.617,110737372362.151,27200.0,441116410.0,,2.661,74.989
United Arab Emirates,ARE,2003,29659.5428567811,124346358066.712,124291899251.191,29030.0,991150440.0,,2.908,75.467
United Arab Emirates,ARE,2004,33376.7152295209,147824370319.946,148532334921.715,33220.0,2208000000.0,,2.965,76.051
United Arab Emirates,ARE,2005,38719.3138307623,180617467964.602,183503880190.606,36880.0,3750300000.0,,3.12,76.708
United Arab Emirates,ARE,2006,44342.6048322482,222116541865.214,226854458815.521,41670.0,10891763100.0,,2.963,77.236
United Arab Emirates,ARE,2007,45854.7325158162,257916133424.098,266289176310.415,43420.0,14567733150.0,,2.936,77.346
United Arab Emirates,ARE,2008,50054.1700681803,315474615738.598,319278420694.35,44890.0,15820300000.0,,2.821,77.096
United Arab Emirates,ARE,2009,37803.0663738777,253547358747.447,256161470388.019,41310.0,2722900000.0,,2.944,76.644
United Arab Emirates,ARE,2010,43696.6712597922,300189052694.029,300105186118.127,42040.0,2015000000.0,,2.811,76.683
United Arab Emirates,ARE,2011,50789.0505418347,360832739558.385,360968069714.954,44790.0,2178000000.0,,2.596,76.905
United Arab Emirates,ARE,2012,52034.4762466073,384610125384.033,384909648869.397,49010.0,2536010990.0,,2.327,77.077
United Arab Emirates,ARE,2013,52023.5170958751,400218529747.597,400681429679.523,52160.0,8828337870.0,32.5,2.126,77.359
United Arab Emirates,ARE,2014,51381.4069909213,414105366758.911,414764318426.712,51990.0,11735900000.0,,2.002,77.692
United Arab Emirates,ARE,2015,43534.9972681733,370275469560.166,372018151656.831,48510.0,16691600000.0,,1.793,78.011
United Arab Emirates,ARE,2016,41326.4018161834,369255326235.771,371351990633.321,44750.0,15711400000.0,,1.64,78.453
United Arab Emirates,ARE,2017,42340.5917145576,390516804016.501,393294203608.06,41390.0,14059946000.0,,2.462,78.759
United Arab Emirates,ARE,2018,45689.8570040215,427049432149.345,428473530175.213,43370.0,15079292000.0,26.4,2.236,79.108
United Arab Emirates,ARE,2019,44251.4541390148,417989721734.494,420051262918.973,45070.0,21226160000.0,,2.331,79.467
United Arab Emirates,ARE,2020,37173.8754100281,349473015336.939,347594186201.473,41100.0,18937330000.0,,4.294,78.781
United Arab Emirates,ARE,2021,43360.0211014806,415178792769.884,414443598760.354,42640.0,22545950000.0,,3.105,77.054
United Arab Emirates,ARE,2022,49899.0652978649,502731935197.487,502786394013.008,46070.0,24833220000.0,,2.872,77.242
United Arab Emirates,ARE,2023,49040.6947525825,514130432653.081,517969779147.295,49020.0,22328110000.0,,2.151,77.455
United Kingdom,GBR,2000,28280.926786099,1665534876683.31,1670131638674.53,29420.0,164130335444.123,38.8,5.558,61.338
United Kingdom,GBR,2001,27906.5695029641,1649827263567.01,1658734705628.33,29110.0,56090924808.7938,37.1,4.696,60.966
United Kingdom,GBR,2002,30077.741432188,1785729916067.15,1806396882494.0,29190.0,89760582753.2235,35.1,5.037,61.254
United Kingdom,GBR,2003,34442.6875402308,2054422857142.86,2077931428571.43,32260.0,36011240472.8341,34.9,4.807,61.368
United Kingdom,GBR,2004,40366.8886650968,2421525082387.4,2441457341633.1,37820.0,87059621382.2838,34.8,4.594,61.417
United Kingdom,GBR,2005,42104.7884375024,2543180000000.0,2569580000000.0,42710.0,252653397148.111,35.5,4.835,61.634
United Kingdom,GBR,2006,44512.4590296865,2708441582336.71,2697812327506.9,44850.0,203636431868.244,35.9,5.411,62.058
United Kingdom,GBR,2007,50397.6854954706,3090510204081.63,3062292917166.87,47390.0,209514959646.908,34.4,5.342,61.905
United Kingdom,GBR,2008,47396.1202078484,2929411764705.88,2890751838235.29,48380.0,253454117907.322,35.4,5.705,62.157
United Kingdom,GBR,2009,38744.131693043,2412840006231.5,2392568935971.33,44080.0,14547108445.0914,35.1,7.627,61.957
United Kingdom,GBR,2010,39598.957119545,2485482596184.71,2486575029070.35,41760.0,66734551294.0913,33.7,7.924,61.768
United Kingdom,GBR,2011,42109.6418795749,2663805834828.07,2674933131108.5,41100.0,27012050072.3452,33.2,8.169,61.76
United Kingdom,GBR,2012,42497.3404974322,2707089726614.64,2681873588980.34,41800.0,46750789727.7264,33.1,8.25,61.971
United Kingdom,GBR,2013,43426.2981405143,2784853502534.29,2735499202605.75,42790.0,54473175400.2415,32.7,7.704,61.976
United Kingdom,GBR,2014,47439.6165895125,3064708247921.43,3009960217665.1,44580.0,58890445252.714,33.1,6.363,62.108
United Kingdom,GBR,2015,44964.3911437292,2927911140916.73,2864097393294.2,44380.0,45333483122.0899,33.3,5.517,62.226
United Kingdom,GBR,2016,40985.2351382417,2689106566899.61,2626007963890.08,42960.0,324813224213.021,33.1,4.867,62.38
United Kingdom,GBR,2017,40572.1214823783,2680148052335.3,2651310310924.48,41660.0,125358809934.121,32.6,4.452,62.38
United Kingdom,GBR,2018,43203.8141057739,2871340347581.79,2832314578365.26,42020.0,-25055440306.9073,33.7,4.12,62.603
United Kingdom,GBR,2019,42662.5353740311,2851407164907.81,2848530128634.05,43240.0,19790761929.1276,32.8,3.613,62.596
United Kingdom,GBR,2020,40201.6812422928,2696778386607.65,2640330920076.4,38770.0,157185559299.99,32.6,4.472,62.543
United Kingdom,GBR,2021,46896.8662432834,3143323050707.26,3158743956476.28,45510.0,5055966700.84887,32.4,4.826,61.947
United Kingdom,GBR,2022,45935.9276473925,3114042471144.39,3104062213686.48,48520.0,44897919400.6377,,3.73,61.905
United Kingdom,GBR,2023,49463.8554617343,3380854520809.54,3296696999733.49,47700.0,-89439143375.0189,,3.984,61.784
Uzbekistan,UZB,2000,555.149231099186,13760513969.314,13541513969.314,620.0,,36.0,12.317,61.753
Uzbekistan,UZB,2001,454.415812256778,11401421329.1974,11196421329.1974,550.0,,,11.3,61.546
Uzbekistan,UZB,2002,381.409296889283,9687788512.80184,9542788512.80184,450.0,,33.0,10.283,61.339
Uzbekistan,UZB,2003,394.164028897235,10134453435.4603,10018453435.4603,420.0,,35.3,9.248,61.104
Uzbekistan,UZB,2004,462.171492867885,12030023547.8807,11980923547.8807,460.0,,,8.162,60.606
Uzbekistan,UZB,2005,542.835808692209,14307509838.8053,14283209838.8053,520.0,213491019.6,,7.092,60.143
Uzbekistan,UZB,2006,649.118167003925,17330833852.919,17241833852.919,600.0,207156423.36,,6.03,59.629
Uzbekistan,UZB,2007,824.028192334768,22311393927.8817,23242393927.8817,760.0,667503821.44,,4.99,59.003
Uzbekistan,UZB,2008,1074.72928796701,29549438883.8338,31271456763.7246,970.0,547961216.4,,4.89,58.48
Uzbekistan,UZB,2009,1205.7993547038,33689223673.2577,34586223673.2577,1150.0,613093923.0,,5.04,58.106
Uzbekistan,UZB,2010,1753.20730243278,49765676402.4495,50620430026.2665,1420.0,1662748216.26525,,5.36,57.91
Uzbekistan,UZB,2011,2087.86386135694,60178909297.208,61313053176.5864,1760.0,1615052149.82,,4.96,57.744
Uzbekistan,UZB,2012,2307.34649117185,67517349212.0609,68310411486.0245,2200.0,744244552.244516,,4.87,57.542
Uzbekistan,UZB,2013,2461.97947403595,73180037914.9104,74402142414.1827,2470.0,691576225.994763,,4.86,57.332
Uzbekistan,UZB,2014,2674.9628382103,80845385809.4529,81960281654.2022,2650.0,808675996.570486,,5.09,57.143
Uzbekistan,UZB,2015,2803.19018021751,86196264755.3105,87622912878.4217,2790.0,1041199291.09393,,5.15,56.928
Uzbekistan,UZB,2016,2753.37951427589,86138288644.171,86990975030.9007,2840.0,1662886452.22485,,5.16,56.807
Uzbekistan,UZB,2017,2190.60411562888,69703222282.7278,70916116486.5204,2630.0,1798299474.68216,,5.83,56.774
Uzbekistan,UZB,2018,1813.08530813664,58695899092.1083,60203452154.7622,2340.0,624686535.504395,,5.389,56.63
Uzbekistan,UZB,2019,2041.38480729431,67293639798.3996,68029857950.0186,2150.0,2316482962.28621,,4.932,56.454
Uzbekistan,UZB,2020,1978.28051860763,66443265418.3086,66603341567.8173,2000.0,1728247827.582,,5.293,55.517
Uzbekistan,UZB,2021,2258.51964119278,77340060003.0347,77697421134.9422,2250.0,2280290469.82798,,5.364,56.143
Uzbekistan,UZB,2022,2578.66689394219,90095926567.4359,90999134200.6793,2490.0,2657306384.3246,31.2,4.49,56.116
Uzbekistan,UZB,2023,2849.51461071911,101591769702.343,100818361933.577,2700.0,2156721391.75428,,4.46,56.03
West Bank and Gaza,PSE,2000,1476.17185000238,4313600000.0,4819100000.0,1550.0,62005481.8276937,,10.625,40.254
West Bank and Gaza,PSE,2001,1335.55319529359,4003700000.0,4322700000.0,1370.0,19176400.668,,21.493,36.626
West Bank and Gaza,PSE,2002,1156.21747345769,3555800000.0,3774700000.0,1190.0,9440000.0,,27.465,35.907
West Bank and Gaza,PSE,2003,1257.69857009689,3968000000.0,4212600000.0,1370.0,12872000.0,,23.004,38.759
West Bank and Gaza,PSE,2004,1422.19088643544,4603100000.0,4831300000.0,1640.0,20520000.0,34.0,23.215,38.222
West Bank and Gaza,PSE,2005,1543.70141392774,5125700000.0,5474700000.0,1780.0,36242000.0,34.7,20.016,38.642
West Bank and Gaza,PSE,2006,1570.10439962728,5348300000.0,5770900000.0,1710.0,18587960.0,34.0,19.014,38.63
West Bank and Gaza,PSE,2007,1664.24571669276,5815700000.0,6368300000.0,1790.0,19596000.0,35.6,18.282,39.918
West Bank and Gaza,PSE,2008,2035.20234121766,7310400000.0,7981700000.0,2040.0,51508000.0,,22.913,39.376
West Bank and Gaza,PSE,2009,2191.78178736868,8085700000.0,8617800000.0,2250.0,300468000.0,34.5,20.452,39.53
West Bank and Gaza,PSE,2010,2557.07562356699,9681500000.0,10280600000.0,2510.0,179941047.792492,35.3,21.416,39.997
West Bank and Gaza,PSE,2011,2880.79843707909,11186100000.0,11935600000.0,2880.0,238840690.55525,34.4,17.597,41.362
West Bank and Gaza,PSE,2012,3067.43872735614,12208400000.0,13065900000.0,3210.0,62985366.1058956,,19.202,41.679
West Bank and Gaza,PSE,2013,3315.29753909282,13515500000.0,14675800000.0,3470.0,189560177.039613,,19.894,41.801
West Bank and Gaza,PSE,2014,3352.11259506043,13989700000.0,15472300000.0,3560.0,159711665.338643,,20.526,42.118
West Bank and Gaza,PSE,2015,3272.15432360708,13972400000.0,15684800000.0,3670.0,104937726.65803,,23.005,43.967
West Bank and Gaza,PSE,2016,3527.61382413178,15405400000.0,17301000000.0,3900.0,296473530.843925,33.7,23.939,43.769
West Bank and Gaza,PSE,2017,3620.36048715937,16128000000.0,18257000000.0,3930.0,183950642.861711,,25.677,44.004
West Bank and Gaza,PSE,2018,3562.33094270256,16276600000.0,19062800000.0,4190.0,210694555.545305,,26.256,43.452
West Bank and Gaza,PSE,2019,3656.85827137011,17133500000.0,19791500000.0,4200.0,131879984.168895,,25.34,44.271
West Bank and Gaza,PSE,2020,3233.56863835858,15531700000.0,18024400000.0,3700.0,79744992.3247409,,25.895,40.936
West Bank and Gaza,PSE,2021,3678.63565662194,18109000000.0,21736300000.0,4270.0,353477054.949858,,26.39,43.367
West Bank and Gaza,PSE,2022,3799.95527015163,19165500000.0,23693000000.0,4720.0,310825494.481581,,24.42,44.991
West Bank and Gaza,PSE,2023,3372.34974423005,17420800000.0,20657700000.0,4180.0,103535363.986695,,,
"Yemen, Rep.",YEM,2000,493.235182634814,9679316770.18633,8902206292.54658,380.0,-8564000.0,,11.557,45.198
"Yemen, Rep.",YEM,2001,487.141257946318,9852990692.98714,9162077702.29415,430.0,14613000.0,,11.724,44.442
"Yemen, Rep.",YEM,2002,513.241486570603,10693430511.4664,9875077046.506,460.0,28093000.0,,11.84,43.724
"Yemen, Rep.",YEM,2003,548.905883049973,11777532662.0499,10750980620.9611,480.0,48898000.0,,12.015,43.048
"Yemen, Rep.",YEM,2004,627.632023395762,13867634371.4773,12521179984.0033,540.0,21552000.0,,12.132,42.423
"Yemen, Rep.",YEM,2005,734.159908450927,16731566717.1888,15119106634.9478,620.0,-302056736.757507,34.7,12.215,41.865
"Yemen, Rep.",YEM,2006,809.713127624703,19063143369.858,17828826202.4298,710.0,1120970000.0,,12.35,41.361
"Yemen, Rep.",YEM,2007,890.305768114988,21650528674.0933,20300345952.8501,780.0,917300000.0,,12.488,40.894
"Yemen, Rep.",YEM,2008,1071.63583282105,26910855807.288,24995533337.568,880.0,1554630000.0,,12.657,40.467
"Yemen, Rep.",YEM,2009,969.243509864478,25130278212.5575,23958162513.4615,960.0,129200000.0,,12.763,40.077
"Yemen, Rep.",YEM,2010,1155.20305261418,30906749533.221,29087765768.4776,1040.0,188641795.777668,,12.779,39.719
"Yemen, Rep.",YEM,2011,1186.47500581215,32726417878.391,30388993336.2956,930.0,-517842928.476896,,13.311,38.924
"Yemen, Rep.",YEM,2012,1245.05068272078,35401331609.5916,33831688609.8425,1080.0,-14239188.3601923,,13.473,38.213
"Yemen, Rep.",YEM,2013,1378.75002954928,40415233436.1767,38599633436.1767,1230.0,-133570895.625639,,13.673,37.564
"Yemen, Rep.",YEM,2014,1430.16420964026,43228585321.3272,40801643750.2909,1250.0,-233104668.580815,36.7,13.467,36.972
"Yemen, Rep.",YEM,2015,1362.17379435676,42444489522.2303,41437133275.7215,1030.0,-15444808.3545508,,17.9,32.068
"Yemen, Rep.",YEM,2016,975.359406696353,31317824943.2073,30921701659.4956,970.0,787000.0,,18.416,32.292
"Yemen, Rep.",YEM,2017,811.165963877611,26842228828.5629,26106000074.582,880.0,5601000.0,,18.603,32.486
"Yemen, Rep.",YEM,2018,633.887206000087,21606160783.9845,20996364431.2515,740.0,3605670.0,,17.584,32.63
"Yemen, Rep.",YEM,2019,623.376164898164,,,,3331220.0,,17.202,32.747
"Yemen, Rep.",YEM,2020,559.564672794182,,,,,,17.953,32.506
"Yemen, Rep.",YEM,2021,522.173512705812,,,,,,18.287,32.405
"Yemen, Rep.",YEM,2022,615.70207931388,,,,,,17.363,32.897
"Yemen, Rep.",YEM,2023,477.409028678688,,,,,,17.091,32.96
