Country Name,Year,Foreign Investment,GNI per Capita,Unemployment Rate,Labor Force participation rate,Economic Index
Lebanon,2023,0.2969436489246312,0.9320584074298065,0.3074422353573347,0.24787864593654851,0.4838108507232092
Syrian Arab Republic,2023,0.29708535337776276,1.0,0.35161203653949485,0.10706757706235248,0.4807996434423478
Qatar,2022,0.2963881065442334,2.538667588787543e-06,0.0008060182697474474,0.9999999999999999,0.22947887633426822
Qatar,2023,0.2958604341371872,2.837966150940467e-06,0.0008060182697474474,0.9995496063559549,0.22933618001403572
Qatar,2017,0.2972606232752054,2.175284765121014e-06,0.0010746910263299304,0.9986127875763416,0.22923476927990546
Qatar,2018,0.2942186695636916,2.2644299110254136e-06,0.0002686727565824822,0.9987028663051506,0.22910983788103828
Qatar,2016,0.2970572467908122,2.470645188298242e-06,0.0013433637829124126,0.9981984254238202,0.22907797232985694
Qatar,2019,0.2936180239880225,2.3464148042467293e-06,0.0,0.9974417641018251,0.2288513284265694
Qatar,2015,0.29734202655717107,2.8716193385509634e-06,0.0018807092960773778,0.9945772605256994,0.2282749487113108
Qatar,2020,0.29398104574384354,2.061078734825819e-06,0.0010746910263299304,0.9915325994919558,0.22749071680687696
Qatar,2014,0.2973127846015135,3.3037405879751016e-06,0.0026867275658248257,0.9850829625092329,0.22621217731912696
Qatar,2021,0.2952666380286091,2.3918824087843144e-06,0.0010746910263299304,0.9781649161367033,0.22494590476614001
Qatar,2009,0.2993976701836425,2.2501094056592453e-06,0.005642127888232132,0.980488947339975,0.22491025596341568
Qatar,2010,0.29810177766952795,2.6091960777159233e-06,0.009403546480386889,0.9816960023060152,0.22426997353011732
Qatar,2013,0.2955092672282544,3.45983409646634e-06,0.004836109618484687,0.9769578611706632,0.22397700695030937
Qatar,2008,0.2998226664451116,2.358229221173818e-06,0.005642127888232132,0.9733186805267801,0.22351875628683135
Qatar,2011,0.2972151006631547,2.997639785773247e-06,0.012358946802794198,0.9798223647467884,0.22321569247500722
Qatar,2012,0.296694751917075,3.320925194414504e-06,0.010209564750134336,0.9764894517808563,0.22292711306044913
Qatar,2007,0.30126342717454546,2.088645707655694e-06,0.011284255776464266,0.9595006035274828,0.2197706565905121
Qatar,2006,0.29643733019733204,1.906417276871198e-06,0.020687802256851157,0.9327292053254542,0.21205296684209227
Qatar,2003,0.29639968224941504,9.999292871927241e-07,0.020687802256851157,0.9162267822076492,0.2087482641797447
Qatar,2002,0.2962949550633735,9.104261286541703e-07,0.020687802256851157,0.9112184048858701,0.2077360712452055
Qatar,2001,0.29633163972278725,8.209229701156163e-07,0.020687802256851157,0.908840326445313,0.20726407927145618
Qatar,2005,0.29665259264626936,1.4302604734460913e-06,0.020687802256851157,0.9084439800385534,0.20721720995120413
Qatar,2000,0.2963321542150282,6.966925860641036e-07,0.020687802256851157,0.9051651143099068,0.206529026178407
Qatar,2004,0.2967350640657461,1.25519229534468e-06,0.020687802256851157,0.9033995712252506,0.2062164877964022
Netherlands,2007,1.0,1.7349292251113289e-06,0.10889306824288016,0.6345505972219719,0.20513237326043093
United Arab Emirates,2019,0.31666943718986484,1.6078347399865823e-06,0.059940891993551855,0.8539283333633595,0.19046523591031803
United Arab Emirates,2016,0.31138119379102597,1.5963783356936475e-06,0.041375604513702306,0.8356603671608985,0.1899958700977097
United Arab Emirates,2018,0.3107750493788751,1.5469725921803656e-06,0.057388500806018275,0.8474606806348749,0.18909271438995495
United Arab Emirates,2015,0.31232113246098475,1.7309910861356325e-06,0.04548629768941429,0.8276974075341846,0.18767520071059562
United Arab Emirates,2017,0.30979757261549234,1.476086090617831e-06,0.06346050510478238,0.841173185364008,0.1865230313564397
United Arab Emirates,2014,0.30756898589220827,1.8555794828212994e-06,0.051101558301988176,0.8219503846361719,0.184927591645799
Iceland,2001,0.29647186567698686,1.095876673146054e-06,0.047662547017732405,0.8216981641955067,0.18445485794159014
Iceland,2000,0.2964639209435001,1.1302458860248587e-06,0.049328318108543795,0.8232475183310212,0.1844307972617885
United Arab Emirates,2023,0.31772612502638914,1.7492497304774976e-06,0.05510478237506716,0.8176806528906263,0.184288661230616
United Arab Emirates,2013,0.3047808507347968,1.8616656976019212e-06,0.05443310048361096,0.8159511412974937,0.18278262406910503
Iceland,2007,0.30290503127678503,2.253331519366633e-06,0.057791509940891994,0.8107265750265732,0.18087864281057445
United Arab Emirates,2012,0.2987469787101763,1.7488917178433433e-06,0.05983342289091886,0.8108707009926673,0.18008302793722628
United Arab Emirates,2022,0.3201283386169833,1.6436360034020038e-06,0.07447608812466415,0.8138432990433638,0.17988709786343998
United Arab Emirates,2007,0.3102845026077318,1.5487626553511367e-06,0.07619559376679204,0.8157169366025906,0.1789334932092606
United Arab Emirates,2008,0.3114856207662948,1.6013905125718065e-06,0.0731058570660935,0.8112130001621417,0.17877079139109542
United Arab Emirates,2006,0.3067595215838537,1.486110444374149e-06,0.07692101020956475,0.813735204568793,0.1780395340854532
United Arab Emirates,2011,0.2984036728809871,1.5978103862302644e-06,0.06706072004298763,0.8077719927216386,0.17798342072902204
United Arab Emirates,2021,0.31793501733394247,1.5208376698871078e-06,0.080736163353036,0.8104563388401461,0.17773829724965123
United Arab Emirates,2020,0.31447461998321136,1.4657037242273586e-06,0.11268135411069316,0.8415695317707675,0.17722583038219814
Iceland,2016,0.2952926437361517,2.0965219856070865e-06,0.07732401934443847,0.8149422595348333,0.17705396067268694
Iceland,2006,0.3000324603852452,1.959403146726022e-06,0.07334766254701773,0.8057542291963177,0.17648553906995787
United Arab Emirates,2010,0.29824736804197133,1.499356911837855e-06,0.07283718430951101,0.8037724971625201,0.17601254905325486
Iceland,2017,0.2896027582497629,2.230060698146609e-06,0.07098334228909188,0.8054659772641287,0.17585791785033272
United Arab Emirates,2009,0.2989261913274884,1.4732219895445973e-06,0.07641053197205802,0.8030698830778099,0.17522522596489398
Iceland,2002,0.2964032638866346,1.0951606478777455e-06,0.07759269210102095,0.8025113949591941,0.17462461454062206
United Arab Emirates,2005,0.29991139127598426,1.3146223926142797e-06,0.08113917248790972,0.8042228908065648,0.17460854010252577
Iceland,2008,0.2974693793709423,1.871332038724085e-06,0.07646426652337453,0.7971787342137026,0.17389076714117924
Iceland,2005,0.2992817417494021,1.821568282576649e-06,0.06574422353573348,0.7848559641126341,0.17375143307446164
Iceland,2018,0.2957179929025028,2.593443521813138e-06,0.06996238581407845,0.7889995856378474,0.17338053597676498
Yemen,2019,0.29631832776705724,0.4657131277974537,0.4594841483073617,0.012232691372259352,0.1730381052884121
United Arab Emirates,2004,0.29843244064276914,1.1835897685138368e-06,0.07697474476088124,0.7923865458410649,0.17292619607519794
Moldova,2021,0.29668539364825325,1.8294445605280418e-07,0.018404083825900055,0.7285927900985462,0.17170637209158257
Moldova,2022,0.29687708283426095,1.9189477190665957e-07,0.02141321869962386,0.7289711207595438,0.17119938464279605
United Arab Emirates,2000,0.29672139850627754,1.0027933882659579e-06,0.05776464266523375,0.7646963446051848,0.1710589816353121
Iceland,2003,0.2966367139972763,1.1903920085627669e-06,0.10470177324019343,0.8116633938061865,0.17105659070893053
United Arab Emirates,2003,0.2972655727005468,1.0335824748032205e-06,0.07544331004836109,0.7818653503161762,0.17101148211485512
Kuwait,2022,0.29703649009032174,1.3905210710549735e-06,0.05572272971520688,0.7608589907579223,0.1707315964781108
United Arab Emirates,2002,0.2967381311023115,9.68066162752999e-07,0.06880709296077378,0.773253823842038,0.1705636433195654
United Arab Emirates,2001,0.29652005696905165,1.009595628314888e-06,0.0629768941429339,0.7671825175203127,0.1704936351701951
Kuwait,2023,0.29834288021853445,1.4735800021787515e-06,0.05445996775926921,0.7566973534869473,0.17028250195739017
Iceland,2015,0.29741383887262024,1.8842204935536368e-06,0.10421816227834498,0.8014844974507719,0.1691955930319942
Bahrain,2017,0.2976826221936542,7.947880478223586e-07,0.02939279957012359,0.7252058298953284,0.1689312656784303
Kyrgyz Republic,2000,0.29631287019185537,4.2961516098505874e-09,0.04723267060720043,0.7416001585385626,0.1685047867535338
Bahrain,2018,0.2979014408072092,8.606623725067343e-07,0.029554003224073082,0.7214765705226366,0.16817508787161986
Iceland,2019,0.29578152618374065,2.685094756156617e-06,0.09153680816765179,0.7838470823499738,0.16804155000221654
Iceland,2004,0.29703942602685823,1.4853944191058406e-06,0.10561526061257387,0.7952690651629523,0.16763544620997106
Bahrain,2016,0.29654848889006585,8.076765026519104e-07,0.029339065018807092,0.7189543661159851,0.16757831294669354
Kuwait,2018,0.2962946338820333,1.1520846567082658e-06,0.05652874798495433,0.7453294179112543,0.16739017341579168
Bahrain,2010,0.29646450615175524,6.927544470884071e-07,0.0276732939279957,0.7148107445907722,0.1670742871249544
Kuwait,2019,0.2968095721558358,1.2716608765157738e-06,0.057791509940891994,0.7440502999621667,0.16693335105027676
Kyrgyz Republic,2001,0.29631993445890087,4.2961516098505874e-09,0.04970445996775927,0.7351685373016016,0.16672481106073436
Kuwait,2017,0.2964235035144314,1.0915805215362034e-06,0.05714669532509403,0.7413299223521356,0.16647954154711223
Bahrain,2013,0.2998897318037092,9.240306087520305e-07,0.02907039226222461,0.7112796584214603,0.16643128842752244
Kyrgyz Republic,2002,0.29631960385083345,4.6541642440048035e-09,0.05279419666845782,0.7365737654710217,0.16638787647267828
Netherlands,2006,0.6563973844793967,1.6149949926696666e-06,0.13183772165502416,0.6351451168321111,0.1663020249808534
Bahrain,2012,0.29779636706736695,8.774889663119824e-07,0.029554003224073082,0.7119462410146468,0.1662585230093346
Bahrain,2019,0.29721820646488556,9.179443939714089e-07,0.03017195056421279,0.711820130794314,0.16605191566470578
Bahrain,2015,0.29637736151279853,8.406136649940983e-07,0.028479312197743148,0.7078566667267189,0.1655136273639075
Bahrain,2009,0.29656172061978703,6.723477269416169e-07,0.02606125738850081,0.7036409822184587,0.16517245320183377
Iceland,2023,0.29697532946936345,2.872693376453426e-06,0.09183234819989253,0.7689120291134451,0.16511490547633512
Bahrain,2014,0.29777137379915203,9.064879896784739e-07,0.027968833960236434,0.7044336750319778,0.16507055883825833
Kuwait,2016,0.296595165011595,1.2444519163200535e-06,0.055346587855991405,0.7320878447763343,0.16500839011118623
Bahrain,2011,0.2970639112886609,7.117291166985806e-07,0.029822675980655564,0.704775974201452,0.16469740663758373
Bahrain,2023,0.30287382601522855,1.0074475525099627e-06,0.028318108543793657,0.6991910930152953,0.16446248321959944
Kyrgyz Republic,2003,0.2963588072757105,6.444227414775882e-09,0.0554003224073079,0.7279802547426449,0.16415187041675217
Kuwait,2015,0.2965880892100591,1.4918386465206164e-06,0.05642127888232134,0.725241861386852,0.1634236713412353
Iceland,2022,0.29765583266400775,2.6335409368384103e-06,0.0991133799032778,0.7638676203001423,0.16271774811624212
Bahrain,2008,0.2980354439523078,7.486044180164648e-07,0.024556689951638906,0.6862017403210404,0.1621329287713201
Kyrgyz Republic,2004,0.29648338528397217,8.592303219701175e-09,0.05800644814615798,0.7198011061667898,0.1620072744286752
Kyrgyz Republic,2005,0.2963559502730534,1.0382366390472253e-08,0.06077377753895755,0.7216927594717782,0.16181939660505268
Iceland,2014,0.29705041391052606,1.7918532339418492e-06,0.12888232133261687,0.7887113337056585,0.16167173979227792
Netherlands,2011,0.6361773966291164,1.916083617993362e-06,0.13103170338527673,0.6199578431549174,0.16140392565864878
Bahrain,2022,0.2981863130581892,1.007805565144117e-06,0.03293927995701236,0.6907597239987747,0.16138322401695399
Moldova,2023,0.29665766152589534,2.1623963102914624e-07,0.03909188608275121,0.695155565964653,0.16087861024878541
Kyrgyz Republic,2006,0.296489679758877,1.2172429561243332e-08,0.06394411606663084,0.7188282558956528,0.16062580202790688
Moldova,2020,0.2964644572377671,1.5036530634477056e-07,0.029177861364857602,0.6776082295926641,0.1593325945519912
Oman,2018,0.3016858637611882,6.122016044037086e-07,0.045674368619022035,0.6905975822869187,0.15915353521050035
Bahrain,2007,0.297999306043613,6.959765607957952e-07,0.02434175174637292,0.6696272542201883,0.1588573790874048
Kuwait,2013,0.2976898780122779,1.9035531757979643e-06,0.0637023105857066,0.707316194353865,0.15849271633144738
Moldova,2015,0.29653172585406745,1.120579544902695e-07,0.04411606663084364,0.6872466535752247,0.1582793460032602
Moldova,2016,0.2963989818119512,1.0776180288041889e-07,0.03914562063406771,0.6816978038805915,0.15815038871140133
Kyrgyz Republic,2007,0.29651451264232526,1.6110568536939703e-08,0.06655024180548091,0.7085052335741436,0.15804245767324934
Kuwait,2014,0.29678098571569145,1.8326666742354297e-06,0.07522837184309511,0.7166123191669519,0.15795580436967763
Kuwait,2012,0.2990697318743691,1.7793227917464516e-06,0.057254164427727024,0.6964166681679788,0.15774036359688315
Moldova,2019,0.29681508830762066,1.5501947058877536e-07,0.03670069854916712,0.6713387500675588,0.1566091966441757
Moldova,2014,0.29664682566895745,1.2781051039305497e-07,0.03559914024717894,0.6701316951015187,0.15657125744301892
Netherlands,2008,0.4838139206594022,1.843049040625902e-06,0.09559376679204729,0.6340281405948797,0.156069188351027
Bahrain,2006,0.29911007473450946,6.333243498188074e-07,0.02474476088124664,0.6554128308141313,0.1560449381222028
Bahrain,2021,0.29802130648130104,8.978956864587728e-07,0.038715744223535735,0.6691948763219052,0.15589840601564722
Bahrain,2020,0.2972944614362759,8.488479555796452e-07,0.04516389038151531,0.6758967337452931,0.15587643924036093
Kyrgyz Republic,2008,0.29667664072312094,2.1480758049252936e-08,0.06829661472326705,0.6986866521339649,0.15574568229483068
Oman,2017,0.29907544189233093,5.900048210861474e-07,0.06507254164427725,0.6942187471850397,0.15573708029979613
Iceland,2013,0.2967683287520521,1.7549779326239648e-06,0.1417517463729178,0.7694885329778226,0.1552250676851525
Kuwait,2011,0.29944033600829917,1.5799097545225534e-06,0.05247178936055884,0.6779865602536616,0.1550477777343277
Oman,2019,0.29823123839313515,6.318922992821906e-07,0.05212251477700162,0.676977678491001,0.15479447252826303
Kyrgyz Republic,2009,0.29649673217328054,2.5060884390795093e-08,0.07103707684040839,0.6964707154052642,0.1547364134607414
Kyrgyz Republic,2010,0.29676848290336055,2.4702871756640875e-08,0.07487909725953788,0.6987226836254886,0.15444557791496208
Bahrain,2005,0.29732066379492444,5.867827073787593e-07,0.02474476088124664,0.6447475093231482,0.15373290945922646
Netherlands,2001,0.34617821422454814,9.544616826551387e-07,0.05424502955400323,0.6491253355432648,0.15359435985114847
Netherlands,2015,0.6571049627732708,1.7574840210630445e-06,0.18194519075765717,0.6192732448159689,0.15317698583099998
Kuwait,2006,0.2964314563921645,1.514393442472332e-06,0.032240730789897906,0.6488550993568379,0.15296677654932572
Kuwait,2005,0.29653942996576044,1.2738089523206992e-06,0.03643202579258463,0.6527825319329094,0.15292468112911714
Kuwait,2010,0.2975661738134321,1.5405283647655898e-06,0.046211714132187,0.6599527987461041,0.15250560456830903
Moldova,2017,0.2964585119003322,1.1241596712442369e-07,0.039924771628156906,0.6533049885600014,0.1523219507843857
Bahrain,2004,0.29714489930309773,5.19834344791921e-07,0.025926921010209564,0.6380096204082367,0.15213128972708762
Netherlands,2009,0.4911702093613418,1.8638137734068466e-06,0.11423965609887157,0.6284432594087229,0.15195867350499115
Kuwait,2009,0.2973829812305886,1.6200071695478256e-06,0.041375604513702306,0.6512692092889184,0.15171782908168685
Switzerland,2016,0.4562652284727753,2.978665116163074e-06,0.12944653412144008,0.6592862161529175,0.1515959485861311
Kazakhstan,2016,0.3128314625322348,2.9858253688461586e-07,0.1305749596990865,0.7314212621831481,0.15145255604130425
Kuwait,2021,0.29605398413429557,1.2881294576868677e-06,0.07796883396023642,0.6863999135244204,0.15129225839099522
Bahrain,2001,0.2963921915254324,4.5002188113184904e-07,0.027404621171413224,0.6353252742897292,0.15122357478714699
Kazakhstan,2019,0.29989274619021367,2.9858253688461586e-07,0.1262761955937668,0.7322680022339524,0.15118778523832693
Kuwait,2007,0.29642208778111523,1.695189822720211e-06,0.037614185921547555,0.645305997441764,0.15118141867706616
Kyrgyz Republic,2011,0.29697272682007264,2.541889702494931e-08,0.07788823213326168,0.6852108743041417,0.1511618138256318
Bahrain,2003,0.2968106103911245,4.661324496687888e-07,0.027619559376679204,0.6348748806456844,0.15113235835913832
Bahrain,2002,0.29652320760631434,4.4107156527799365e-07,0.02791509940891994,0.6347127389338282,0.15101206920139573
Netherlands,2000,0.35683265823989463,1.0035094135342664e-06,0.07052659860290167,0.6464770209162808,0.15087385204137205
Kazakhstan,2017,0.30087712198054006,2.7280562722551234e-07,0.12896292315959162,0.7319437188102399,0.1506840077309973
Bahrain,2000,0.2966637625179285,4.417875905463021e-07,0.026410531972058032,0.6314158574594194,0.1506676622430604
Kazakhstan,2015,0.3026227758857901,3.895177459597866e-07,0.12976894142933906,0.7313491992001008,0.15057852390160434
Kazakhstan,2018,0.296653913618315,2.7316363985966656e-07,0.12761955937667918,0.7321599077593816,0.1505735976201919
Oman,2016,0.29848812565231136,6.583852342096025e-07,0.08506179473401397,0.6870845118633685,0.15025368518371915
Kuwait,2004,0.2963379107008535,1.0353725379739916e-06,0.042987641053197204,0.646026627272236,0.1502421060001621
Kuwait,2008,0.2963094260886623,1.8487772427723693e-06,0.04433100483610962,0.6462067847298537,0.15000702297623644
Iceland,2020,0.29547275724745514,2.3507109558565797e-06,0.1444922084900591,0.7466445673518655,0.14997892285258474
Moldova,2018,0.2966120550342169,1.3210666200290556e-07,0.029446534121440084,0.6302808654764261,0.14982813782774992
Kazakhstan,2014,0.30332306816315013,4.1386260508227326e-07,0.13326168726491133,0.7300700812510134,0.14969419254483798
Iceland,2012,0.2972972305561464,1.5161835056431032e-06,0.15851692638366469,0.7582827391139856,0.14968364369343165
Switzerland,2017,0.43366773885195053,2.885939843917132e-06,0.12619559376679204,0.657034247932693,0.14953594768829723
Kuwait,2003,0.2962507784547504,8.230710459205416e-07,0.032240730789897906,0.6317221251373698,0.1495217682504924
Netherlands,2012,0.545281754644872,1.8391109016502055e-06,0.15370768404083826,0.6264435116291639,0.14907626053760317
Netherlands,2002,0.32075338665942654,9.379931014840449e-07,0.0659322944653412,0.6481164537806042,0.14851263952554603
Kazakhstan,2013,0.3059152167210084,4.056283144967263e-07,0.1370231058570661,0.7264309006071304,0.14847328343627098
Kuwait,2001,0.2962081975786716,6.94186497625024e-07,0.01880709296077378,0.6128956708162933,0.1484388824222199
Kuwait,2002,0.29631860415043004,6.97408611332412e-07,0.026867275658248257,0.6203001423243913,0.1483187824525773
Kuwait,2000,0.29633076370068184,6.676935626976121e-07,0.01880709296077378,0.6100852144774532,0.14788903452018543
Kazakhstan,2022,0.3011840738535578,3.3151969922680367e-07,0.1278882321332617,0.7163060514890013,0.1478021370163533
Netherlands,2016,0.5605584664920387,1.6565244582315557e-06,0.15870499731327242,0.6156881114093716,0.14745329773065283
Kazakhstan,2012,0.30940267599014776,3.393959771781964e-07,0.13944116066630843,0.7211883185904481,0.14728986888183132
Iceland,2021,0.29676127752619796,2.3940304845892396e-06,0.1592960773777539,0.7448610085214477,0.14679031099660084
Netherlands,2004,0.43048863424217076,1.304956051492116e-06,0.12213863514239655,0.6404957933233647,0.14672094753843645
Norway,2007,0.3201023240284742,2.8136212918179804e-06,0.06429339065018806,0.63613598284901,0.1463801576532577
Switzerland,2001,0.3056790521953513,1.4982828739353924e-06,0.06421278882321332,0.6431981551876339,0.14636572763385622
Kazakhstan,2023,0.30152911029527696,3.784193543010059e-07,0.12684040838259,0.7077485722521483,0.1463347330131165
Oman,2015,0.29423193342619175,7.299877610404456e-07,0.08868887694787747,0.6718792224404128,0.14606162743500678
Netherlands,2013,0.5941047580078429,1.8545054449188368e-06,0.19185921547555077,0.6250202677139819,0.146043613501193
Switzerland,2015,0.41018982528801007,3.102179474946278e-06,0.12630306286942505,0.6512692092889184,0.14601376290243717
Netherlands,2005,0.4975828576474305,1.4968508233987755e-06,0.1550779150994089,0.6361179671032481,0.14596704459092258
Netherlands,2017,0.48762665507456737,1.6482901676460087e-06,0.12727028479312197,0.6126254346298662,0.1458345196198894
Norway,2008,0.3160481107689448,3.1394127888983167e-06,0.06504567436861901,0.6361539985947718,0.1458280456285195
Kazakhstan,2020,0.30322513928830686,2.9428638527476525e-07,0.1286942504030091,0.7052804150827822,0.14563989400797794
Kazakhstan,2011,0.30951022633372766,2.8175594307936773e-07,0.14212788823213324,0.715261138234817,0.14557781351188107
Switzerland,2000,0.318447975066703,1.5902921209130258e-06,0.06872649113379903,0.6346586916965428,0.1450320327652795
Iceland,2009,0.29637610965845695,1.5555648954000668e-06,0.19129500268672756,0.7681373520456877,0.14500685862008542
Kazakhstan,2021,0.30069417685637856,3.0001458742123273e-07,0.14631918323482,0.7179274686075631,0.14439122476748018
United Kingdom,2016,0.6077867819695798,1.5322940741800428e-06,0.12807630306286943,0.5460932855315545,0.1443828408377321
Iceland,2011,0.29737662368828943,1.4037675385186793e-06,0.1861364857603439,0.7566613219954238,0.14384333149961417
Switzerland,2002,0.30423398777143273,1.4492351430562647e-06,0.07587318645889306,0.6428378402723979,0.14381705415741577
Switzerland,2007,0.343003577259385,2.289848808050363e-06,0.09513702310585706,0.6404057145945555,0.14335524094808225
Oman,2014,0.29754864312657714,7.840476687977322e-07,0.0899785061794734,0.6575386888140234,0.14326729286340212
Oman,2023,0.3082911014794157,7.271236599672119e-07,0.08264373992477163,0.6441169582214855,0.14312411736911432
Switzerland,2009,0.3420161466702076,2.5648025110808005e-06,0.10771090811391724,0.6523141225431025,0.14312353995411337
Kuwait,2020,0.2957799997644646,1.1814416927089116e-06,0.09288017195056421,0.660223034932531,0.14304716329368616
Iceland,2010,0.29656156013429,1.3554358329078602e-06,0.20053734551316496,0.765471021672942,0.14264356896330088
Switzerland,2008,0.2991832185110235,2.316699755611929e-06,0.08731864588930682,0.6508007998991115,0.1426159110029411
Netherlands,2003,0.3159313352921875,1.077618028804189e-06,0.09384739387426115,0.6450177455095752,0.14182774266529596
Kazakhstan,2010,0.3034649941621829,2.5239890707872204e-07,0.15233745298226758,0.7083611076080493,0.14155135654082818
Oman,2022,0.3029919475795895,6.963345734299493e-07,0.08597528210639441,0.6420991946961644,0.14152432544319968
Kyrgyz Republic,2012,0.2965653433810233,3.114709917141676e-08,0.08097796883396023,0.6395409587979891,0.1413691479044577
Switzerland,2006,0.34786770372523473,2.3317362862464063e-06,0.10464803868887694,0.6350910695948256,0.14087654242185635
Oman,2021,0.3047015531887437,6.351144129895785e-07,0.04836109618484686,0.6003567117660834,0.14086959599232818
Norway,2009,0.3045961856984797,3.1494371426546346e-06,0.08060182697474476,0.6305871331543768,0.1404582545243457
Oman,2013,0.29786133436938106,8.148367553349947e-07,0.09261149919398173,0.6425315725944475,0.13977055553540893
Moldova,2013,0.2965470782496052,1.238723714173586e-07,0.04763567974207415,0.5977804601221465,0.13968372583716068
Norway,2006,0.30770517611098014,2.5111006159576684e-06,0.08858140784524449,0.6325328336966508,0.13956205833168728
Netherlands,2022,0.3112384199931072,2.1434216406812887e-06,0.09204728640515851,0.6312176842560399,0.13895899328030734
Switzerland,2003,0.3152261527254782,1.6647587488171026e-06,0.10792584631918323,0.6446213991028159,0.13886255820864876
Norway,2012,0.32306720361098057,3.565447823541833e-06,0.08138097796883395,0.6128416235790078,0.1386006322070446
Switzerland,2019,0.30472962085958916,2.9715048634799897e-06,0.115368081676518,0.6531608625939068,0.1380330040218684
Switzerland,2012,0.3346179643551929,3.0989573612388905e-06,0.11797420741536807,0.6398832579674635,0.137845156024619
Norway,2010,0.3170607800726442,3.1784361660211263e-06,0.09207415368081677,0.6181022213414523,0.13691328075747455
Norway,2011,0.3061885390246985,3.249322667583661e-06,0.08318108543793659,0.6145891509179021,0.13690209165979675
Kazakhstan,2009,0.31000464508116177,2.2984411112700643e-07,0.17329392799570123,0.7015691714558524,0.13665562812220197
Moldova,2012,0.29655601543426546,1.0668776497795626e-07,0.05510478237506716,0.5894571855801972,0.13652613552833504
Switzerland,2011,0.3162267241915492,2.9059885514297683e-06,0.11577109081139171,0.638784297475994,0.1362267667463511
Yemen,2022,0.2964499774384277,0.39187570221928625,0.4638097796883396,0.014935053236528661,0.1358079035631237
Switzerland,2014,0.3164555311617746,3.1537332942644855e-06,0.12697474476088122,0.6471796350009907,0.1356881080308465
Norway,2022,0.31010038924763117,3.3746270895376365e-06,0.08412144008597527,0.6068423802403299,0.13555591426917882
Kazakhstan,2008,0.3124431947262953,2.044252141020571e-07,0.17544331004836108,0.6950114399985586,0.1351580476752761
United Kingdom,2005,0.5385908914616765,1.5233437583261875e-06,0.12721655024180548,0.5326535391932549,0.1349472486083367
Norway,2000,0.30430495937960805,1.3045980388579616e-06,0.09022031166039764,0.6125353559010575,0.1348941570851122
Oman,2020,0.29814619455466373,6.064734022572413e-07,0.07630306286942504,0.6012574990541731,0.13480580992911712
Kyrgyz Republic,2013,0.2969020119218034,3.651728868372999e-08,0.08202579258463191,0.6067162700199974,0.1346283149378978
Switzerland,2004,0.30312570358532953,1.9633412857017186e-06,0.11327243417517463,0.6340821878321651,0.1344755027605739
Norway,2001,0.2993743125724863,1.36474416139587e-06,0.09774314884470714,0.6170933395787918,0.13380815177614624
Norway,2013,0.29500274120681313,3.7473182416921747e-06,0.08933369156367543,0.6101572774605005,0.1336668649591672
Ireland,2007,0.3537880922201557,1.8036676508689382e-06,0.13111230521225148,0.6224260003242833,0.13364245007824738
Norway,2005,0.30596073359566267,2.2873427196112835e-06,0.11501880709296078,0.6284252436629615,0.13327850434492622
Ireland,2005,0.34138581936727963,1.592440196717951e-06,0.11114991939817302,0.6054731835624335,0.13300403098967845
Norway,2002,0.2992031797371584,1.4238162460313155e-06,0.10537345513164965,0.6206244257481036,0.13297122400512965
Netherlands,2010,0.3474119595969365,1.9085653526761236e-06,0.1314078452444922,0.6224800475615687,0.1329565907057853
Denmark,2006,0.29860240948624495,1.9142935548225907e-06,0.10201504567436862,0.6174536544940276,0.13294891985933371
Norway,2004,0.3010316031120359,1.937922388676769e-06,0.11166039763567974,0.6253805826292179,0.13284816627110557
Denmark,2007,0.30763951343392054,1.994488384873135e-06,0.09943578721117678,0.6092564901724106,0.13272908917983126
Oman,2012,0.29762371114821906,7.8046754245619e-07,0.09846856528747985,0.6123732141892012,0.1325436911289374
Moldova,2011,0.29667269747605346,9.200924697763342e-08,0.06845781837721655,0.5823950132415731,0.13245475472510015
Norway,2003,0.30032284738929094,1.599242436766881e-06,0.11072004298764106,0.6221737798836181,0.1323238317393429
Switzerland,2005,0.2988705840312438,2.241517102439544e-06,0.11652337452982268,0.6286054011205792,0.1323045844798269
Norway,2014,0.29942419972548506,3.755910544911876e-06,0.09097259537882858,0.6026086799863078,0.13227151484931682
United Kingdom,2008,0.539358722930174,1.7263369218916276e-06,0.15059108006448146,0.5420757742266739,0.13223367429391683
Switzerland,2010,0.3132600504535581,2.8240036582084526e-06,0.12649113379903276,0.6295602356459545,0.13194123741656927
Kyrgyz Republic,2015,0.2974121958068704,3.5801263415421564e-08,0.08699623858140784,0.5968616570882949,0.13171432118269616
Switzerland,2022,0.285777569586076,3.4125764287579833e-06,0.10806018269747447,0.6228583782225666,0.1315391023518404
Ireland,2006,0.31747867807349445,1.7109423786229963e-06,0.11432025792584632,0.612931702307817,0.1314710121549329
Norway,2023,0.30659562026140075,3.6785798159345653e-06,0.09328318108543793,0.5970958617831984,0.13142393745560013
Israel,2018,0.31694593373760604,1.4818142927642985e-06,0.10255239118753358,0.6010773415965552,0.13140032436271132
Germany,2018,0.451901677939544,1.6962638606226736e-06,0.08823213326168726,0.518691336227863,0.1312828565191199
Norway,2019,0.3119742165727312,2.9453699411867317e-06,0.09629231595916174,0.5956726178680166,0.1310749547240147
United Kingdom,2020,0.4470443575596127,1.3822867804694265e-06,0.11746372917786137,0.5490298520907272,0.13101835148192467
Denmark,2000,0.3308491992149474,1.1599609346596585e-06,0.11757119828049435,0.606932458969139,0.130957752039691
Malta,2022,0.3195763174027404,1.1868118822212248e-06,0.07579258463191832,0.5698020069540778,0.13076010961064705
Israel,2023,0.31080507141507085,1.950810843506321e-06,0.09392799570123589,0.5923036734105606,0.13075661808879377
Malta,2021,0.37835229930085645,1.162467023098738e-06,0.08850080601826975,0.5530833948871313,0.13075232893736952
Kyrgyz Republic,2014,0.2966440550458202,3.8307351854501074e-08,0.08495432563138097,0.5897814690039095,0.13062985333276367
Switzerland,2023,0.24583992090145784,3.3978979107576603e-06,0.10593766792047286,0.636045904120201,0.1306073382790468
Israel,2019,0.31296447550697065,1.5623671354489969e-06,0.0975550779150994,0.5932224764444122,0.13043070844012733
Switzerland,2013,0.2724125123145971,3.2375082506565716e-06,0.12485222998387963,0.6401715098996522,0.13030672596873957
Israel,2022,0.3184003358807671,1.967637437311569e-06,0.09658785599140246,0.5885744140378689,0.13023832901608867
Denmark,2008,0.29841634571847253,2.1645443860963878e-06,0.09626544868350348,0.597041814545913,0.1299979900165222
Israel,2017,0.3125137805723852,1.361522047688482e-06,0.10854379365932293,0.6021402705965012,0.12997135420569803
Denmark,2002,0.30056384716157747,1.0994567994875961e-06,0.11214400859752821,0.6110220332570665,0.12983253937646516
Kyrgyz Republic,2016,0.29690891982854756,3.329517497634205e-08,0.0906501880709296,0.5906822562919992,0.12969732227465616
Malta,2023,0.32043012866760956,1.2383657015394317e-06,0.08087049973132723,0.5683967787846577,0.12954888786027782
Kazakhstan,2007,0.30779619654076246,1.6396978644263075e-07,0.19236969371305748,0.6857333309312338,0.12945242908260474
Norway,2015,0.3032904399865837,3.339541851390523e-06,0.11273508866200968,0.6073828526131838,0.1292602665598189
United Kingdom,2007,0.4972243483388643,1.6908936711103603e-06,0.14083825900053734,0.5375358062947014,0.12906278973955482
Kyrgyz Republic,2023,0.2963165717636995,5.728202146467449e-08,0.10454056958624396,0.6014196407660294,0.12900750005333778
Denmark,2001,0.30522010275126965,1.1195055070002323e-06,0.10918860827512089,0.6008791683931757,0.12886068205149143
United Kingdom,2006,0.49158727878000574,1.5999584620351896e-06,0.14269210102095645,0.5402922153962563,0.12867955073229156
Germany,2020,0.46583494658544816,1.713448467062076e-06,0.10158516926383664,0.5118273370926189,0.1286327849485348
Norway,2021,0.30991177798090824,2.9217411073325537e-06,0.11442772702847931,0.602338443799881,0.12857478202292483
Kyrgyz Republic,2022,0.29636772947447654,4.9405743513281756e-08,0.10593766792047286,0.6003567117660834,0.12852060641944152
Azerbaijan,2000,0.29643973326436623,1.6826593805248135e-08,0.31380977968833956,0.8058803394166499,0.1280580936853956
Ireland,2001,0.3002134412771803,8.563662208968837e-07,0.09629231595916174,0.5844127767668942,0.12764586447237497
United Kingdom,2017,0.4165248794244706,1.4857524317399948e-06,0.11692638366469639,0.5460932855315545,0.12748661119203455
Denmark,2005,0.30863447795106774,1.7753846527707553e-06,0.12708221386351423,0.6101032302232151,0.12746853875937333
Norway,2018,0.29088347370699924,2.8931000966002162e-06,0.09943578721117678,0.5903219413767632,0.12726702475386553
Moldova,2010,0.29659998216352235,7.947880478223588e-08,0.07622246104245028,0.5639468895814942,0.1272049236635634
Israel,2016,0.30781073098371675,1.3128323294435086e-06,0.12420741536808166,0.6047345379862,0.1268871540381601
Netherlands,2014,0.4335137794107894,1.8416169900892852e-06,0.19664159054271896,0.6143008989857134,0.12688416043817288
Kyrgyz Republic,2021,0.2965320474776442,3.973940239111793e-08,0.10736163353036002,0.5925018466139406,0.12668126723418174
Belarus,2022,0.29785556814107744,2.5239890707872204e-07,0.09333691563675442,0.5756571243266614,0.1262497247515427
Norway,2017,0.30197337307774297,2.7234021080111182e-06,0.10918860827512089,0.589096870664961,0.12618035148679632
Kyrgyz Republic,2018,0.2964534320889567,3.723331395203842e-08,0.09591617409994625,0.5776929035977444,0.12600070772511227
Germany,2019,0.36867894072925983,1.7653602990144372e-06,0.08229446534121439,0.5267623903291477,0.12576236175066216
Cyprus,2023,0.2877400993900999,1.1742814400258272e-06,0.16114991939817302,0.6455041706451438,0.12564544732912417
Ireland,2002,0.3068876344094825,8.864392821658378e-07,0.11058570660934981,0.5839263516313257,0.1253573356649845
Cyprus,2008,0.3081073230667943,1.13883818924456e-06,0.09822675980655561,0.5694777235303653,0.125061494470536
Belarus,2023,0.2982254160612929,2.7316363985966656e-07,0.09030091348737238,0.566342983767813,0.12503109224403736
Kazakhstan,2006,0.3036136760706984,1.2566243458812967e-07,0.20660934981192908,0.6791395679824165,0.12486747407238462
Azerbaijan,2001,0.29710104849006275,1.8616656976019214e-08,0.2904352498656636,0.7661916515034138,0.12486139448488483
Norway,2020,0.29238098813220365,2.8086091149398215e-06,0.11617409994626546,0.5933485866647449,0.12467440046147373
Belarus,2021,0.297495303820342,2.4631269229810034e-07,0.10209564750134335,0.575260777919902,0.1243826796220921
Saudi Arabia,2023,0.30812817156781735,1.1349000502688634e-06,0.10499731327243417,0.5725584160556324,0.12432560516344651
Netherlands,2019,0.17451383969898465,1.85307339438222e-06,0.08809779688339602,0.622444016070045,0.12432155434392544
Ireland,2004,0.313641789386384,1.3489916054930844e-06,0.11797420741536807,0.5826112021907145,0.12429225238951044
Denmark,2004,0.2878725955243539,1.5244177962286501e-06,0.13713057495969908,0.6137784423586213,0.12411759524111796
Israel,2015,0.3071857034127321,1.3028079756871907e-06,0.13637829124126813,0.6032031995964472,0.12408420341629688
Azerbaijan,2018,0.29766050378376674,1.403409525884525e-07,0.12896292315959162,0.6004828219864161,0.12407010031421786
Ireland,2000,0.30075371930963263,8.581562840676548e-07,0.11332616872649112,0.5829715171059505,0.12400487068499719
Norway,2016,0.2784133648577386,2.925321233674096e-06,0.12305212251477698,0.6032932783252564,0.12389103030848658
Belarus,2019,0.29753613307817983,2.223258458097679e-07,0.10921547555077915,0.5794404309366384,0.12379871554791275
Belarus,2020,0.29765110823276875,2.2375789634638476e-07,0.10609887157442235,0.5753868881402345,0.12362282601538749
Cyprus,2007,0.29851551769166046,9.73078339631158e-07,0.10333154218162278,0.5720900066658258,0.12360373120517645
Germany,2022,0.35646756327782186,1.9203797696032125e-06,0.08113917248790972,0.5199524384311888,0.1234103697063228
Germany,2017,0.4006332720786673,1.5616511101806886e-06,0.09889844169801182,0.5150881870755039,0.12330205710892024
Kyrgyz Republic,2017,0.29621232429926425,3.329517497634205e-08,0.09322944653412144,0.5612625434629867,0.12322786846328697
Kyrgyz Republic,2019,0.2967024098752399,3.8665364488655285e-08,0.11270822138635142,0.579836777343398,0.12309597151161555
Kyrgyz Republic,2020,0.2959301069944151,3.759132658619264e-08,0.12170875873186458,0.5886644927666779,0.12298417630206745
Ireland,2003,0.30163664040039967,1.067593675047871e-06,0.11762493283181084,0.581422162970436,0.12292364386460254
Azerbaijan,2019,0.2977572785344016,1.557354958570838e-07,0.13164965072541643,0.5972219720035311,0.12289026997681103
Germany,2021,0.3942681097104254,1.8609496723336128e-06,0.09387426114991938,0.5103320301943898,0.12271929525477279
Denmark,2003,0.29745129230740236,1.2401557647102029e-06,0.14234282643739923,0.6071306321725186,0.12270331045564647
Israel,2020,0.31642255225825133,1.5383802889606646e-06,0.10932294465341214,0.5645774406831571,0.12269392362191861
United Kingdom,2019,0.3152929975310226,1.542318427936361e-06,0.09438473938742611,0.5499846866161023,0.12265006035805147
Denmark,2022,0.3258700957365681,2.6192204314722416e-06,0.11644277270284793,0.566342983767813,0.12256836139686555
Azerbaijan,2017,0.29906483947324775,1.4141499049091517e-07,0.13164965072541643,0.5939791377664078,0.12237245206301828
Azerbaijan,2002,0.29825655167045756,2.0764732780944507e-08,0.26706072004298764,0.7280883492172158,0.12203119138425778
United Kingdom,2022,0.3393688883698481,1.7313490987697868e-06,0.09752821063944116,0.5375358062947014,0.12193927364258625
Cyprus,2022,0.2967756044667456,1.1782195790015236e-06,0.18017195056421278,0.6405678563064116,0.12175733070490381
Kazakhstan,2005,0.29875662043650114,9.37993101484045e-08,0.2157442235357335,0.6745996000504441,0.12164678424624731
United Kingdom,2000,0.45370387975108156,1.047544967535235e-06,0.14664159054271897,0.5273208784477633,0.1215067693286008
Czechia,2019,0.30662561510434505,7.854797193343491e-07,0.05145083288554541,0.5053416686183724,0.12144112139685957
Belarus,2018,0.2976830404483468,1.994130372238981e-07,0.1252821063944116,0.5823589817500495,0.12118377882248088
Azerbaijan,2016,0.30062997736183644,1.6575984961340184e-07,0.13164965072541643,0.5870250599023547,0.1211381624514961
Switzerland,2018,0.14251516620789237,2.946801991723349e-06,0.1239387426114992,0.6577008305258795,0.12100540760466116
Czechia,2018,0.30429786928228686,7.281976978696745e-07,0.05765717356260076,0.5099356837876302,0.12088585307208352
Israel,2014,0.3021155771837247,1.306746114662887e-06,0.1528479312197743,0.604464301799773,0.12053548520742954
Cyprus,2009,0.35829245607455784,1.169269263147668e-06,0.1476088124664159,0.5698920856828867,0.12028648488538153
Netherlands,2021,0.18556013958440543,2.0761152654602965e-06,0.11039763567974206,0.6190030086295423,0.12027812660603332
Germany,2023,0.31502904004768517,1.956181033018634e-06,0.07974207415368081,0.5233393986344063,0.12022334699143011
Azerbaijan,2003,0.3001578638696789,2.4344859122486664e-08,0.24368619022031165,0.6929936764732375,0.11987729580998262
Kazakhstan,2004,0.3016997516023723,7.231855209915155e-08,0.2229983879634605,0.6710504981353703,0.11978043335389524
Cyprus,2003,0.2971859790909612,5.925109095252268e-07,0.10889306824288016,0.5585962130902408,0.11965952313402302
Cyprus,2002,0.2973732593376048,5.137481300112994e-07,0.08694250403009134,0.5362386725998521,0.11959681652177766
United Kingdom,2004,0.37979881500097107,1.348275580224776e-06,0.12074153680816765,0.5287441223629451,0.11958107274884272
Oman,2011,0.29787736125483416,7.396541021626094e-07,0.10365394948952177,0.5525789540058009,0.11957310685579034
Switzerland,2021,0.1839237759637286,3.2453845286079648e-06,0.13199892530897367,0.6377934314590951,0.11955290151866145
Ireland,2022,0.2622004891325369,2.8186334686961394e-06,0.11824288017195057,0.5848091231736535,0.11953470683032863
Estonia,2022,0.2981158199346123,9.71288276460387e-07,0.14699086512627618,0.5953303186985425,0.11947995835205272
Cyprus,2019,0.34697971421443796,1.0267802347542904e-06,0.18954862976894143,0.6133460644603382,0.11945797174984055
Russian Federation,2023,0.2866826282739071,5.044398015232898e-07,0.0799570123589468,0.5336444052101535,0.11940599361753282
Kazakhstan,2003,0.2986963879544485,5.5849970928057635e-08,0.23320795271359482,0.6805447961518366,0.11933703540807869
Czechia,2023,0.3042026347651269,9.741523775336207e-07,0.06660397635679742,0.5109625812960527,0.1192924715405525
Czechia,2022,0.30508316387942136,9.272527224594184e-07,0.0570660934981193,0.5007836849406381,0.11925229830280712
Israel,2021,0.31448667367539807,1.7621381853070492e-06,0.12659860290166577,0.5630100708018807,0.11873184201667546
Hungary,2020,0.4568386537459438,5.685240630368944e-07,0.11149919398173025,0.4761561604842631,0.11861554293713249
Moldova,2008,0.29701189815522555,6.122016044037088e-08,0.05300913487372381,0.4957753076188588,0.11825445497462977
Estonia,2019,0.29930073751932773,8.198489322131537e-07,0.1185921547555078,0.5601635829715171,0.11824476931960075
Russian Federation,2013,0.3626908846535362,5.370189512313234e-07,0.1454325631380978,0.5552813158700703,0.11823910752122374
Cyprus,2006,0.2981101438306375,9.107841412883245e-07,0.1207146695325094,0.5626677716324066,0.11820209019511384
Luxembourg,2019,0.46582180025797015,2.829015835086612e-06,0.1475550779150994,0.5050534166861836,0.11808326228793141
Ireland,2008,0.3186462871412228,1.817988156235107e-06,0.17931219774314885,0.6102293404435476,0.11804896624828015
Azerbaijan,2020,0.2968014541146017,1.5466145795462114e-07,0.19183234819989253,0.6333435422559316,0.11798246155339696
Kazakhstan,2002,0.2987973031819118,4.618362980589382e-08,0.2479849543256314,0.6869944331345593,0.11768164917179168
Malta,2019,0.32736651831356056,1.0618654729014034e-06,0.09446534121440085,0.5183850685499126,0.11752112823119487
Denmark,2023,0.30070401679963454,2.6199364567405497e-06,0.13417517463729178,0.5708108887167384,0.11739885446408115
Israel,2013,0.307670919661456,1.250538131100675e-06,0.1621977431488447,0.5952942872070189,0.117387026046846
Azerbaijan,2015,0.3001965085630061,2.3091814902946906e-07,0.1305749596990865,0.5669375033779521,0.11729227505114825
Malta,2020,0.32650605732268306,1.0006453124610327e-06,0.11410531972058034,0.5372475543625127,0.11727955298331101
Moldova,2009,0.29656825132227677,6.40842615136046e-08,0.0775658248253627,0.5155565964653107,0.11725501150234804
Estonia,2023,0.3014461563070196,9.831026933874762e-07,0.16867275658248254,0.6041760498675842,0.117245765839069
Saudi Arabia,2022,0.3232178644990313,1.1084071153414516e-06,0.14747447608812467,0.5716936602590664,0.11716617748764915
Ireland,2021,0.3708454961033103,2.719821981669576e-06,0.16829661472326704,0.5685228890049904,0.11713116437766653
Cyprus,2004,0.29738801919627916,7.196053946499733e-07,0.12547017732401933,0.5623615039544562,0.11711742704841262
Azerbaijan,2004,0.3008404049089436,2.864101073233725e-08,0.2119828049435787,0.6467832885942312,0.11704415154153022
Russian Federation,2012,0.3448248292161122,4.76514816059261e-07,0.1446534121440086,0.5570288432089646,0.11695780739201046
United Kingdom,2002,0.3823888354443613,1.039310676949688e-06,0.13264373992477163,0.5258075558037724,0.11687216637557477
Sweden,2001,0.31378465406756445,1.057927333925707e-06,0.12439548629768943,0.5516421352261877,0.11682832415612307
Belarus,2017,0.29753900985435805,1.8473451922357524e-07,0.1490596453519613,0.5836020682076134,0.11666247792382585
Czechia,2017,0.30708841174961893,6.472868425508218e-07,0.07504030091348736,0.5045309600590916,0.11660729664750402
Hungary,2019,0.3905441607046499,5.874987326470678e-07,0.08917248790972596,0.47628227070459583,0.1164766663788053
Russian Federation,2021,0.33510366551173826,4.1386260508227326e-07,0.12490596453519612,0.5393373808708811,0.11639685674961338
Malta,2018,0.3663653905114159,1.0321504242666036e-06,0.09559376679204729,0.4931810402291602,0.11615450981377631
Cyprus,2001,0.2972210713070533,5.015757004500561e-07,0.10593766792047286,0.5376619165150341,0.11606720763746782
Portugal,2001,0.3021777976847551,4.185167693262781e-07,0.10018807092960774,0.5293386419730844,0.1160481032355555
Czechia,2020,0.3044808451122592,7.736653024072599e-07,0.06582482536270821,0.4934873079071108,0.11598096785275766
Russian Federation,2019,0.32697655225546945,3.9488793547209983e-07,0.11856528747984954,0.5343830507863873,0.11586140533082223
Germany,2016,0.35206006645758214,1.5813418050591703e-06,0.107576571735626,0.5106202821265785,0.11581553939485124
Azerbaijan,2005,0.3006076631679475,4.045542765942637e-08,0.19236969371305748,0.6210748193921486,0.11580181168032681
United Kingdom,2018,0.2722888354391628,1.4986408865695465e-06,0.10800644814615798,0.550110796836435,0.11565050260241498
Ireland,2019,0.3262836470827765,2.2708741384401896e-06,0.13030628694250404,0.5448682148197522,0.11554188572079652
Sweden,2007,0.3405633144588284,1.8623817228702297e-06,0.16284255776464265,0.5699101014286486,0.11547077136954548
Sweden,2002,0.31394175991757445,1.0371626011447626e-06,0.13070929607737775,0.5509755526330012,0.11544794588418272
Ireland,2018,0.3735867497202011,2.125162996339424e-06,0.15155830198817838,0.5418055380402472,0.11540918476393205
Poland,2023,0.3292216171527022,7.067169398204216e-07,0.07101020956475013,0.48311023834831646,0.1153425208304534
Russian Federation,2014,0.3174415447375872,5.166122310845331e-07,0.13734551316496507,0.5550110796836435,0.11527752608360996
Belarus,2016,0.2975108174478116,1.9619092351651015e-07,0.15432563138097796,0.5818905723602429,0.1152641680360959
Sweden,2008,0.3360496971897544,1.9765877531654245e-06,0.16483073616335303,0.5728466679878214,0.11520914437774568
Denmark,2021,0.31261426320292923,2.5114586285918226e-06,0.1328049435787211,0.5521465761075178,0.11513100855536657
Czechia,2021,0.30867659298973205,8.678226251898186e-07,0.07262224610424502,0.4933071504494929,0.11500507407933538
Azerbaijan,2014,0.30056361972465917,2.7137357668889547e-07,0.1292315959161741,0.5529572846667988,0.11480163540937921
Cyprus,2010,0.3260724143815462,1.145998441927644e-06,0.16816227834497582,0.578701785360405,0.11471571584046142
Belarus,2015,0.29789956580202637,2.355723132734739e-07,0.15531972058033316,0.579836777343398,0.11469348571897224
Poland,2022,0.3363790362840757,6.784339417222385e-07,0.07283718430951101,0.4773451997045416,0.11453984592438456
Cyprus,2021,0.3037217334800231,1.0779760414383433e-06,0.19916711445459429,0.6198857801718701,0.1145164454794782
Azerbaijan,2022,0.29202443992540045,1.972649614189728e-07,0.1491133799032778,0.575603077089376,0.1145004820622404
Russian Federation,2017,0.3236995877431146,3.2221137073879407e-07,0.13804406233207953,0.5486695371754914,0.11449521484867921
Estonia,2018,0.29753673993221186,7.518265317238528e-07,0.1427189682966147,0.5662348892932422,0.11445723410581254
United Kingdom,2001,0.35010214547674834,1.0364465758764542e-06,0.12348199892530895,0.5206190210243752,0.11443813719077603
Russian Federation,2018,0.30473914911197786,3.5872865942252406e-07,0.12818377216550242,0.5479669230907812,0.11443072446058326
Russian Federation,2016,0.327517510837273,3.408280277148133e-07,0.14752821063944116,0.5556776622768299,0.11438181182521892
Israel,2012,0.3049620513195191,1.178935604269832e-06,0.17898979043524985,0.5979786333255265,0.11429456317780938
Belarus,2014,0.2981006524568829,2.6707742507904486e-07,0.15588393336915637,0.5774767146486027,0.1141287550402901
Portugal,2002,0.296878879601215,4.1601068088719857e-07,0.11813541106931756,0.5395355540742607,0.11396812456645058
Portugal,2000,0.3033081751188959,4.3033118625336717e-07,0.09957012358946803,0.5175923757363935,0.11393548310686781
Russian Federation,2008,0.3680263647172212,3.3724790137327116e-07,0.1640247178936056,0.5490478678364888,0.11380743508424945
United Kingdom,2015,0.33978656148250275,1.5831318682299414e-06,0.14554003224073078,0.543318860684238,0.11353521340288583
United Kingdom,2003,0.3308472262888948,1.1492205556350321e-06,0.12646426652337453,0.5278613508206172,0.11336471409861584
Cyprus,2005,0.2974293792810303,8.531441071894958e-07,0.14457281031703384,0.5626137243951211,0.1133515473157741
Azerbaijan,2023,0.296557584236208,2.3270821220024015e-07,0.14873723804406233,0.5669375033779521,0.11329592784450486
Belarus,2013,0.29846897570023234,2.459546796639462e-07,0.15682428801719506,0.5739996757165763,0.11328209808723932
Russian Federation,2022,0.2581489973015321,4.528859822050828e-07,0.10120902740462116,0.5380942944133172,0.11319217957488353
Denmark,2009,0.29993129803021623,2.1530879818034528e-06,0.1695056421278882,0.5844127767668942,0.11297563327481372
Azerbaijan,2006,0.30061684008395595,6.301022361114194e-08,0.17517463729177862,0.5897094060208622,0.11296866925932411
Sweden,2017,0.31962201634819365,1.867751912382543e-06,0.17780763030628693,0.5828093753940945,0.11296348452833707
Sweden,2018,0.2956303135638782,1.966563399409106e-06,0.1683234819989253,0.5848091231736535,0.11286114287303317
Ireland,2023,0.16209211803357443,2.821497569769373e-06,0.11252015045674368,0.5956546021222547,0.11283751288524455
Kazakhstan,2001,0.2990162565250965,4.045542765942637e-08,0.2775389575497044,0.6920928891851476,0.1128124322073121
Germany,2015,0.35617029124058597,1.6350437001823026e-06,0.12122514777001613,0.5071792746860756,0.1128086720291206
Sweden,2022,0.3422854469044123,2.236504925561385e-06,0.19591617409994627,0.5887725872412487,0.1128009455711645
United Kingdom,2021,0.3011634282298767,1.6235872958893678e-06,0.12697474476088122,0.538292467616697,0.11238069918779878
Netherlands,2020,0.08429133990339255,1.7854090065270732e-06,0.0999462654486835,0.6192732448159689,0.11229542256829961
Denmark,2019,0.29266955430894165,2.250467418293399e-06,0.1321332616872649,0.5472643090060713,0.11229429012836459
Sweden,2019,0.3115452279918678,2.007376839702687e-06,0.1808973670069855,0.5863224458176445,0.11224054224973842
Belarus,2012,0.29771861658041726,2.316341742977775e-07,0.15706609349811929,0.568991298394797,0.11215701845446442
Moldova,2007,0.29682913656462423,4.58256171717396e-08,0.07047286405158516,0.48242564000936816,0.11207349176082762
Estonia,2017,0.29797961239093895,6.648294616243784e-07,0.1533315421816228,0.561658889869746,0.11146376319144935
Russian Federation,2011,0.3491362249066259,3.9023377122809506e-07,0.17385814078452444,0.5565784495649196,0.11145787936362725
Russian Federation,2007,0.34989382391315615,2.6492934927411955e-07,0.15857066093498118,0.5397337272776407,0.11122212812452216
Luxembourg,2021,0.3463463291621934,3.1308204856786155e-06,0.14699086512627618,0.5299151458374619,0.11122105446869933
Russian Federation,2015,0.3028866203242611,4.145786303505817e-07,0.14817302525523912,0.552759111463419,0.11120608656337727
Azerbaijan,2013,0.29882697802957986,2.609912102984232e-07,0.130843632455669,0.5373736645828454,0.11118883472399843
Sweden,2003,0.3020760535546144,1.1646150989036634e-06,0.14656098871574422,0.5507773794296215,0.11105146580578634
Denmark,2018,0.30471917826933487,2.181370979901636e-06,0.13516926383664696,0.5375538220404633,0.11094992015318672
Hungary,2022,0.2944093507651373,6.762858659173132e-07,0.09427727028479312,0.5018105824490603,0.11094793565230013
Sweden,2000,0.31819573651049565,1.1255917217808538e-06,0.14416980118216013,0.539157223413263,0.11081762089313103
Poland,2021,0.33228634270788304,6.197198697209472e-07,0.08511552928533046,0.4728953105013781,0.11078490037393271
Belarus,2011,0.3001531363674927,2.2160982054145945e-07,0.15910800644814616,0.5623615039544562,0.11066612394292155
Switzerland,2020,0.06473621511871461,2.920667069430091e-06,0.12673293927995702,0.647053524780658,0.11053919894554637
Sweden,2023,0.3183714823381223,2.1595322092182284e-06,0.20180010746910262,0.593780964563028,0.11023439941870192
Saudi Arabia,2021,0.3184777241724146,1.0035094135342664e-06,0.17520150456743688,0.5664871097339074,0.11010539520524233
Czechia,2016,0.30672006104467153,6.250900592332605e-07,0.10349274583557226,0.49999099212711895,0.10997196790780611
United Kingdom,2014,0.352786676717904,1.5902921209130258e-06,0.1682697474476088,0.541193002684346,0.10986411386519829
Estonia,2021,0.3035597240958573,9.344129751425028e-07,0.16329930145083288,0.5606139766155619,0.10981937464901911
Germany,2013,0.3607546267763136,1.6848074563297386e-06,0.1401397098334229,0.5082422036860216,0.10969680385187927
Sweden,2016,0.3111501461892726,1.9268239970179885e-06,0.18511552928533048,0.5770623524960815,0.10950534267307599
Netherlands,2023,0.0,2.233282811853997e-06,0.09234282643739924,0.6396670690183218,0.10946596515759047
Hungary,2021,0.32842760916211033,6.29386210843111e-07,0.10599140247178936,0.4890734501954709,0.10945948515405277
Azerbaijan,2012,0.3013909652107046,2.2626398478546425e-07,0.13675443310048363,0.531932909362783,0.10917490490552274
Luxembourg,2020,0.4382471669831841,2.8934581092343705e-06,0.17909725953788286,0.5050714324319455,0.10902099800618556
Austria,2007,0.3623522857800603,1.5877860324739463e-06,0.12920472864051585,0.4928207253139244,0.10895922180570397
Lithuania,2022,0.29863508999510097,8.524280819211874e-07,0.15730789897904351,0.5527050642261336,0.10894336826296908
Belarus,2010,0.2976513000178473,2.1444956785837515e-07,0.15972595378828586,0.5538760877006502,0.10859526400904154
Oman,2010,0.2975067446958933,8.001582373346719e-07,0.10303600214938205,0.49721656727980246,0.10858718757479208
Austria,2022,0.3100292091537727,1.9966364606780607e-06,0.13143471252015046,0.5191056983803842,0.10853811640565438
Ireland,2017,0.3645177625244471,1.9153675927250535e-06,0.1776732939279957,0.5378060424811285,0.10847928364686765
Austria,2019,0.284197809539354,1.8219262952108033e-06,0.11982804943578719,0.5193939503125732,0.1083338720924402
Denmark,2020,0.2975560314901293,2.239369026634619e-06,0.14876410531972056,0.5414992703622966,0.10830375584204147
Estonia,2007,0.29922369401805043,4.750827655226441e-07,0.12068780225685115,0.5124759039400436,0.10828022727982631
Germany,2012,0.35907017188517176,1.6611786224755605e-06,0.14164427727028478,0.502459149296485,0.10807082218306847
Ireland,2020,0.33015389091167324,2.3682535749301364e-06,0.14838796346050512,0.522852973498838,0.10790957522562136
Austria,2011,0.31835501987820525,1.8093958530154057e-06,0.1218968296614723,0.501576377754157,0.10777231630428397
Austria,2008,0.30235746005553543,1.7560519705264276e-06,0.11010209564750136,0.49705442556794643,0.10762709001562783
Germany,2011,0.3898443089163686,1.6865975195005097e-06,0.1576303062869425,0.5005674959914964,0.1075727121313074
Cyprus,2020,0.27136049543236984,9.709302638262327e-07,0.20566899516389037,0.6065180968166176,0.10730635533891435
United Kingdom,2023,0.2105496676888449,1.701992062769141e-06,0.1043524986566362,0.5353559010575241,0.10725649824509345
Germany,2014,0.3129589330118066,1.6994859743300616e-06,0.13108543793659322,0.5100257625164394,0.10708480796013706
Sweden,2006,0.317461985554307,1.751755818916577e-06,0.18715744223535732,0.5632983227340694,0.10697525053308257
Slovenia,2008,0.29735148412287427,8.76772941043674e-07,0.1147501343363783,0.4993063937881709,0.10664683868911647
Russian Federation,2020,0.3054046049775202,3.759132658619264e-07,0.14830736163353037,0.528834201091754,0.10664601634602969
Cyprus,2000,0.29713489403572796,5.019337130842102e-07,0.12536270822138634,0.5097194948384888,0.10658509769384983
Belarus,2009,0.29811455687507754,1.969069487848186e-07,0.16120365394948952,0.5449763092943231,0.10656608520994885
Slovenia,2023,0.2977033068975774,1.0990987868534418e-06,0.0954325631380978,0.4793809789756246,0.10656056340665652
Azerbaijan,2011,0.3006160288330737,1.9368483507743063e-07,0.1429339065018807,0.5246545480750174,0.10640582804035226
Denmark,2017,0.29977424221782906,2.020623307166393e-06,0.15403009134873724,0.5361305781252813,0.1063985318887453
Luxembourg,2023,0.2736090359131094,3.000861899480635e-06,0.13659322944653413,0.5306718071594573,0.10617811956484532
Slovenia,2022,0.2984059675160616,1.0532731696817024e-06,0.10507791509940892,0.4861548993820598,0.10605652024472118
Sweden,2015,0.3056910930400331,2.0675229622405952e-06,0.1969908651262762,0.5742338804114796,0.10601874612252513
Portugal,2003,0.3062444981120138,4.700705886444851e-07,0.16206340677055345,0.5389410344641216,0.10600021038520932
Azerbaijan,2021,0.29467760908590035,1.7005600122325242e-07,0.1595916174099946,0.5422379159385301,0.10599710564229775
Austria,2023,0.2991199284605566,1.964415323604181e-06,0.13874261149919398,0.5185832417532924,0.10588110110453715
Estonia,2008,0.29821118260579493,5.380929891337861e-07,0.14387426114991939,0.5240600284648781,0.1058585407700658
Cyprus,2011,0.33509969612165924,1.1642570862695091e-06,0.21069317571198282,0.5721800853946349,0.10580793367723948
Austria,2012,0.3013194007167947,1.7875570823319986e-06,0.12920472864051585,0.5069450699911723,0.10568090212035193
Denmark,2016,0.30379860711219886,2.0646588611673615e-06,0.15822138635142396,0.5346352712270525,0.10566367001577617
Ireland,2015,0.5130543013065976,1.7922112465760033e-06,0.2635142396560989,0.5352658223287153,0.10565664277080634
Poland,2020,0.3155761088140842,5.484753555242583e-07,0.0820795271359484,0.45221323436683647,0.1055846265652638
Netherlands,2018,0.02191958232348018,1.801519575064013e-06,0.10026867275658248,0.6169131821211739,0.10552176086505383
Saudi Arabia,2016,0.3173681810859667,8.255771343596212e-07,0.1477700161203654,0.5155565964653107,0.10529454696615292
Saudi Arabia,2019,0.29926787298765206,9.866828197290182e-07,0.14873723804406233,0.524888752769921,0.1051575835853468
Poland,2019,0.3145462229422869,5.495493934267209e-07,0.08508866200967222,0.45358243104473306,0.10515365087593759
Sweden,2004,0.3124774851441901,1.4152239428116143e-06,0.1771359484148307,0.5466337579044084,0.10514801802430596
Slovenia,2007,0.29812223438913943,7.743813276755684e-07,0.12675980655561525,0.5029816059235771,0.10505697050317016
Sweden,2021,0.34890148664772086,2.1613222723889997e-06,0.23164965072541643,0.5822869187670022,0.10501868293422545
Lithuania,2019,0.2996083701900562,6.79149966990547e-07,0.165368081676518,0.540490388599636,0.10498563797861273
Austria,2018,0.26961941159236935,1.7481756925750348e-06,0.1298495432563138,0.5197722809735709,0.10494736279053464
Lithuania,2023,0.29998888631753595,8.921674843123053e-07,0.18111230521225147,0.5552092528870233,0.10481872425045012
Russian Federation,2010,0.3377098137656054,3.5156840673943976e-07,0.19631918323481998,0.551516025005855,0.1048105255149709
Germany,2000,0.5341357240618564,9.297588108984979e-07,0.2100214938205266,0.4669861458915091,0.10480696769978759
Estonia,2020,0.2999812913649205,8.259351469937754e-07,0.18420204191295003,0.5579656619885779,0.10475126611919112
Austria,2017,0.3097707587361563,1.607476727352428e-06,0.14672219236969372,0.5151962815500747,0.1046726974480555
Oman,2009,0.297762375002149,7.822576056269611e-07,0.10459430413756045,0.47830003422991674,0.10451777464748899
Cyprus,2018,0.29525047719560077,9.81312630216705e-07,0.2257925846319183,0.6001405228169417,0.10439512601287988
Israel,2011,0.30461271479894575,1.153874719879037e-06,0.18911875335840947,0.5579116147512925,0.10422042069583112
Yemen,2020,0.2964499774384277,0.3378057571907981,0.4796614723267061,0.0078908966436666,0.1041937612026339
Azerbaijan,2010,0.2995304073406745,1.879566329309632e-07,0.14857603439011283,0.518781414956672,0.10399421082569574
Hungary,2023,0.22704789322191415,6.984826492348746e-07,0.10765717356260075,0.5131965337705154,0.10381301060509898
Azerbaijan,2009,0.29909604578230353,1.6683388751586446e-07,0.15153143471252015,0.5209252887023258,0.10378845879313524
Slovak Republic,2023,0.296000852787604,8.101825910909899e-07,0.15421816227834498,0.5247085953123029,0.10369857697684753
Malta,2017,0.3370304433423505,9.480174552403629e-07,0.10483610961848468,0.454735438773488,0.10368338417396335
Azerbaijan,2007,0.3007206610183766,9.200924697763342e-08,0.16738312735088662,0.5354099482948095,0.10367747629524572
Finland,2008,0.31492466693301835,1.790063170771078e-06,0.16843095110155828,0.5289062640748013,0.10358842431953584
Lithuania,2018,0.29756158465000576,6.197198697209472e-07,0.16246641590542718,0.5310321220746931,0.10346960955878862
Estonia,2016,0.29720287031120457,6.472868425508218e-07,0.18221386351423965,0.5507593636838596,0.10342971070846572
Sweden,2020,0.314072286185454,1.9515268687746293e-06,0.22006985491671147,0.5788098798349756,0.1031562093656326
Austria,2013,0.2950771842670258,1.8090378403812514e-06,0.14150994089199354,0.5097375105842507,0.1031541368840742
Austria,2009,0.3100278282359744,1.7560519705264276e-06,0.14161740999462655,0.5017925667032986,0.10303869219131713
Austria,2020,0.28480438582711276,1.7503237683799602e-06,0.13704997313272432,0.5097735420757742,0.10302602753320544
Estonia,2015,0.2956290556949428,6.580272215754483e-07,0.16958624395486296,0.5359504206676634,0.10283606992566516
Azerbaijan,2008,0.3001381838438438,1.3353871253952243e-07,0.15475550779150996,0.5180427693804385,0.10267133747152635
Portugal,2004,0.29869821810117714,5.738942525492076e-07,0.1670875873186459,0.5303295079899831,0.10251849289151144
Sweden,2005,0.31624417930077325,1.6300315233041437e-06,0.20714669532509403,0.5615147639036516,0.1024988466615505
Slovak Republic,2022,0.3009439476262628,7.851217067001948e-07,0.1623589468027942,0.5240600284648781,0.10243500365589642
Poland,2018,0.3154054200941774,5.065878773282151e-07,0.10034927458355722,0.4548075017565353,0.10243244073795203
Denmark,2015,0.29808242775707744,2.1548780449742237e-06,0.16598602901665768,0.5286720593798978,0.10234652628737825
Czechia,2008,0.3047684375914482,6.565951710388314e-07,0.11531434712520151,0.4745527591114632,0.10232485445398268
Sweden,2011,0.30300781291658513,2.0152531176540798e-06,0.20698549167114455,0.5670636135982848,0.1023174133036454
Austria,2010,0.27521175045708207,1.7761006780390636e-06,0.1285061794734014,0.5009818581440179,0.10201719883017052
Austria,2001,0.2992129070472474,9.011178001661607e-07,0.10497044599677591,0.46523861855261506,0.10197537577479265
Denmark,2011,0.3093171017379023,2.2157401927804404e-06,0.20604513702310587,0.5602716774460877,0.101778126128483
United Kingdom,2013,0.34855084448980567,1.526207859399421e-06,0.20429876410531972,0.5388149242437891,0.10175907958060415
Sweden,2013,0.29774177724298184,2.1971235358044213e-06,0.2136485760343901,0.5728106364962976,0.10160768837844758
Sweden,2014,0.29052342257788916,2.1906793083896453e-06,0.21101558301988177,0.5736934080386257,0.1015890026011919
Czechia,2015,0.2979452246669518,6.505089562582098e-07,0.13293927995701235,0.4919019222800728,0.1015873761857854
Belarus,2008,0.2984131662423752,1.9010470873588848e-07,0.17727028479312198,0.5356801844812366,0.10152339161421481
Moldova,2006,0.2965631881962031,4.009741502527215e-08,0.11015583019881783,0.46885978345073587,0.10139712951871144
Slovenia,2019,0.29837829735050275,9.2653669719111e-07,0.1167651800107469,0.4740843497216568,0.10130212694558086
Kazakhstan,2000,0.29762936095475345,3.7949339220346856e-08,0.3398710370768404,0.6971192822526889,0.10121260410531466
Austria,2003,0.3028931524281439,1.0006453124610327e-06,0.12571198280494358,0.4802997820094762,0.10120737540637714
Lithuania,2021,0.298719760021239,7.78677479285419e-07,0.18839333691563676,0.5446700416163727,0.10112770628101074
Austria,2014,0.2979533863142434,1.7997295118932419e-06,0.14975819451907577,0.5063145188895094,0.10110750337026701
Sweden,2012,0.3004131312882873,2.1008181372169373e-06,0.21160666308436324,0.5669194876321905,0.10110492844746279
Ireland,2016,0.3728325959990766,1.8491352554065236e-06,0.22229983879634607,0.5413911758877258,0.1011024515858113
Austria,2005,0.3740802327701442,1.3826447931035808e-06,0.14997313272434176,0.4683373268236438,0.10108155341927139
Denmark,2010,0.2850306317574688,2.18853123258472e-06,0.20542718968296617,0.5681445583439925,0.10104763117356844
United Kingdom,2010,0.36030858918428615,1.489332558081537e-06,0.21020956475013433,0.5350676491253356,0.10100322045974791
Estonia,2006,0.29800108496603467,4.0598632713088053e-07,0.1562332079527136,0.512169636262093,0.10098759715164293
Russian Federation,2006,0.3323657129626397,2.0227713829713183e-07,0.1868619022031166,0.5255193038715836,0.10096815276852653
Latvia,2019,0.29738508809931563,6.236580086966436e-07,0.16689951638903816,0.5227989262615526,0.1009187026134388
Oman,2008,0.2991457714009788,7.529005696263154e-07,0.10859752821063945,0.4634190282306735,0.10087925359438951
Luxembourg,2018,0.3172744839105294,2.8501385805017105e-06,0.14747447608812467,0.4918839065343109,0.10061075954958044
Austria,2002,0.3018581381849892,8.907354337756884e-07,0.1276732939279957,0.4796331994162898,0.10057824028387463
Israel,2008,0.30616732464564766,9.576837963625268e-07,0.20429876410531972,0.5538580719548886,0.10052907287637672
Austria,2000,0.3015983228444702,9.544616826551387e-07,0.12324019344438475,0.47491307402669924,0.10049488563175125
Uzbekistan,2007,0.2969552197397369,2.1480758049252936e-08,0.13138097796883397,0.48525411209397007,0.10047015953937993
Austria,2021,0.314532907912295,1.8996150368222681e-06,0.17084900591080063,0.5145837461941737,0.10020118865542253
Saudi Arabia,2015,0.3001226848138666,9.193764445080257e-07,0.1477700161203654,0.4986938584322699,0.10019749663198982
Hungary,2016,0.36291583244384196,4.6326834859555504e-07,0.134739387426115,0.45421298214639594,0.10018653382261469
Finland,2007,0.3173927838167071,1.6479321550118544e-06,0.1814615797958087,0.5234294773632154,0.10013368186122956
Austria,2015,0.28974901393156216,1.695189822720211e-06,0.15319720580333152,0.5072513376691227,0.09978657536122582
Latvia,2023,0.2979348239004628,8.044543889445224e-07,0.17101020956475013,0.5209613201938493,0.0997841067430606
Slovenia,2018,0.2977900925924946,8.76772941043674e-07,0.13455131649650723,0.48420919883978597,0.09971102411437574
Slovenia,2021,0.2984432264014235,1.009595628314888e-06,0.12477162815690487,0.4740303024843714,0.09969656230344982
Luxembourg,2007,0.3646804391140156,3.0635141104576232e-06,0.10652874798495433,0.4224872538598735,0.09966127684344063
Hungary,2017,0.28445153742759827,4.661324496687888e-07,0.10897367006985491,0.46383339038319493,0.09941733087165266
Russian Federation,2009,0.3313955969105716,3.247174591778736e-07,0.22033852767329393,0.5512097573279046,0.09931396798070888
Latvia,2007,0.2989170936782858,4.006161376185673e-07,0.1599140247178936,0.5068009440250779,0.09926929353733425
Czechia,2007,0.30956331673485227,5.617218229879643e-07,0.1401397098334229,0.4811465220602805,0.09915797497976825
Uzbekistan,2008,0.2968405873002503,2.8999023366491467e-08,0.1286942504030091,0.47583187706055086,0.09911159856104507
Denmark,2014,0.3026223203357909,2.273022214245115e-06,0.18336915636754433,0.5272848469562396,0.09904650666242527
Sweden,2009,0.30490794071393307,1.8698999881874681e-06,0.22168189145620637,0.5637487163781144,0.09890509400576901
Luxembourg,2001,0.3121983672253397,1.6053286515475028e-06,0.04580870499731327,0.38400562091267765,0.09886002256993263
Luxembourg,2014,0.33795226427140057,3.100389411775507e-06,0.1596990865126276,0.4848037184499251,0.09881770300930545
Germany,2010,0.3788186788688606,1.5927982093521052e-06,0.18653949489521762,0.49082097753436493,0.09873896081382022
Hungary,2018,0.23432218664780122,5.305747238165475e-07,0.0969371305749597,0.4732736411623758,0.09869978606962526
Luxembourg,2010,0.3186127545309705,2.7738818894268628e-06,0.1161472326706072,0.45014142360423015,0.09866150058076635
Saudi Arabia,2020,0.2978698047809453,9.122161918249414e-07,0.2031166039763568,0.5467058208874557,0.09850527996841021
Slovak Republic,2019,0.29850130227798377,6.820140680637807e-07,0.15209564750134336,0.495216819500243,0.09847470563461233
Luxembourg,2017,0.31071726744025285,2.7080075647424867e-06,0.14570123589468026,0.4822274668059884,0.09837832693006929
Portugal,2006,0.3091594622033802,6.891743207468651e-07,0.20282106394411606,0.5400940421928765,0.09837088645725048
United Kingdom,2009,0.3102647250544773,1.572391489205315e-06,0.2022299838796346,0.5384726250743149,0.0982757869401284
Yemen,2023,0.2964499774384277,0.3134051611396882,0.4565018807092961,0.016070045219521822,0.09826121121573202
Portugal,2008,0.3038130433848001,8.048124015786767e-07,0.20024180548092424,0.5392833336335957,0.0981900123752151
United Kingdom,2012,0.3411456527759385,1.4907646086181538e-06,0.21896829661472325,0.5387248455149799,0.09806662043994949
Austria,2006,0.30638428838006665,1.4785921790569105e-06,0.1402471789360559,0.47732718395877993,0.09805516913864101
Slovenia,2009,0.29598241371558365,8.735508273362861e-07,0.15470177324019344,0.49678418938151936,0.09801516137523722
Austria,2016,0.26898329774876734,1.6500802308167798e-06,0.16023643202579257,0.5157547696686903,0.09800282234357169
Latvia,2022,0.29748251615448257,7.912079214808165e-07,0.18041375604513704,0.5200605329057596,0.09767800259153352
Oman,2007,0.29951038750609676,6.132756423061714e-07,0.11278882321332616,0.45136649431603215,0.09766687960897204
Israel,2010,0.3030129395662461,1.0804821298774227e-06,0.22514777001612038,0.5618930945646493,0.09765089910739534
Luxembourg,2013,0.341020835031103,3.0431073903108328e-06,0.15972595378828586,0.47671464860287893,0.09750134401972407
Finland,2022,0.3088728802960002,1.952958919311246e-06,0.1778344975819452,0.5108184553299583,0.09748505605866228
Saudi Arabia,2018,0.30795756378104067,9.089940781175535e-07,0.1592960773777539,0.49273064658511523,0.09748312471661541
Luxembourg,2002,0.3061129294013704,1.5165415182772572e-06,0.06773240193444384,0.4017150989965229,0.097408590623312
Russian Federation,2005,0.31118619631241334,1.535874200521585e-07,0.1887157442235357,0.5200245014142361,0.09738044786309144
Uzbekistan,2006,0.2965137809302385,1.5752555902785486e-08,0.15932294465341215,0.49653196894085416,0.09709319082679022
Portugal,2005,0.2995447336924629,6.601752973803736e-07,0.20102095647501342,0.5364188300574703,0.09703437817338635
Slovenia,2006,0.29697873041387335,7.038528387471878e-07,0.1571735626007523,0.4936134181274433,0.09698619607314492
Uzbekistan,2009,0.29690304470650664,3.5443250781267346e-08,0.13272434175174638,0.4690939881456392,0.09696425147105461
Luxembourg,2015,0.3269235041958872,2.62673869678948e-06,0.1799032778076303,0.5008557479236851,0.0968841578121481
Bulgaria,2023,0.30020674988620055,5.055138394257524e-07,0.11335303600214938,0.4463401012484912,0.09661834079480815
Denmark,2013,0.29696752766653756,2.2640718983912597e-06,0.19570123589468028,0.5300592718035563,0.09656949198437816
Portugal,2007,0.3020827267267758,7.410861526992263e-07,0.21131112305212252,0.5424541048876718,0.09643723958286379
Bulgaria,2022,0.3010626962810096,4.514539316684659e-07,0.1119828049435787,0.4431873457401768,0.09634740351438642
Luxembourg,2000,0.3121983672253397,1.6300315233041437e-06,0.06031703385276734,0.38584322698038076,0.0963258903638183
Slovenia,2020,0.296800608042089,9.057719644101655e-07,0.13087049973132725,0.4637793431459095,0.09626228237310756
Poland,2017,0.30836403093532483,4.5181194430262013e-07,0.12807630306286943,0.45505972219720026,0.09623331282637079
Belarus,2007,0.29804819923790027,1.4857524317399947e-07,0.1955937667920473,0.5275911146341902,0.0962043637798402
Uzbekistan,2011,0.29786384789266396,5.728202146467449e-08,0.1305749596990865,0.4625722881798692,0.09618587912643367
Sweden,2010,0.2969145596930774,1.941144502384157e-06,0.22864051585169262,0.5609742915307979,0.09615918167738
Czechia,2014,0.30407155669342095,6.705576637708459e-07,0.16141859215475549,0.49006431621236957,0.0961366357596968
Denmark,2012,0.28063687035922164,2.198555586341038e-06,0.20682428801719505,0.5467778838705027,0.09605550548437689
Luxembourg,2012,0.2834681692851703,3.142992915239859e-06,0.1324556689951639,0.4708234997387716,0.0960219545736962
Uzbekistan,2012,0.2970288083751623,7.303457736745998e-08,0.12815690488984416,0.4589331075359865,0.09585815788403337
Bulgaria,2019,0.29844514640422287,3.322357244951121e-07,0.1109618484685653,0.4410254562487613,0.09585740231432374
Latvia,2018,0.29673622477494654,5.882147579153762e-07,0.19645351961311122,0.527338894193525,0.09585099150095637
United Kingdom,2011,0.3222176740998096,1.4657037242273586e-06,0.21679204728640517,0.534923523159241,0.09584879543641024
Saudi Arabia,2017,0.2972875436577742,7.933559972857417e-07,0.15556152606125737,0.48501990739906675,0.09562082731133795
Estonia,2014,0.29802360141543194,6.701996511366916e-07,0.19484148307361635,0.5226728160412198,0.09536896183488947
Slovenia,2004,0.2970468893428065,5.531295197682631e-07,0.15883933369156367,0.4868394977210081,0.09530499830492942
Oman,2006,0.2978456730726753,5.259205595725427e-07,0.11507254164427727,0.4426468733673229,0.09529969661215644
Lithuania,2020,0.3006883087961986,6.999146997714915e-07,0.22533584094572812,0.5511016628533337,0.09522234521849088
Uzbekistan,2013,0.2969783033797286,8.270091848962381e-08,0.1278882321332617,0.4551498009260092,0.09515018544698162
Lithuania,2017,0.29764202827026,5.431051660119451e-07,0.1873455131649651,0.5142414470246995,0.0951436611515559
Slovak Republic,2018,0.2984749975880268,6.526570320631351e-07,0.17313272434175173,0.4982975120255101,0.09488078362407039
Latvia,2008,0.29769049490246613,4.772308413275694e-07,0.2052391187533584,0.5304736339560775,0.0948161911462111
Slovak Republic,2021,0.2989230964405016,7.33925900016142e-07,0.18253627082213864,0.5068369755166015,0.09475281754589274
Uzbekistan,2010,0.2979095848619119,4.510959190343117e-08,0.14132186996238583,0.4655629019763271,0.0946391874437754
Luxembourg,2009,0.30424382169500314,2.5236310581530657e-06,0.1368619022031166,0.45740176914623365,0.09453361737365282
Yemen,2021,0.2964499774384277,0.3227904255567492,0.488635142396561,0.006071306321725256,0.09452744330725023
Saudi Arabia,2014,0.2977622122892646,1.0124597293881217e-06,0.15521225147770015,0.4745527591114632,0.09364482898554377
Slovenia,2005,0.2972460581468775,6.497929309899013e-07,0.17211176786673832,0.49136144990721886,0.09357486711924935
Oman,2000,0.2963937652578147,2.8318799361598455e-07,0.11367544331004836,0.4330805123678093,0.09352053193133048
Portugal,2019,0.30621128420416105,8.241450838230044e-07,0.1709833422890919,0.48543426955158797,0.09351172594545723
Finland,2019,0.31192653420096195,1.7825449054538394e-06,0.17718968296614723,0.4885149620768551,0.09345860051469049
Finland,2023,0.2960657010935266,1.8999730494564222e-06,0.18944116066630842,0.5081701407029743,0.09335331610321056
Slovenia,2002,0.29808895356709153,3.848635817157818e-07,0.15642127888232132,0.473976255247086,0.09332008306145295
Uzbekistan,2014,0.2970905933232171,8.91451459043997e-08,0.13406770553465877,0.45174482497702984,0.09324452779336888
Uzbekistan,2005,0.29651985533542574,1.2888454829551764e-08,0.18785599140247178,0.5057920622624174,0.09323920614975911
Georgia,2001,0.29642049207682314,2.2196783317561368e-08,0.2971520687802257,0.6150935917992323,0.09323036490987528
Luxembourg,2011,0.3065907843538352,2.8300898729890744e-06,0.13492745835572273,0.4471327940620101,0.09310156062157748
Latvia,2020,0.29721590609371756,6.336823624529616e-07,0.21488447071466954,0.5314284684814526,0.09303070700390961
Oman,2005,0.2977903072892716,4.4500970425369004e-07,0.1216012896292316,0.43744032284216383,0.09294705987636574
Uzbekistan,2022,0.29886329194381595,8.341694375793224e-08,0.11794734013970984,0.43324265407966556,0.09294543369084463
Oman,2001,0.2963201212840252,3.157671433240182e-07,0.11233207952713593,0.428360386978219,0.0928378315021908
Oman,2002,0.2964198794523201,3.2400143390956515e-07,0.11359484148307362,0.42936926874087955,0.09279703539751015
Uzbekistan,2023,0.29838326828321826,9.093520907517076e-08,0.11714132186996239,0.43169329994415107,0.09274876791076411
Russian Federation,2004,0.3110854516106526,1.1635410610012006e-07,0.20588393336915636,0.5139892265840343,0.0927296619810939
Portugal,2022,0.30545469137435777,9.186604192397173e-07,0.15881246641590543,0.46929216134901897,0.09264186745426811
Slovenia,2001,0.2967957467824492,3.8629563225239866e-07,0.14997313272434176,0.46338299673914995,0.09236174062902269
Portugal,2023,0.30562277151284517,9.304748361668063e-07,0.17219236969371307,0.4809843803484245,0.0923211445196449
Malta,2016,0.298977142972448,8.456258418722573e-07,0.12324019344438475,0.43466589799484734,0.09218327802025825
Uzbekistan,2015,0.297313565814738,9.41573227825587e-08,0.13567974207415368,0.4478714396382436,0.09216974317295318
Luxembourg,2016,0.2951252600460761,2.633898949472564e-06,0.17649113379903275,0.48896535572090005,0.0920086873384558
Oman,2003,0.29633907533600123,3.393959771781964e-07,0.12144008597528211,0.4327742446898589,0.09190090897450408
Czechia,2002,0.3044627475321569,2.319921869319317e-07,0.19290703922622246,0.4998468661610248,0.09183435613626963
Oman,2004,0.2964216252202653,3.8987575859394084e-07,0.12450295540032241,0.43533248058803375,0.0918082624974481
Uzbekistan,2019,0.2985364677099845,7.12445141966889e-08,0.12982267598065556,0.43933197614715247,0.09175554242655494
Uzbekistan,2016,0.29790971741988376,9.594738595332978e-08,0.13594841483073616,0.44569153440106646,0.0917396436297474
Lithuania,2007,0.29880976527853964,3.730491647886927e-07,0.11149919398173025,0.4207577422667411,0.09173287270943853
Czechia,2013,0.3033705023746042,6.898903460151735e-07,0.18412144008597528,0.4897940800259427,0.09147192317062693
Finland,2006,0.3007637645143778,1.5279979225701922e-06,0.23737238044062334,0.5442196479723277,0.09144659395673993
Belarus,2006,0.2966575656333561,1.1993423244166224e-07,0.21289629231595913,0.5217720287531301,0.09144096381788604
Finland,2021,0.3189258588370137,1.8988990115539596e-06,0.20196131112305213,0.4990361576017438,0.09130850462894549
Israel,2007,0.3047518548734316,8.792790294827536e-07,0.24930145083288552,0.5531554578701784,0.09124642653431647
Latvia,2021,0.29989584238680916,7.085070029911927e-07,0.19916711445459429,0.504585007296377,0.09107351706053896
Germany,2009,0.35068804120705027,1.5555648954000668e-06,0.20902740462117142,0.4890013872124236,0.09106437842140316
Austria,2004,0.30401520789768066,1.2065025770997065e-06,0.15768404083825902,0.4607707136036895,0.09101945859414273
Luxembourg,2005,0.30418888819631373,2.6142082545940826e-06,0.11789360558839335,0.4204694903345523,0.09093537287299047
Saudi Arabia,2013,0.2995480625538557,1.0020773629976495e-06,0.1477700161203654,0.4519069666888861,0.09078269740777122
Georgia,2003,0.2966362688992193,2.9715048634799896e-08,0.3065556152606126,0.6116706001044913,0.09068663871622198
Slovak Republic,2020,0.29522032495459266,6.834461186003976e-07,0.1778344975819452,0.4835065847550758,0.09065679165314469
Czechia,2006,0.30315419158540635,4.954894856694344e-07,0.18917248790972596,0.490118363449655,0.09050484201126928
Slovenia,2017,0.29746222736016625,7.879858077734285e-07,0.1736700698549167,0.47712901075540015,0.09043840490901721
Israel,2009,0.300732806767401,9.967071734853363e-07,0.25346587855991404,0.5549930639378816,0.09037921610592037
Czechia,2009,0.3013702176149488,6.684095879659206e-07,0.17630306286942504,0.4771650422469237,0.09030975184178859
Portugal,2018,0.3038389450287934,7.836896561635779e-07,0.18522299838796344,0.48433530906011846,0.09020674848213844
Germany,2008,0.3259984152700599,1.5562809206683753e-06,0.19903277807630307,0.486767434737961,0.09014755099979793
Russian Federation,2002,0.2996462771726548,6.945445102591783e-08,0.20889306824288018,0.5091790224656348,0.09002185328904193
Luxembourg,2006,0.30593797893892993,2.5494079678121694e-06,0.12442235357334766,0.42124416740230963,0.0899594353636693
Lithuania,2016,0.29744430041410597,5.295006859140848e-07,0.20854379365932293,0.5087106130758282,0.08977805867505462
Uzbekistan,2018,0.2969141611570052,7.8046754245619e-08,0.142101020956475,0.44250274740122875,0.0897718004280284
Slovenia,2010,0.29662116859649396,8.742668526045945e-07,0.19172487909725952,0.4917217648224549,0.08966193113811477
Latvia,2006,0.2979507411415108,3.193472696655604e-07,0.1861902203116604,0.4842632460770714,0.08940983894086811
Czechia,2012,0.3053608682031528,6.913223965517903e-07,0.18481998925308973,0.47873241212819984,0.08931891705653558
Uzbekistan,2004,0.2975283064469195,1.0740379024626468e-08,0.21660397635679743,0.5141333525501287,0.08925871125354773
Estonia,2013,0.29736797794175335,6.429906909409713e-07,0.22920472864051586,0.5261318392274846,0.08912254140691457
Poland,2016,0.31363332596840326,4.5037989376600326e-07,0.1623052122514777,0.45019547084151534,0.08894160950479475
Czechia,2011,0.3003318191605874,6.895323333810192e-07,0.17764642665233743,0.47195849172176485,0.08889593969611091
Belgium,2008,0.47888670781714116,1.6615366351097146e-06,0.18473938742611498,0.3896265335903579,0.08886693078288027
Luxembourg,2008,0.30734867987927533,3.073180451579787e-06,0.13326168726491133,0.42371232457167574,0.0888265320395062
Finland,2012,0.3010429770746934,1.7481756925750348e-06,0.20389575497044599,0.4957933233646207,0.08848468547415057
Uzbekistan,2021,0.2985017618099399,7.482464053823107e-08,0.1414293390650188,0.43372907921523407,0.08831016162335731
Luxembourg,2003,0.2971308871413664,1.6429199781336955e-06,0.0960505104782375,0.38861765182769736,0.08822733844401767
Finland,2005,0.3067365491554819,1.434556625055942e-06,0.25529285330467494,0.5430306087520492,0.08822192328333557
Bulgaria,2020,0.29948980931632224,3.361738634708085e-07,0.13500806018269748,0.42621651323256515,0.08819083962853749
Uzbekistan,2017,0.29803956840562507,8.842912063609127e-08,0.1539494895217625,0.4450970147909271,0.08803350610895576
Cyprus,2017,0.31012995799713977,8.9001940850738e-07,0.2970177324019344,0.5820707298178606,0.08802404029260347
Finland,2011,0.29055301784848464,1.7936432971126201e-06,0.20636754433100482,0.4999729763813573,0.08777728501656752
Finland,2018,0.2862185255880798,1.7206087197451601e-06,0.19508328855454057,0.4907669302970795,0.08775944121167564
Czechia,2001,0.3017241507770745,2.2160982054145945e-07,0.21569048898441698,0.5033959680760983,0.08771362170095398
Russian Federation,2003,0.30391809801221037,8.69970700994744e-08,0.21789360558839335,0.5034500153133837,0.08750313524475417
Georgia,2000,0.29644120011176917,2.2554795951715585e-08,0.28801719505642126,0.5770803682418432,0.08745676592565928
Czechia,2005,0.3094813369370118,4.4071355264383943e-07,0.21029016657710906,0.492766678076639,0.0874436563503835
Czechia,2003,0.29825338601412593,2.842620315184472e-07,0.20626007522837184,0.4941719062460589,0.08740784693596577
Spain,2007,0.36174229351838977,1.0586433591940156e-06,0.21848468565287477,0.4732195939250904,0.0871217403279617
Slovak Republic,2017,0.30036458656863024,5.907208463544557e-07,0.21606663084363245,0.5013061415677301,0.08708465616210574
France,2022,0.40138929167326043,1.6117728789622786e-06,0.1936593229446534,0.42837840272398064,0.08708355100963097
Cyprus,2012,0.3634137969826773,1.0597173970964782e-06,0.3223267060720043,0.5759273605130885,0.08706204044518312
Finland,2009,0.28785135546977875,1.7467436420384179e-06,0.21894142933906502,0.5101518727367719,0.08702809759834026
Germany,2001,0.35092453674965896,8.79995054751062e-07,0.20615260612573885,0.46536472877294754,0.08693531820193502
Latvia,2017,0.2974562404825257,5.277106227433138e-07,0.2314615797958087,0.5173761867872521,0.08692880930185262
Czechia,2010,0.30606532794674707,6.845201565028602e-07,0.1929339065018807,0.473363719891185,0.08669283773261381
Belarus,2005,0.29660913990102294,9.523136068502135e-08,0.2318108543793659,0.5168176986686362,0.0866623304636367
Moldova,2003,0.29638585412332463,1.969069487848186e-08,0.16867275658248254,0.4536364782820185,0.08663133959758709
Portugal,2021,0.30384362459915315,8.509960313845705e-07,0.17401934443847394,0.45493361197686777,0.08656764146560977
Malta,2015,0.29980629798825,9.043399138735486e-07,0.142101020956475,0.42455906462248005,0.08647269070198295
Uzbekistan,2020,0.29797239410241777,6.587432468437568e-08,0.13952176249328319,0.42245122236835,0.08638316432241748
Bulgaria,2018,0.2980506540869057,2.9822452425046164e-07,0.13731864588930684,0.41883005747022894,0.08610749683713712
Portugal,2020,0.30014302396031445,7.758133782121852e-07,0.18003761418592154,0.4595996901291729,0.08592710549137084
Finland,2010,0.308034206096875,1.775026640136601e-06,0.22283718430951102,0.4980633073306068,0.08584953272722672
Bulgaria,2021,0.2985545118452643,3.9166582176471193e-07,0.13882321332616873,0.4184156953177076,0.08577414341574509
Czechia,2000,0.30109737018823995,2.2125180790730523e-07,0.23277807630306285,0.5106923451096258,0.08569270140604054
Slovenia,2000,0.29644535544394385,3.977520365453336e-07,0.1832348199892531,0.46251824094258376,0.0855014186110788
Germany,2007,0.34507378910598496,1.4424329030073346e-06,0.2319183234819989,0.48637108833120146,0.08539865309689051
Portugal,2009,0.30167152684846227,8.173428437740743e-07,0.2507254164427727,0.5267083430918623,0.08536414668608604
Uzbekistan,2003,0.2975283064469195,9.308328488009607e-09,0.24578183772165502,0.5231051939395029,0.08521750654242578
Finland,2020,0.2938836717191272,1.7854090065270732e-06,0.20577646426652338,0.48247968724665335,0.08472990447244198
Luxembourg,2004,0.3028101220510557,2.238294988732156e-06,0.1346856528747985,0.40674149206406396,0.08469329919045303
Moldova,2000,0.29643743472019984,1.1814416927089114e-08,0.226732939279957,0.5016304249914424,0.08462324652152553
Saudi Arabia,2012,0.30114338107954797,9.723623143628495e-07,0.14836109618484686,0.42025330138541084,0.08449326532922478
Lithuania,2008,0.2979714776848102,4.4751579269276957e-07,0.15384202041912948,0.42731547372403467,0.08449206218735841
Slovenia,2003,0.29682873381595926,4.464417547903069e-07,0.1713863514239656,0.44398003855369594,0.0842018340284194
Ukraine,2008,0.30657563507787416,1.0776180288041889e-07,0.1682697474476088,0.43560271677446083,0.08412421125405926
Ukraine,2007,0.3060894599037576,8.592303219701174e-08,0.16794734013970983,0.43547660655412834,0.08411484223477557
Czechia,2004,0.3024747572180196,3.612347478616036e-07,0.22025792584631917,0.48932567063613586,0.08406120529713923
Moldova,2002,0.2963957310548698,1.539454326863127e-08,0.18121977431488445,0.45322211612949703,0.08404004916568114
Belgium,2011,0.4532187075558323,1.6543763824266302e-06,0.1891456206340677,0.38245626677716316,0.08398482717239354
Moldova,2001,0.2964143246182349,1.2172429561243332e-08,0.1952176249328318,0.46621146882375186,0.0838402073262223
France,2008,0.3615196118539344,1.5548488701317585e-06,0.19575497044599677,0.4335309060118543,0.08370792572300001
Ireland,2014,0.39691014338034203,1.6583145214023268e-06,0.31590542718968295,0.5339326571423423,0.08329728948582678
Finland,2002,0.30407722733249415,9.115001665566329e-07,0.2773508866200967,0.5417875222944853,0.08329550561821042
Bulgaria,2008,0.30618892025318634,2.1158546678514144e-07,0.14801182160128962,0.4106509088943736,0.08314681527666883
Finland,2013,0.29155969473065335,1.766792349551054e-06,0.2174368619022031,0.4872178283820058,0.08311304616520065
Ireland,2009,0.34807246945150677,1.6701289383294158e-06,0.3360827512090274,0.5767741005638928,0.0829463518805929
Estonia,2005,0.29924710376955005,3.4261809088558437e-07,0.2131380977968834,0.4781378925180607,0.0829248406302359
Finland,2003,0.3020354780376203,1.0253481842176735e-06,0.2785867813003761,0.5416974435656764,0.0828261929309142
Russian Federation,2001,0.2990454816463446,5.799804673298293e-08,0.238527673293928,0.5030356531608625,0.08280617313704473
Finland,2001,0.29940738996634986,9.197344571421799e-07,0.2737775389575497,0.5377880267353666,0.08274329641942695
Israel,2006,0.31011934386672607,8.191329069448453e-07,0.28498119290703927,0.5432467977011909,0.08266546491195641
Belgium,2022,0.3077024196016525,1.916083617993362e-06,0.14696399785061795,0.4054803898607383,0.08247447840399832
Finland,2004,0.3028138641055261,1.2609204974911474e-06,0.2756045137023106,0.5364368458032319,0.08244848329098563
Lithuania,2006,0.29848171199862383,3.10396953811705e-07,0.15260612573885007,0.4156052389788675,0.08244814904634278
Germany,2002,0.3454775264744221,8.409716776282524e-07,0.22520150456743684,0.46340101248491183,0.08218807471677603
Belarus,2004,0.2964722053549404,7.196053946499733e-08,0.25126276195593766,0.513232565262039,0.08204121717698404
Romania,2019,0.3033780425211528,4.489478432293864e-07,0.10241805480924233,0.36040499396472514,0.08193541655713346
Moldova,2005,0.296498000448005,3.43692128788047e-08,0.14865663621708758,0.4098041688435692,0.08187932375470326
France,2021,0.39030185160106123,1.5623671354489969e-06,0.20886620096722192,0.4228655845208712,0.08183084305440369
Estonia,2012,0.29802906055088246,5.935849474276894e-07,0.2665502418054809,0.5258435872952961,0.081661871945525
France,2007,0.3766515998193563,1.434556625055942e-06,0.21246641590542717,0.4323058353000523,0.08163376113917319
Finland,2014,0.3131391655224932,1.7632122232095118e-06,0.2300644814615798,0.4804799394670941,0.0813978897594638
Luxembourg,2022,0.014200677158461905,3.1877444945091357e-06,0.12058033315421816,0.5201866431260921,0.08134292358246822
Bulgaria,2017,0.2982399747271933,2.663613998107364e-07,0.1629231595916174,0.42043345884302874,0.08132619050370152
Finland,2017,0.3125301966336359,1.5996004494010353e-06,0.2294465341214401,0.4792008215180067,0.08120467694290162
Malta,2014,0.2964646094462024,8.724767894338235e-07,0.1511284255776464,0.40850703514872,0.08112261909722968
Georgia,2002,0.2964689437240862,2.4344859122486664e-08,0.3355722729715207,0.5923937521393697,0.081011202378408
Poland,2015,0.311485333088677,4.711446265469478e-07,0.19814615797958085,0.44662835318067995,0.0808452079214008
Spain,2006,0.3278904766799524,9.906209587047146e-07,0.2243954862976894,0.4642117210441926,0.08075278992777524
Belgium,2023,0.29365304152297733,1.9483047550672413e-06,0.1458355722729715,0.4022735871151385,0.08065388127310867
Uzbekistan,2002,0.2975283064469195,1.0382366390472253e-08,0.27358946802794193,0.527338894193525,0.08050272106899177
Slovenia,2011,0.29715510056148114,8.724767894338235e-07,0.2167114454594304,0.4700127911794908,0.0803762154385549
Germany,2006,0.3801675581163043,1.3633121108592531e-06,0.2734282643739925,0.48514601761939924,0.08036098811676722
Latvia,2016,0.2966367770682072,5.244885090359259e-07,0.2563944116066631,0.5094852901435855,0.0802821156584597
Georgia,2004,0.296787627503623,3.759132658619264e-08,0.3363782912412681,0.5891509179022464,0.08023330687822124
Georgia,2023,0.29831517169174937,2.3449827537101124e-07,0.3072810317033853,0.5587223233105735,0.08011989273975027
Georgia,2020,0.29683689393918655,1.492912684423079e-07,0.3124664159054272,0.5644513304628244,0.08008074695103232
Hungary,2015,0.2910700689280888,4.679225128395598e-07,0.18036002149382052,0.4348100239609419,0.07999724134748959
Portugal,2017,0.30656014302501666,7.120871293327348e-07,0.23559914024717893,0.482083340839894,0.07995321046460935
Romania,2018,0.3033570596566261,4.070603650333432e-07,0.10980655561526062,0.3573423171852198,0.07984306180983697
Ukraine,2006,0.301688951276497,6.336823624529616e-08,0.18027941966684577,0.4277298358765561,0.07965901005370989
Georgia,2019,0.2976555952146892,1.6540183697924762e-07,0.3080333154218162,0.5559659142090186,0.0793521619798279
Georgia,2022,0.29850810847858705,1.9798098668728124e-07,0.3102364320257926,0.5577314572936746,0.07934991489192844
Ukraine,2013,0.30063892797145225,1.3389672517367665e-07,0.18995163890381514,0.4361792206388383,0.07930947609251245
Slovak Republic,2016,0.3008875380985228,5.968070611350774e-07,0.25736163353036,0.5033599365845748,0.0792887128242258
Belgium,2021,0.33021076776699243,1.8276544973572708e-06,0.16518001074691027,0.3959860918442719,0.07918320682342025
Belgium,2019,0.28616290581487114,1.7145225049645386e-06,0.1414293390650188,0.39324769848847885,0.07898081972743161
Moldova,2004,0.29645994069916737,2.6850947561566174e-08,0.16856528747984953,0.4151728610805844,0.07896752221553749
Russian Federation,2000,0.29888316434511636,5.549195829390342e-08,0.28159591617409996,0.5269245320410038,0.07895406735387155
Lithuania,2015,0.297309494998566,5.384510017679402e-07,0.2423428264373992,0.4879024267209541,0.07884313878206847
Ukraine,2005,0.30380242284208475,4.904773087912754e-08,0.19022031166039763,0.43194552038481626,0.07872530855295765
Finland,2016,0.3013284790036777,1.6246613337918304e-06,0.23422890918860825,0.47700290053506766,0.07868845850032655
Georgia,2017,0.29816622511270885,1.421310157592236e-07,0.3718162278344976,0.6152016862738031,0.07849378526463988
Albania,2023,0.29786953470450644,2.6922550088397017e-07,0.26888769478774854,0.5109986127875764,0.07820927168316666
Portugal,2010,0.3049137363805679,8.180588690423827e-07,0.28670069854916713,0.5248527212783972,0.07812218721333733
Albania,2022,0.29769731107191844,2.384364143467076e-07,0.26966684578183775,0.5108004395841964,0.07799656908587074
Latvia,2015,0.2970945899544738,5.345128627922439e-07,0.26257388500806017,0.5038643774659052,0.07796782474344778
Ukraine,2012,0.30415434846121847,1.2315634614905017e-07,0.19959699086512628,0.43607112616426746,0.07771032348412316
Finland,2015,0.313172502627199,1.6830173931589677e-06,0.2492208490059108,0.4809123173653772,0.07765638544330977
Armenia,2000,0.2964150423738914,1.6826593805248135e-08,0.2954056958624396,0.5352297908371916,0.07760633164563645
Serbia,2022,0.30073793587857955,3.447661666905097e-07,0.2240462117141322,0.460644603383357,0.07739364430478626
Finland,2000,0.3092626098533747,9.422892530938954e-07,0.2964535196131112,0.5285639649053272,0.07734882118840722
Belarus,2003,0.2964798767580823,5.2627857220669696e-08,0.2717624932831811,0.509971715279154,0.07728985838893142
Belgium,2010,0.4166524979517676,1.6808693173540422e-06,0.22012358946802793,0.3980398868611166,0.07724934970845318
Armenia,2001,0.2963821320544127,1.8616656976019214e-08,0.29263836646964,0.5306898229052192,0.0772485138008856
Slovak Republic,2008,0.30076540199550583,6.125596170378629e-07,0.25292853304674906,0.48835282036499883,0.07716170394300906
Belgium,2007,0.38890094743768755,1.5244177962286501e-06,0.19771628156904889,0.38892391950564786,0.07713238453998666
Georgia,2018,0.2975655959723628,1.582415842961633e-07,0.3376410531972058,0.5740897544453852,0.07704637896766432
Serbia,2023,0.3010059277312494,3.794933922034686e-07,0.21945190757657176,0.4532941791125443,0.07686923682701556
Armenia,2002,0.2964213107019609,2.1480758049252936e-08,0.28836646963997853,0.5242401859224962,0.07681688506707866
Israel,2005,0.30093561948796443,7.88701833041737e-07,0.30204191295002686,0.5356261372439511,0.07681080115849782
Israel,2000,0.3040320854736448,7.099390535278095e-07,0.2955937667920473,0.5275911146341902,0.07680303308531983
France,2005,0.37795522392433567,1.280253179735475e-06,0.23594841483073614,0.43095465436791736,0.07679741042645968
Germany,2003,0.3590303078002395,9.297588108984979e-07,0.26004836109618484,0.4644098942475722,0.07677580228970687
Slovenia,2016,0.29770200246410783,7.743813276755684e-07,0.2122514777001612,0.4463401012484912,0.07658831214674064
France,2023,0.30475691606405614,1.6117728789622786e-06,0.19438473938742612,0.4247031905885744,0.07654018773307476
Saudi Arabia,2011,0.3008066017160689,8.51712056652879e-07,0.15233745298226758,0.3837714162177742,0.07636787867473654
Armenia,2003,0.29643294022988703,2.6850947561566174e-08,0.28492745835572275,0.5182949898211037,0.07631681374153866
Armenia,2007,0.2969553805905482,8.735508273362861e-08,0.2765717356260075,0.5094312429063,0.0762674831926547
France,2006,0.3720290571866727,1.3518557065663182e-06,0.23460505104782378,0.4296395049273064,0.07621047242241707
Ukraine,2011,0.30322610868105104,1.0525571444133939e-07,0.2082482536270822,0.435945015943935,0.07586201595933288
France,2003,0.3369263915487367,9.254626592886474e-07,0.22047286405158514,0.43120687480858255,0.0758399040376028
Armenia,2004,0.2965521227806731,3.43692128788047e-08,0.28256313809779693,0.513394706973895,0.07582154323789338
Uzbekistan,2001,0.2975283064469195,1.396249273201441e-08,0.30091348737238044,0.5310681535662168,0.0757837708647056
Romania,2017,0.302023529559478,3.5335846991021085e-07,0.1296883396023643,0.3575404903885996,0.07577295979242982
Belgium,2000,0.3791295700546204,9.211665076787968e-07,0.17426114991939817,0.3634676707442305,0.07575472175368234
Armenia,2006,0.2967625027491682,6.265221097698772e-08,0.27847931219774313,0.5082241879402597,0.07562525674952562
Armenia,2005,0.2965952098029643,4.654164244004803e-08,0.28049435787211174,0.5098275893130594,0.07552619053930718
Slovenia,2012,0.29634729370946283,8.255771343596212e-07,0.23484685652874795,0.46412164231538344,0.07549009931684057
Malta,2013,0.2968042407307759,8.273671975303923e-07,0.161364857603439,0.3903111319293061,0.07547009262184978
Romania,2020,0.2997695836363335,4.5037989376600326e-07,0.13259000537345514,0.35959428540544425,0.07537803955997804
Cyprus,2016,0.304473865748171,8.835751810926041e-07,0.34674905964535196,0.5709910461743563,0.0752962256682085
Romania,2022,0.30732121075077007,5.470433049876415e-07,0.14814615797958086,0.36995333921847695,0.07509383084450871
Romania,2021,0.3075712081157051,5.033657636208271e-07,0.1475013433637829,0.3675932765236817,0.07477575912643207
Ukraine,2010,0.3025011610841435,1.0131757546564302e-07,0.214938205265986,0.43583692146936415,0.07442991000787771
Belgium,2020,0.2671475738961153,1.6443520286703124e-06,0.14629231595916173,0.38398760516691577,0.0742546374071767
Spain,2008,0.36736060187799513,1.1467144671959526e-06,0.299677592692101,0.4867133875006756,0.07414379250674805
Slovenia,2015,0.29797421536227886,7.915659341149707e-07,0.23809779688339602,0.45981587907831434,0.07414143375817861
Belgium,2001,0.39282722379716994,8.699707009947439e-07,0.16329930145083288,0.3373088078981028,0.07408505865452149
Ukraine,2019,0.3018730649519021,1.1134192922196107e-07,0.2174637291778614,0.43688183472354825,0.0740709832752922
Georgia,2015,0.29797916343585845,1.5537748322292958e-07,0.44078452444922084,0.6614120741528097,0.07392350397304522
Poland,2014,0.3163346187997375,4.790209044983405e-07,0.23833960236432025,0.44873619543481,0.07371302000452395
Poland,2008,0.3102905120493293,4.2317093357028287e-07,0.18723804406233208,0.40007566613219947,0.0735967872043732
Bulgaria,2009,0.30005174396837037,2.3342423746854858e-07,0.18046749059645353,0.3969229106238853,0.07329637511444212
Spain,2005,0.3222135744741797,9.211665076787968e-07,0.24304137560451372,0.4470246995874393,0.07301848282725693
France,2018,0.37062523347427,1.4667777621298214e-06,0.23960236432025794,0.4185418055380401,0.0728511449798645
Belarus,2002,0.29655208384015525,4.3677541366814306e-08,0.2903815153143471,0.5053957158556578,0.07265807033104835
Hungary,2014,0.3086662013963029,4.79736929766649e-07,0.20486297689414293,0.4132992235213576,0.07255410933353812
France,2019,0.34761700660244405,1.5147514551064863e-06,0.2234013970983342,0.41203812131803186,0.07248980287991148
France,2002,0.34574820135084,8.234290585546959e-07,0.23111230521225148,0.420325364368458,0.07241784368085458
Belgium,2009,0.3704923365476747,1.6733510520368038e-06,0.20977968833960237,0.3863656836074729,0.07236726938386762
Lithuania,2005,0.29755459314337745,2.65645374542428e-07,0.22098334228909186,0.43398129965589904,0.07235518361038645
Israel,2001,0.2980136779237618,7.0743296508873e-07,0.31466953250940355,0.5272488154647162,0.07231757809992126
Georgia,2016,0.29790678078868066,1.4392107892999466e-07,0.44341751746372915,0.65499846866161,0.0721069402789837
Belgium,2018,0.25642250675252504,1.640413889694616e-06,0.15693175711982804,0.3891581242005512,0.07208834429834199
Estonia,2004,0.29735738308978793,2.627812734691943e-07,0.2726491133799033,0.48390293116183536,0.07198663325600194
Bulgaria,2007,0.30962048254780783,1.6683388751586446e-07,0.18210639441160667,0.38696020321761204,0.07193289343292562
Hungary,2004,0.30066683228531754,3.0395272639692907e-07,0.15400322407307898,0.3630352928459474,0.07187324895946863
France,2001,0.34439762212231884,8.499219934821078e-07,0.22864051585169262,0.4153350027924405,0.0717790845613782
Hungary,2002,0.2998089093653432,1.8366048132111261e-07,0.14798495432563136,0.3561893094564649,0.0716218537929417
Georgia,2007,0.2981295103491174,7.947880478223588e-08,0.354110693175712,0.5626677716324066,0.07152440646565306
Romania,2023,0.30466621738394034,5.907208463544557e-07,0.14747447608812467,0.35264020754139114,0.0715000633894705
Ukraine,2004,0.2979596904241508,3.90233771228095e-08,0.22810317033852767,0.43614318914731476,0.07140399231586106
France,2004,0.3304610625646844,1.120579544902695e-06,0.2368081676518001,0.42845046570702794,0.07137512615728647
Hungary,2003,0.3003018756882283,2.316341742977775e-07,0.15287479849543256,0.3595222224223972,0.07135978817130291
Georgia,2005,0.2967496294635522,4.868971824497332e-08,0.36835034927458354,0.5761795809537534,0.07124083362704832
Slovenia,2014,0.2972926433307546,8.40255652359944e-07,0.25706609349811926,0.4645360044679049,0.07122366665485877
Ukraine,2023,0.3009227698877018,1.7148805175986927e-07,0.22972375555664107,0.4351834412367318,0.07118429986881421
France,2011,0.33870520817133143,1.5863539819373294e-06,0.24524449220849004,0.43151314248653316,0.07112504404973274
Uzbekistan,2000,0.2975283064469195,1.6468581171093918e-08,0.3282375067168189,0.5347974129389085,0.07106482012340047
France,2010,0.3336072041464773,1.5680953375954644e-06,0.24661472326706071,0.43504422865584524,0.07104740554007344
Ireland,2013,0.36587589854235186,1.549120667985291e-06,0.36633530360021493,0.5375358062947014,0.07082846495346648
Ukraine,2022,0.29652705588740486,1.3497076307613927e-07,0.22972375555664107,0.4351834412367318,0.07074471021014017
Ukraine,2018,0.3010857872044667,9.16512343434792e-08,0.23371843095110154,0.4367737402489774,0.07071968640563901
Saudi Arabia,2010,0.3009936290996894,7.75455365578031e-07,0.14642665233745297,0.34874880645684325,0.07056418146152979
Croatia,2023,0.2995197804054726,7.314198115770624e-07,0.16082751209027404,0.363683859693372,0.07052361327107265
Poland,2009,0.3097640620087178,4.425036158146105e-07,0.21577109081139173,0.41328120777559585,0.07047865084552052
Albania,2019,0.2974668240167655,1.833024686869584e-07,0.30537345513164965,0.5087286288215899,0.07041780879089894
Germany,2005,0.3536926212645134,1.273450939686545e-06,0.29803868887694784,0.47316554668780497,0.0703952704140926
Hungary,2001,0.3002072385168933,1.6575984961340184e-07,0.149677592692101,0.351234979371971,0.07033228406758812
France,2009,0.3139813469027078,1.5720334765711607e-06,0.24239656098871573,0.4367377087574539,0.0702671502607567
Ukraine,2009,0.30088824857356333,9.487334805086713e-08,0.23481998925308972,0.43571081124903166,0.07026703669321875
Malta,2012,0.2995022176331888,7.980101615297466e-07,0.1638097796883396,0.36496297764245944,0.07018126035922362
Georgia,2021,0.2975341734504,1.6468581171093918e-07,0.31410531972058037,0.5159709586178319,0.07012662746739617
Hungary,2007,0.36404527762803074,4.1565266825304435e-07,0.19629231595916172,0.36427837930351115,0.07000194825800708
Latvia,2014,0.2973173131130764,5.438211912802535e-07,0.28871574422353574,0.4894157493649448,0.0698720042501851
Ukraine,2003,0.297680643134865,2.8999023366491467e-08,0.2406501880709296,0.44034085790981303,0.06970621278077488
Belgium,2016,0.35149011969184635,1.549120667985291e-06,0.207684040838259,0.38006017259084435,0.0696250128800357
Lithuania,2014,0.29665777968100854,5.713881641101281e-07,0.284739387426115,0.48402904138216807,0.06952399445339352
Estonia,2011,0.2973883130978147,5.610057977196559e-07,0.32853304674905964,0.5258255715495342,0.06919761677277525
France,2020,0.314888396133359,1.3976813237380578e-06,0.21249328318108546,0.4000036031491523,0.06899160244761113
Romania,2008,0.3094215571073366,3.0932291590924233e-07,0.1527941966684578,0.3411281459996036,0.06860910023842078
Ukraine,2015,0.2961252661478489,9.308328488009607e-08,0.24288017195056422,0.4364134253337416,0.06831922383306281
Slovak Republic,2014,0.2959671246278473,6.505089562582098e-07,0.307254164427727,0.49937845677121795,0.06802189618596105
Slovenia,2013,0.29641488340000693,8.284412354328549e-07,0.2687533584094573,0.46048246167150075,0.06798772321302711
Slovak Republic,2015,0.2977730638045052,6.297442234772653e-07,0.30607200429876413,0.4964599059578071,0.06785520158437086
Cyprus,2015,0.32408612297467754,9.283267603618811e-07,0.4010209564750134,0.578161312987551,0.06783714776335546
Ukraine,2014,0.2971273431832569,1.1957621980750802e-07,0.24637291778613646,0.4363053308591708,0.06769927672104245
Belarus,2001,0.2964069984282344,4.081344029358058e-08,0.30921547555077916,0.4994865512457888,0.06769493538854551
Hungary,2008,0.36798653108007273,4.6863853810786825e-07,0.20733476625470176,0.3617741906426216,0.06768677230486031
Ukraine,2016,0.3002735773968202,7.768874161146479e-08,0.2485222998387963,0.4365395355540741,0.06763084372710838
France,2012,0.32790660758622103,1.5498366932535993e-06,0.26171413218699624,0.43522438611346315,0.06749348646226211
Croatia,2022,0.30008120825065815,6.877422702102482e-07,0.18430951101558302,0.3712865044048498,0.06740386337405428
Belgium,2012,0.3076403034086139,1.6762151531100376e-06,0.1999462654486835,0.38301475489577885,0.06737856633785702
Romania,2016,0.30231036922832544,3.3295174976342054e-07,0.15585706609349811,0.34154250815212495,0.0673682918104328
France,2017,0.3382520606673959,1.3654601866641783e-06,0.250107469102633,0.41778514421604485,0.0673614238195153
France,2013,0.3284023045787483,1.5630831607173054e-06,0.2636485760343901,0.43601707892698227,0.06731471257797363
Belgium,2006,0.35272061401899946,1.4241742586654696e-06,0.2188608275120903,0.37906930657394555,0.06731446930140034
Hungary,2005,0.32267569535066326,3.6588891210560836e-07,0.19046211714132186,0.36507107211703027,0.06718954347466405
Armenia,2023,0.29687166018658545,2.3700436381009076e-07,0.35317033852767327,0.5398418217522113,0.06702158116574806
Armenia,2022,0.2972507174783538,1.9762297405312703e-07,0.35677055346587855,0.5429945772605257,0.06696997531825186
Poland,2011,0.31439183595405656,4.5610809591247074e-07,0.25459430413756046,0.432233772317005,0.06696730528534252
Latvia,2005,0.2970917252155915,2.5991717239596056e-07,0.2668726491133799,0.4527537067396904,0.06688551400540746
Ukraine,2017,0.299843978820875,7.768874161146479e-08,0.2525523911875336,0.43664763002864493,0.06680348449468057
Belgium,2004,0.33898555446368517,1.172491376855056e-06,0.19513702310585707,0.3593060334732556,0.06673294376553665
Slovak Republic,2007,0.30116560280543514,5.291426732799307e-07,0.2971520687802257,0.4801916875349054,0.0667247486028161
Serbia,2021,0.3007263596445644,3.1254502961663024e-07,0.2617678667383127,0.4444124164519788,0.06660170217970449
Saudi Arabia,2000,0.29451133078351655,3.683950005446879e-07,0.12009672219236969,0.3049525285099176,0.06642247853936152
Portugal,2016,0.3033678477243638,7.077909777228843e-07,0.29468027941966685,0.47386816077251515,0.0661747149384949
Bulgaria,2016,0.2977424266979189,2.584851218593437e-07,0.2008328855454057,0.3826904714720666,0.06614588909768501
Poland,2010,0.3144014252079839,4.5002188113184904e-07,0.2546480386888769,0.42783793035112694,0.06607834586418898
Israel,2004,0.299140990615461,7.342839126502962e-07,0.34736700698549167,0.5278793665663789,0.06601693811967987
Estonia,2002,0.29663947479657876,1.5967363483278016e-07,0.26668457818377217,0.44841191201109754,0.06600949408194037
Georgia,2006,0.29743841332790655,6.265221097698772e-08,0.361902203116604,0.5428504512944313,0.06593352229446162
Estonia,2003,0.2973107325479782,1.994130372238981e-07,0.3005910800644815,0.48069612841623577,0.0657521826316673
Ireland,2010,0.3325130856836633,1.6046126262791945e-06,0.3878022568511553,0.5500207181076259,0.06569580312597358
Malta,2011,0.3038013787924564,7.829736308952695e-07,0.16867275658248254,0.34386653935539657,0.06541928592064389
Portugal,2011,0.3057328133893454,8.091085531885273e-07,0.3380440623320795,0.5121516205163313,0.0653951975300615
Albania,2021,0.2974836668680323,2.1444956785837515e-07,0.3055883933369156,0.4828400021618894,0.06519879567658192
Belgium,2017,0.2605579175343613,1.5151094677406406e-06,0.18780225685115529,0.3831588808618732,0.0651278741103136
Georgia,2014,0.29807656333316274,1.6790792541832712e-07,0.46585169263836645,0.641883005747023,0.0650140029090103
Cyprus,2014,0.34592895383497885,9.462273920695919e-07,0.434631918323482,0.5866827607328803,0.06500353697907357
Hungary,2006,0.3142266323110684,3.966779986428709e-07,0.19865663621708757,0.36613400111697614,0.06491833455008386
Saudi Arabia,2008,0.3015949612150794,7.296297484062914e-07,0.13393336915636753,0.307474732916569,0.06486813368842245
Poland,2012,0.30361830916667965,4.6577443703463456e-07,0.2668189145620634,0.43911578719801103,0.06482143833107601
Ukraine,2002,0.29697966867277575,2.2196783317561368e-08,0.26963997850617943,0.44453852667231153,0.06467768759889565
Latvia,2013,0.2972637828081516,5.262785722066969e-07,0.31614723267060724,0.49080296178860305,0.06465778724370044
Belgium,2005,0.3285944902960784,1.3468435296881592e-06,0.22407307898979043,0.3824202352856396,0.06452955371054253
Saudi Arabia,2009,0.29673356169967274,7.034948261130337e-07,0.14177861364857602,0.31552777127209175,0.06442353944208348
Romania,2007,0.30600323957918396,2.273380226879269e-07,0.16961311123052122,0.33864197308447586,0.06440620999772066
Hungary,2000,0.2989499847211526,1.5967363483278016e-07,0.17364320257925844,0.34548795647395814,0.06426402908787263
Saudi Arabia,2001,0.29633396667032375,3.7161711425207584e-07,0.12138635142396562,0.29369268740879517,0.06409484967255541
Israel,2002,0.2978326328096135,6.79149966990547e-07,0.3435787211176787,0.5133406597366096,0.06373599057973103
France,2016,0.33047527524595555,1.3941011973965155e-06,0.2675174637291779,0.420325364368458,0.06360980470305028
France,2015,0.33767677444319466,1.4667777621298214e-06,0.27549704459967755,0.42432485992757674,0.06353397389878036
Romania,2015,0.3004555157234157,3.3832193927573376e-07,0.1803331542181623,0.34752373574504103,0.06348383703868697
Belgium,2002,0.31368985909980285,8.556501956285753e-07,0.1829661472326706,0.3429117048300213,0.06335852525454824
Italy,2007,0.35958074932589223,1.280253179735475e-06,0.16055883933369156,0.2974399625272488,0.06333493969789054
Poland,2013,0.2976020112526607,4.700705886444851e-07,0.2738581407845244,0.44125966094366464,0.06324074019238844
Croatia,2019,0.3001303679379098,5.599317598171932e-07,0.17509403546480387,0.34111013025384185,0.06321653571747848
Romania,2001,0.29742461005500476,5.728202146467449e-08,0.17358946802794195,0.3405336263894643,0.06313132131881567
Malta,2008,0.31054344790021365,7.20679432552436e-07,0.15789897904352498,0.31743744032284216,0.06296239738560107
France,2000,0.3360041757248565,8.896613958732258e-07,0.2718430951101558,0.4185958527753255,0.06295141393621755
Lithuania,2004,0.2971585473306783,2.087213657119077e-07,0.2843632455668995,0.4493126992991875,0.06270584984020827
Belarus,2000,0.29642905371226735,4.3677541366814306e-08,0.3257388500806018,0.4906047885852233,0.06261611491092171
Greece,2008,0.3018130817456211,1.024274146315211e-06,0.2032240730789898,0.3649990091339831,0.06253680752263392
Albania,2018,0.2974700471655585,1.6898196332078977e-07,0.3278882321332617,0.4905327256021762,0.06227598790132042
Ukraine,2020,0.29660664669500186,1.2065025770997065e-07,0.25188070929607737,0.41470445169077774,0.06222547347356912
Germany,2004,0.276744981636678,1.1277397975857793e-06,0.2855185384202042,0.45741978489199553,0.06205531132792487
Malta,2007,0.3304447048309609,6.383365266969664e-07,0.17119828049435787,0.31514944061109407,0.06183502167470667
Israel,2003,0.29950068353027587,6.855941944053229e-07,0.36015583019881786,0.519051651143099,0.061729575338981026
Slovak Republic,2009,0.29777373891484465,6.079054527938581e-07,0.3203385276732939,0.47983137261966957,0.061676246833486
Lithuania,2003,0.29652360264353567,1.6253773590601388e-07,0.3432025792584632,0.5027474012286738,0.06156140592726364
Belgium,2003,0.3294548925258104,9.644860364114568e-07,0.20365394948952176,0.34566811393157615,0.06134880438401012
Croatia,2021,0.3012298003836508,6.179298065501761e-07,0.20171950564212787,0.3575404903885996,0.0612874859525627
Spain,2023,0.33750391934457435,1.1696272757818224e-06,0.3245298226759807,0.46183364260363546,0.06121174073362629
Romania,2000,0.29730953900787654,5.549195829390342e-08,0.18455131649650727,0.3419208388131225,0.06120488611008985
Cyprus,2013,0.3212148932114341,9.916949966071772e-07,0.43070929607737773,0.5759273605130885,0.061165598055783865
Bulgaria,2015,0.2984452806537779,2.5991717239596056e-07,0.24296077377753897,0.398886626911921,0.061029828650840404
Estonia,2009,0.29810477290806514,5.158962058162247e-07,0.36131112305212254,0.5168897616516835,0.06092646295882162
Romania,2003,0.29808339179981364,7.482464053823107e-08,0.18404083825900053,0.339416650152233,0.06088353897094812
Romania,2014,0.3000254047004247,3.43692128788047e-07,0.18006448146157977,0.3344262885762156,0.06087507373903402
France,2014,0.3011707949801527,1.5462565669120572e-06,0.2733207952713595,0.42690111157151345,0.060833915886329526
Ukraine,2001,0.2970746022866565,1.969069487848186e-08,0.2944922084900591,0.44871817968904815,0.060552664313810914
Croatia,2008,0.30134912740708253,4.951314730352802e-07,0.22649113379903277,0.3785468499468535,0.06054630353600893
Belgium,2014,0.2817338372117961,1.7073622522814543e-06,0.22630306286942503,0.38746464409894243,0.06040655364820924
Lithuania,2013,0.29705221902327256,5.452532418168703e-07,0.31354110693175713,0.46702217738303264,0.06040170861920327
Malta,2010,0.3051803968285901,7.600608223093998e-07,0.18127350886620097,0.3304808402543823,0.06035988599090644
Albania,2020,0.29734093890445934,1.8473451922357524e-07,0.3113917248790972,0.4632208550272937,0.060100012287344844
Italy,2006,0.35096955131596785,1.220465069831721e-06,0.17939279957012358,0.3028807177473112,0.059795148999569225
Turkiye,2000,0.29725679811127614,1.4356306629584045e-07,0.17181622783449757,0.32212153422090906,0.05978681286994306
Belgium,2013,0.26789169774799787,1.7062882143789917e-06,0.22367006985491672,0.3882213054209378,0.0597002700321112
Saudi Arabia,2007,0.30223680560066535,6.340403750871159e-07,0.15137023105857067,0.29871908047633633,0.05969376746380722
Malta,2000,0.2970277926549714,4.052703018625721e-07,0.1672219236969371,0.31713117264489155,0.059684831690238964
Romania,2006,0.3068696558355056,1.696979885890982e-07,0.19263836646963997,0.3373628551353882,0.0596319481656945
Romania,2005,0.3025468543229617,1.331806999053682e-07,0.19005910800644815,0.33693047723710523,0.059629025868777545
Spain,2022,0.3591140592125078,1.1399122271470226e-06,0.3443578721117679,0.4625542724341073,0.05955125594183224
Belgium,2015,0.2776024275054388,1.6285994727675268e-06,0.22520150456743684,0.38375340047201245,0.05947143623119539
Ukraine,2021,0.30394242594942406,1.3962492732014408e-07,0.2615260612573885,0.40663339758949324,0.059415779673827024
Poland,2007,0.3203179948811584,3.501363562028229e-07,0.25392262224610423,0.3903111319293061,0.059309676492934324
Romania,2012,0.299237525360876,3.2364342127541094e-07,0.1798495432563138,0.3261750770173131,0.0591890211099981
Romania,2010,0.2993968680156861,3.061008022018544e-07,0.18428264373992476,0.3302826670510026,0.05913984451418529
Saudi Arabia,2002,0.29572622532775217,3.633828236665289e-07,0.1387694787748522,0.2865944835786477,0.05913780518494614
Ireland,2012,0.3520195065526359,1.4503091809587275e-06,0.41243954862976895,0.5318428306339741,0.0590833322106951
Armenia,2021,0.296666526997148,1.582415842961633e-07,0.4129231595916174,0.5599473940223755,0.05907157870665856
Serbia,2020,0.29965774273957574,2.7316363985966656e-07,0.23941429339065015,0.38382546345505963,0.05884814486865941
Portugal,2015,0.2975329822727034,7.267656473330577e-07,0.3317302525523912,0.4768407588232114,0.05877576286425805
Greece,2007,0.2981918697018907,9.390671393865075e-07,0.22168189145620637,0.36402615886284606,0.05828850998508671
Spain,2004,0.3205454449367669,7.861957446026575e-07,0.2952713594841483,0.4262885762156122,0.05825838093784179
Albania,2011,0.29732076484256337,1.5215536951554164e-07,0.3595110155830199,0.5020988343812492,0.058249716321586965
Croatia,2020,0.29772643230224427,5.359449133288608e-07,0.1990059108006448,0.341272271965698,0.05822618343569173
Ukraine,2000,0.2968856939842877,1.8616656976019214e-08,0.3118484685652875,0.45289783270578476,0.05789845153485672
Latvia,2004,0.29688242402064335,2.040672014679029e-07,0.31187533584094573,0.452699659502405,0.05785320916795692
Romania,2013,0.3000116175804123,3.30445661324341e-07,0.1879634605051048,0.32675158088169054,0.05775895105618905
Malta,2002,0.29583778366376384,3.798514048376228e-07,0.18275120902740463,0.3232024789666168,0.057674222279921236
Ireland,2011,0.31904104421460106,1.5072331897892477e-06,0.40983342289091884,0.5379501684472227,0.05752820714931575
Malta,2001,0.2967148989831198,3.891597333256324e-07,0.1882590005373455,0.3266434864071197,0.05734858165213349
Tajikistan,2004,0.2965759851514617,3.580126341542157e-09,0.09446534121440085,0.2328535139712108,0.057335234856571334
Turkiye,2023,0.30681632535145065,4.142206177164275e-07,0.24954325631380975,0.382744518709352,0.05732209212456238
Saudi Arabia,2003,0.29575271723993546,3.9309787230132874e-07,0.14677592692101019,0.285063145188895,0.05723291192650666
Malta,2009,0.29770065691085307,7.120871293327348e-07,0.1824019344438474,0.3195092510854486,0.05719188506297021
Italy,2023,0.3366089415951729,1.3518557065663182e-06,0.2022299838796346,0.31945520384816317,0.05710661408107629
Romania,2004,0.3024934896810016,1.0024353756318037e-07,0.20470177324019345,0.3376330913218152,0.05683566270619329
Tajikistan,2005,0.29636737495975884,7.518265317238528e-09,0.08799032778076303,0.22343127893779158,0.05672493148651425
Croatia,2009,0.2992586500476322,4.940574351328175e-07,0.2445459430413756,0.37802439331976145,0.05662180208915796
Romania,2011,0.2985878797856295,3.1684118122648085e-07,0.19013970983342288,0.32390509305132675,0.05661202304273434
Malta,2006,0.32032220712796144,5.789064294273667e-07,0.1799570123589468,0.30178175725584155,0.05639745914538982
Greece,2006,0.3015042654699851,8.756989031412114e-07,0.23659322944653413,0.3667825679644008,0.05618873210002341
Tajikistan,2006,0.2966398517881462,1.0740379024626468e-08,0.0814078452444922,0.21357666600608938,0.05609775470132357
Slovak Republic,2006,0.3017823858281471,4.578981590832418e-07,0.35720042987641054,0.48631704109391605,0.056001789775395355
Saudi Arabia,2004,0.2959945454383113,4.553920706441623e-07,0.1537345513164965,0.28545949159565454,0.055944670295698065
Saudi Arabia,2006,0.3020455635369493,5.760423283541329e-07,0.16534121440085975,0.29327832525627395,0.055792266545941945
Saudi Arabia,2005,0.30052045887289475,5.176862689869957e-07,0.15988715744223536,0.28810780622263854,0.055696434486504603
Tajikistan,2001,0.2965173832994772,0.0,0.09806555615260612,0.22806132559857306,0.0556508922191411
Tajikistan,2007,0.2966603152560272,1.4678518000322839e-08,0.07452982267598066,0.2025149981083466,0.055263073951334916
Estonia,2000,0.2967142518240304,1.4356306629584045e-07,0.35626007522837183,0.4835065847550758,0.05512079886927698
Tajikistan,2003,0.2963454830766129,1.7900631707710785e-09,0.10075228371843095,0.22806132559857306,0.0550963575787213
Malta,2005,0.3172210690403026,5.448952291827161e-07,0.18331542181622784,0.29938566306952274,0.054936427602303835
Latvia,2003,0.2966187791882193,1.6432779907678497e-07,0.32135948414830734,0.4473309672653899,0.05485625670613799
Bulgaria,2006,0.303866168611433,1.4821723053984525e-07,0.2378022568511553,0.35934206496477916,0.05469465259248334
Tajikistan,2002,0.296349718362395,3.5801263415421603e-10,0.10343901128425578,0.22806132559857306,0.05455943487810927
Spain,2003,0.32579720413962565,6.412006277702001e-07,0.3004567436861902,0.4098762318266165,0.054463938642361716
Romania,2002,0.2974121440248992,6.40842615136046e-08,0.215260612573885,0.3388401462878555,0.054457153187414786
Serbia,2019,0.30040850706926375,2.584851218593437e-07,0.27659860290166577,0.39625632803069877,0.05397252497529391
Italy,2022,0.35646691825432164,1.366534224566641e-06,0.21410531972058036,0.30565514259462767,0.053957339667353915
Italy,2008,0.28720382779961257,1.3540037823712434e-06,0.17794196668457818,0.30361936332354467,0.053856539109645746
Lithuania,2002,0.29694878216334547,1.310326241004429e-07,0.34680279419666843,0.46759868124741033,0.053854121142794975
Slovak Republic,2011,0.3015236254349886,6.24374033964952e-07,0.3636217087587319,0.4816149314500874,0.05375131926878694
Malta,2003,0.2971891695060751,4.314052241558298e-07,0.19849543256313812,0.3180860071702667,0.0536372475746453
Greece,2009,0.29896780565498665,1.0500510559743144e-06,0.253788285867813,0.3723134019132722,0.053602328800118504
Tajikistan,2000,0.2965173832994772,3.5801263415421603e-10,0.10881246641590543,0.22806132559857306,0.05350151034548756
Croatia,2018,0.2978935177770032,5.194763321577668e-07,0.22385814078452446,0.3419388545588844,0.05340575427073838
Estonia,2001,0.29688367024913537,1.4857524317399947e-07,0.35018807092960774,0.467004161637271,0.05305165945406777
Slovak Republic,2012,0.29801872776014615,6.32608324550499e-07,0.37254164427727027,0.4884969463310932,0.05299324949094148
Portugal,2014,0.3078661651809583,7.532585822604697e-07,0.37068780225685116,0.48120056929756594,0.05288954655552992
Italy,2005,0.33156721873674644,1.1567388209522707e-06,0.20499731327243417,0.3035292845947357,0.052863694507545425
Italy,2004,0.3155902461569863,1.009595628314888e-06,0.20865126276195592,0.31385230691624466,0.05259973824437054
Georgia,2012,0.2972435612946672,1.464271673690742e-07,0.5253358409457282,0.639306754103086,0.05251861197452197
Hungary,2013,0.2927382630902537,4.783048792300321e-07,0.27074153680816765,0.386617904048138,0.052449338909459055
Georgia,2013,0.29731870843961616,1.6182171063770544e-07,0.5189682966147233,0.6320644243068442,0.05235117729324111
Bulgaria,2010,0.29808233698188163,2.4523865439563774e-07,0.27348199892530894,0.38616751040409314,0.05234545861327221
Croatia,2007,0.3007701162696527,4.421456031804563e-07,0.26354110693175714,0.37476354333687634,0.0523217199807907
Spain,2002,0.33405815735883354,5.534875324024173e-07,0.29677592692101024,0.3890139982344569,0.0518537067423389
Slovak Republic,2013,0.2972778003876812,6.480028678191302e-07,0.37952713594841486,0.4896859855513719,0.05175987396079343
Lithuania,2012,0.2969645011193775,4.994276246451308e-07,0.3563944116066631,0.4626083196713927,0.050939481438696005
Turkiye,2022,0.309419807792726,3.7519724059361797e-07,0.27847931219774313,0.37809645630280864,0.050865597198905994
Albania,2017,0.29729588185537764,1.4785921790569103e-07,0.3631380977968834,0.46821121660331133,0.050744285876432316
Malta,2004,0.3034773856870762,5.026497383525187e-07,0.19390112842557763,0.2923054749851369,0.05002885920548866
Portugal,2012,0.3168326611810534,7.518265317238528e-07,0.4145889306824288,0.5055938890590376,0.04988463370669296
Slovak Republic,2010,0.29834405932796976,6.254480718674146e-07,0.38385276732939283,0.4822274668059884,0.04950965855215201
Spain,2001,0.32403710741789293,5.502654186950294e-07,0.2753358409457281,0.3607833246257228,0.04949348261049758
Turkiye,2001,0.29952945129205794,1.1814416927089115e-07,0.22248790972595378,0.31985155025492285,0.04942573230708423
Spain,2019,0.3253925060760025,1.0815561677798853e-06,0.37624932831810853,0.4604464301799772,0.04937921175805788
Latvia,2012,0.29735151975234614,4.936994224986633e-07,0.40158516926383664,0.49739672473742036,0.0488977099196626
Romania,2009,0.3007623271701074,3.2435944654371937e-07,0.18159591617409995,0.27479417010467144,0.04871604568284832
Turkiye,2018,0.3082537545151603,3.755552532277722e-07,0.291671144545943,0.38092492838741054,0.04867631999743616
Italy,2009,0.3122401956528177,1.3536457697370893e-06,0.2055077915099409,0.292125317527519,0.048548201591682265
Greece,2005,0.29697533841180945,8.123306668959152e-07,0.2679742074153681,0.36199037959176317,0.04850117444179341
Latvia,2002,0.2964686484150528,1.3676082624691036e-07,0.3688608275120903,0.4628785558578198,0.048450478891064304
Spain,2021,0.3582875111346137,1.0722478392918758e-06,0.39443847393874265,0.45698740699371243,0.048339073848374964
Albania,2012,0.2971954216847398,1.5036530634477056e-07,0.3566899516389038,0.44907849460428395,0.04819732594420318
Georgia,2011,0.297437160038549,1.2244032088074173e-07,0.524771628156905,0.6152377177653269,0.047836995145699696
Bulgaria,2014,0.2973638141851054,2.695835135181244e-07,0.30424502955400323,0.3945088006918046,0.047789270437827575
Armenia,2013,0.29664701016082656,1.353287757102935e-07,0.44266523374529826,0.5330679013457761,0.04774530220056609
Georgia,2008,0.29785155476270414,9.523136068502135e-08,0.4774314884470715,0.5660907633271478,0.04751705806796602
Turkiye,2017,0.30704550852031426,3.913078091305577e-07,0.2906770553465879,0.37407894499792815,0.047385124436204046
Greece,2003,0.29766538346609284,5.581416966464221e-07,0.2616603976356798,0.3483524600500838,0.04710522990033841
Hungary,2012,0.3065469596912591,4.625523233272466e-07,0.2929339065018807,0.3749076693029707,0.047049679805505576
Turkiye,2013,0.30932103847727427,4.442936789853816e-07,0.25827512090274046,0.338191579440431,0.046915617702105034
Syrian Arab Republic,2000,0.2965740432316489,2.613492229325774e-08,0.25488984416980115,0.3390923667285207,0.046497921902369954
Turkiye,2012,0.3094946039733593,4.1959080722874075e-07,0.2447608812466416,0.32230169167852696,0.04645783227911662
Spain,2018,0.35764649517346414,1.0446808664620012e-06,0.4071735626007523,0.4605905561460716,0.0464485705668435
Hungary,2009,0.2934517066393403,4.743667402543357e-07,0.26679204728640515,0.351505215558398,0.04628804150170272
Serbia,2000,0.2995241311100941,5.5849970928057635e-08,0.33584094572810314,0.4165780892500045,0.04609986974037516
Turkiye,2015,0.3147869132158634,4.2675105991182505e-07,0.27415368081676517,0.34647882249085693,0.04594393303193464
Lithuania,2000,0.29667978633201925,1.0919385341703576e-07,0.42533584094572807,0.5065307078386508,0.04590700660871319
Italy,2011,0.32936495907479263,1.3522137192004724e-06,0.2218968296614723,0.28490100347703884,0.045538006777452164
Greece,2004,0.29837483600634357,6.977666239665662e-07,0.2828586781300376,0.35966634838849143,0.04519936653563711
Turkiye,2016,0.30958186618409816,4.002581249844131e-07,0.29013970983342285,0.3590898445241141,0.04474841368561056
Turkiye,2014,0.3091043213385162,4.464417547903069e-07,0.2633261687264911,0.33228241483056187,0.04470190457554317
Hungary,2011,0.3064450963118252,4.6863853810786825e-07,0.29363245566899515,0.36348568648999224,0.044615390114651
Lithuania,2009,0.29596973065393295,4.396395147413768e-07,0.3676786673831274,0.4408092672996199,0.044223312868449174
Italy,2003,0.31508407147355744,8.32021361774397e-07,0.23559914024717893,0.29826868683229146,0.04404273247505914
Latvia,2001,0.2964815076176728,1.2279833351489595e-07,0.3686458893068243,0.4401066532149097,0.04394036494255113
Armenia,2019,0.29641130133206334,1.6074767273524282e-07,0.48909188608275117,0.560433819157944,0.04390959712208127
Serbia,2001,0.2995241311100941,5.2627857220669696e-08,0.34121440085975285,0.410975192318086,0.043904597716604654
Bulgaria,2011,0.2983325302061001,2.5454698288364735e-07,0.2998387963460505,0.36901652043886357,0.04366892511266407
Italy,2010,0.3058377433219425,1.3514976939321639e-06,0.2220042987641053,0.28691876700235996,0.04356734372869216
Armenia,2016,0.29663524563366334,1.263784598564381e-07,0.4706340677055347,0.5395355540742607,0.04344388502634147
Italy,2019,0.3306068331159615,1.2433778784175909e-06,0.26466953250940356,0.31559983425513893,0.04324736534968244
Turkiye,2011,0.311832464080847,3.9488793547209983e-07,0.26031703385276733,0.3206082115769181,0.0432416793968826
Armenia,2014,0.29670501173392616,1.374768515152188e-07,0.4674368619022031,0.5351036806168591,0.04320393365474956
Estonia,2010,0.2988009126293919,5.162542184503789e-07,0.44618484685652876,0.5123678094654728,0.043116941911837216
Armenia,2017,0.2965574998418404,1.3389672517367665e-07,0.4729715206878023,0.5394815068369755,0.04295781416238126
Croatia,2006,0.29952428449975255,3.966779986428709e-07,0.29634605051047824,0.36101752932062614,0.04288692255100415
Greece,2002,0.2963479099696224,4.675645002054056e-07,0.2752821063944116,0.3413263192029834,0.04284386734092671
Portugal,2013,0.31141362528660393,7.597028096752455e-07,0.4322407307898979,0.49013637919541664,0.04272087206116898
Armenia,2012,0.2967913709192878,1.2673647249059232e-07,0.46778613648576034,0.5312302952780729,0.04236803221862753
Greece,2023,0.3008432431022699,8.030223384079056e-07,0.2946265448683504,0.35595510476156156,0.04235043780003844
Georgia,2010,0.29719822293300835,1.0955186605118998e-07,0.5401128425577647,0.6021943178337866,0.04213617212443824
Armenia,2020,0.29637130986227816,1.4571114210076575e-07,0.4856260075228372,0.5473904192264037,0.04199008618251218
Slovak Republic,2005,0.3000774851432888,4.0097415025272153e-07,0.43460505104782376,0.49354135514439623,0.04179520982071849
Croatia,2010,0.29779672144522057,4.91551346693738e-07,0.30951101558301986,0.36872826850667473,0.04162336850492637
Bulgaria,2005,0.300244927516484,1.3031659883213447e-07,0.2682160128962923,0.32538238420379406,0.04145783217144817
Serbia,2018,0.3002197769526962,2.3414026273685702e-07,0.3394142933906502,0.3944367377087574,0.04102658362902244
Latvia,2000,0.29662600246737914,1.1313199239273213e-07,0.37912412681354113,0.43387320518132844,0.04061247248629157
Italy,2002,0.31284639343879217,7.375060263576841e-07,0.24478774852229984,0.29142270344280896,0.04061199908099422
Lebanon,2009,0.3009214299433309,2.3127616166362328e-07,0.16805480924234284,0.22051272812438072,0.0405838424088215
Italy,2018,0.3387473090164336,1.2061445644655525e-06,0.2823750671681891,0.3158700704415659,0.04057433462860094
Italy,2021,0.32019464434806877,1.2977957988090315e-06,0.2524717893605588,0.29500783684940635,0.04052732283047579
Bulgaria,2012,0.29802979745961367,2.627812734691943e-07,0.32697474476088123,0.38024033004846225,0.040456228194114305
Armenia,2008,0.29722010297031237,1.1563808083181165e-07,0.4567436861902204,0.5094132271605382,0.04025597631013521
Croatia,2017,0.29806079026914517,4.722186644494104e-07,0.29844169801182163,0.34961356225340934,0.040040687984564276
Hungary,2010,0.27622306481281694,4.6899655074202247e-07,0.29747447608812466,0.3591438917613994,0.039956424114212005
Lebanon,2010,0.30041921978571806,2.570530713227268e-07,0.1793390650188071,0.2287279081917596,0.03991981913969797
Bulgaria,2013,0.2982224743387759,2.663613998107364e-07,0.34500268672756584,0.39398634406471245,0.039619112082006816
Greece,2001,0.2963170524409346,4.625523233272466e-07,0.28651262761955937,0.3360296899490154,0.03953534898614633
Armenia,2015,0.29649169837720096,1.3425473780783084e-07,0.4879365932294465,0.5371935071252275,0.03950061974424521
Albania,2009,0.29760528620693577,1.4750120527153684e-07,0.3646963997850618,0.4130109715891689,0.03942351673211762
Greece,2000,0.29630727453200434,4.722186644494104e-07,0.30212251477700164,0.349037058389032,0.039013872284938717
Lithuania,2011,0.29811869088798704,4.7078661391279356e-07,0.4108006448146158,0.4564469346208587,0.03894136244335425
Poland,2000,0.305266701916791,1.6217972327185966e-07,0.39838796346050515,0.439818401282721,0.03881283884598391
Latvia,2011,0.2977722386301623,4.557500832783165e-07,0.43272434175174634,0.47613814473850147,0.038460212335408896
Albania,2016,0.2973166250396709,1.4893325580815368e-07,0.4115529285330467,0.45482551750229694,0.03838625476444504
Lebanon,2011,0.29932333055544363,2.7065755142058704e-07,0.1947608812466416,0.23694308825913846,0.03836890978681945
Spain,2020,0.3324504109804318,9.673501374846906e-07,0.41461579795808706,0.4383771416217773,0.037997793505849975
Albania,2010,0.29736026444234975,1.5036530634477056e-07,0.3757657173562601,0.41677626245338417,0.037938210646312975
Turkiye,2002,0.29735269065054964,1.192182071733538e-07,0.2756045137023106,0.3154376925432828,0.03770196444235299
Slovak Republic,2003,0.2972445243638681,2.4380660385902087e-07,0.4688070929607738,0.5086925973300663,0.03770167521354725
Italy,2020,0.2799650722228828,1.1553067704156539e-06,0.24352498656636215,0.29160286090042686,0.03761265974248643
Serbia,2002,0.2995241311100941,5.191183195236127e-08,0.3680816765180011,0.40582268903021235,0.03750064156936765
Poland,2006,0.31690613833380754,2.9679247371384477e-07,0.3679204728640516,0.39454483218332825,0.037015634093472936
Italy,2001,0.3105821083146604,7.529005696263154e-07,0.25521225147770016,0.2849190192228007,0.03699994083077096
Latvia,2009,0.29617127332799936,4.847491066448079e-07,0.4678936055883934,0.5045489758048533,0.03694844375064524
Greece,2010,0.29682617058968586,9.748684028019292e-07,0.3390381515314347,0.37519592123515944,0.03691465843391495
Lebanon,2012,0.2992986523340034,2.806819051769051e-07,0.21055883933369157,0.2451762840722791,0.036853494522070436
Croatia,2005,0.29805532284835506,3.594446846908325e-07,0.33578721117678667,0.37094420523537563,0.03683711081889564
Turkiye,2021,0.30868047631492734,3.526424446419024e-07,0.31888769478774853,0.3475417514908029,0.036599035293325935
Albania,2008,0.29751108759081274,1.3890890205183564e-07,0.3481998925308974,0.38056461347217463,0.03622412240178775
Georgia,2009,0.2969487921240376,9.988552492902615e-08,0.5537345513164966,0.5858720521735995,0.0361224293265868
Armenia,2018,0.296571027458115,1.4535312946661153e-07,0.5068780225685117,0.538905002972598,0.0360625715031935
Lithuania,2001,0.29673936196935635,1.1778615663673693e-07,0.4497581945190758,0.48130866377213677,0.035984088940626144
Syrian Arab Republic,2006,0.29694706520942277,4.868971824497332e-08,0.2168189145620634,0.247572378258598,0.03584542360510832
Lebanon,2013,0.2988669173945461,2.7638575356705447e-07,0.2245566899516389,0.2534274956311816,0.03566099106823993
Bosnia and Herzegovina,2023,0.2973077920639485,2.907062589332231e-07,0.2839333691563675,0.31275334642477515,0.035494920013205845
Serbia,2017,0.29909085412689274,2.0227713829713183e-07,0.3594035464803869,0.3871043291837065,0.03544934309192234
Greece,2022,0.30393666185189366,7.808255550903443e-07,0.33116603976356795,0.35595510476156156,0.035351869597565644
Lebanon,2014,0.2990600663517203,2.60633197664269e-07,0.234631918323482,0.2616967229358459,0.03531909787424364
Syrian Arab Republic,2005,0.2967945960719779,4.4035554000968524e-08,0.23398710370768402,0.261246329291801,0.03513132674179818
Armenia,2011,0.2969415223871278,1.14564042929349e-07,0.5046749059645352,0.5314284684814526,0.03504492202411773
Spain,2000,0.33516096244356924,5.588577219147306e-07,0.3676786673831274,0.37512385825211225,0.03500541384701486
Spain,2017,0.3285136777840072,9.652020616797654e-07,0.4600752283718431,0.4680310591456932,0.034443016534201565
Lebanon,2015,0.29838573134057295,2.5776909659103525e-07,0.24734013970983337,0.26996595024051007,0.034363864124740934
Albania,2003,0.29648585700104085,5.3343882488978124e-08,0.45365394948952176,0.4772190894842091,0.0343616403709828
Albania,2004,0.2966424003361851,6.945445102591783e-08,0.43541106931757123,0.4581043832309438,0.034202937543518545
Syrian Arab Republic,2004,0.29657883785861255,4.009741502527215e-08,0.2529016657710908,0.2749382960707658,0.034065229894503765
Bulgaria,2004,0.2992614805133676,1.0382366390472252e-07,0.32071466953250943,0.33943466589799476,0.03367019923626578
Slovak Republic,2004,0.30021172554351316,3.182732317630977e-07,0.48645889306824286,0.5045129443133297,0.03363214193998458
Italy,2017,0.30469328810103674,1.1173574311953069e-06,0.29852229983879636,0.3140684958653862,0.03357912669413725
Lebanon,2016,0.2987781189311488,2.6886748824981595e-07,0.26023643202579255,0.27825319329093623,0.03348129857988774
North Macedonia,2023,0.2969302843441221,2.771017788353629e-07,0.35126276195593764,0.36970111877781175,0.03338083834967644
Albania,2002,0.29644458830362963,4.331952873266009e-08,0.47799570123589463,0.49618966977138,0.033283274197224405
Italy,2012,0.29634860086240117,1.2892034955893303e-06,0.2835840945728103,0.30160159979822354,0.03323900573307055
Spain,2009,0.3054726918613172,1.1585288841230417e-06,0.47708221386351424,0.4897220170428954,0.033075809086450025
Syrian Arab Republic,2003,0.296468561438448,3.5443250781267346e-08,0.2735088662009672,0.28864827859549247,0.03267475634437524
Lebanon,2017,0.2987339360431354,2.899902336649147e-07,0.272729715206878,0.2865404363413623,0.03263568282632723
Turkiye,2019,0.3054316370843414,3.451241793246639e-07,0.3662009672219237,0.3762228187435819,0.03254770657485544
Syrian Arab Republic,2002,0.296425409795775,3.2221137073879407e-08,0.29124126813541107,0.305456969391248,0.032485697341313416
Turkiye,2003,0.2979472243940453,1.3210666200290556e-07,0.28054809242342826,0.2929900733240852,0.03228318467286693
Albania,2005,0.2965668311658885,8.807110800193705e-08,0.4262761955937668,0.43886356675734584,0.032174201384858665
Syrian Arab Republic,2001,0.2964206151688113,2.9357036000645678e-08,0.3097796883396024,0.3222656601870034,0.032139270564879335
Croatia,2004,0.2975753338689633,3.010886253236954e-07,0.3644277270284793,0.37561028338768077,0.03199419520304929
Lebanon,2008,0.30047020070503655,2.040672014679029e-07,0.20327780763030628,0.2123335795485254,0.03185827648774821
Serbia,2008,0.3002043412399475,2.180296941999173e-07,0.3645889306824288,0.3733583151674563,0.03177442003584735
Armenia,2009,0.2970439557463406,1.0668776497795626e-07,0.5157173562600753,0.526023744752914,0.031765726617084294
Lebanon,2018,0.2988639607561983,3.0574278956770016e-07,0.28600214938205265,0.29482767939178833,0.03165165494896176
Italy,2016,0.320917959781299,1.1384801766104057e-06,0.31133799032778076,0.3079971895436612,0.03142420506139429
Slovak Republic,2002,0.30035454662230093,2.1015341624852456e-07,0.49545943041375606,0.5018826454321076,0.031320202742608536
Armenia,2010,0.2968227130989737,1.1169994185611528e-07,0.5218430951101559,0.529987208820509,0.03131114990193891
Lebanon,2004,0.2981359222798545,1.6253773590601388e-07,0.20822138635142395,0.21532419334498354,0.031234234895565326
Albania,2001,0.29651391860952436,4.009741502527215e-08,0.49623858140784527,0.5011980470931593,0.030643305046722746
Lebanon,2003,0.2990576794776643,1.2566243458812967e-07,0.21359484148307364,0.21685553173473604,0.030557968829316214
Lebanon,2019,0.29814322153550654,3.0323670112862063e-07,0.3009403546480387,0.30313293818797626,0.030252990479888737
Tajikistan,2008,0.2967817602227054,2.040672014679029e-08,0.18898441698011822,0.19163348766822197,0.03020800036325137
Albania,2000,0.2964522597067715,3.365318761049627e-08,0.5084094572810317,0.5110526600248616,0.030173883346036934
Slovak Republic,2000,0.29840858175061435,1.9225278454081379e-07,0.49559376679204725,0.4971264885509935,0.030147498653242955
Albania,2006,0.2966269167637446,1.034656512705683e-07,0.4171413218699624,0.41951465580917713,0.030137410197043052
Italy,2000,0.3089470402179415,7.790354919195731e-07,0.28839333691563673,0.2837479957482839,0.029966025306069545
Montenegro,2019,0.2967155708961886,3.2149534547048563e-07,0.40376141859215475,0.4051741221827877,0.02995425855541818
Lebanon,2002,0.2975962289325425,1.353287757102935e-07,0.21840408382590004,0.21654926405678565,0.029388726603819224
Serbia,2003,0.2995241311100941,8.413296902624068e-08,0.40569586243954864,0.4014088313185723,0.02909504895329866
Syrian Arab Republic,2007,0.2975060795078285,5.405990775728656e-08,0.22353573347662548,0.2194678148701965,0.028937051259450935
Croatia,2016,0.2978249183545246,4.629103359614008e-07,0.349355185384202,0.34460518493163017,0.028832723200106075
Slovak Republic,2001,0.29778476713965474,1.9869701195558965e-07,0.5117678667383128,0.5068009440250779,0.02878519151982449
Lebanon,2005,0.2988308766485497,1.7005600122325242e-07,0.21888769478774853,0.2115949339722918,0.028424620529764234
Turkiye,2006,0.31567104242796495,2.7137357668889547e-07,0.2720849005910801,0.2558956528005476,0.028329390371478344
Turkiye,2007,0.3174565615092374,3.12187016982476e-07,0.27364320257925845,0.2551389914785521,0.028044970024290974
Lebanon,2001,0.29631885304720884,1.3890890205183564e-07,0.22471789360558841,0.2164591853279766,0.027980213103649548
Croatia,2011,0.297512811471441,4.94773460401126e-07,0.3648038688876948,0.35471201830399757,0.027733158417134862
North Macedonia,2022,0.2971342019110511,2.6528736190827377e-07,0.3862439548629769,0.37575440935377513,0.0276156437329457
Turkiye,2010,0.30504039552410556,3.6588891210560836e-07,0.3164696399785062,0.3015115210694147,0.02751259871504831
Lebanon,2000,0.29644739220147803,1.4069896522260673e-07,0.22845244492208489,0.21647720107373847,0.027249760799961133
Italy,2015,0.3090721390641914,1.1767875284649067e-06,0.31692638366469644,0.29821463959500605,0.027165453486245293
Turkiye,2008,0.3153507613467915,3.4405014142220124e-07,0.2919129500268673,0.26695732069829037,0.026544122294034474
Croatia,2003,0.2980857258357724,2.3414026273685702e-07,0.37141321869962385,0.3550543174734718,0.026536909408478207
Montenegro,2018,0.2967808384919415,2.9679247371384477e-07,0.40542718968296615,0.3873025023870863,0.026053294786255038
Italy,2013,0.31504430026176494,1.2670067122717691e-06,0.32372380440623316,0.29592663988325796,0.0259456306249376
Syrian Arab Republic,2009,0.2987791384610394,7.482464053823107e-08,0.21601289629231596,0.195867187922244,0.025848809584409816
Turkiye,2005,0.3059341139901345,2.3342423746854858e-07,0.2830736163353036,0.25876015637667316,0.025730836119406096
Lebanon,2006,0.29887981229885446,1.6862395068663555e-07,0.23027941966684576,0.20786567459960004,0.025405316528411652
Spain,2010,0.3314207594067812,1.137406138707943e-06,0.5308973670069855,0.4916316860936457,0.02528950846107951
Syrian Arab Republic,2011,0.29708535337776276,8.735508273362861e-08,0.22909725953788287,0.20415443097267005,0.024720013302275076
Albania,2007,0.29694061701508173,1.1814416927089115e-07,0.4262761955937668,0.40007566613219947,0.024454014881279344
Serbia,2016,0.2985736084963152,2.062152772728282e-07,0.4072272971520688,0.37660114940457956,0.023732234407772307
Italy,2014,0.31264826414260355,1.2444519163200535e-06,0.33807092960773777,0.3002143873745653,0.023694140193584026
Spain,2016,0.3394309802896807,9.809546175825507e-07,0.5248522299838797,0.4730394364674725,0.023581029802995424
Turkiye,2004,0.2989857405943772,1.786483044429536e-07,0.2885008060182697,0.2565081881564486,0.023500139811225722
"Iran, Islamic Rep.",2004,0.2964154110807049,8.198489322131537e-08,0.2740462117141322,0.2420955915470121,0.023251458067093084
Lebanon,2007,0.2995524470497066,1.8473451922357524e-07,0.2385814078452445,0.20415443097267005,0.023069941697715382
Lithuania,2010,0.2973725367111477,4.4536771688784426e-07,0.47592692101020956,0.44248473165546687,0.023049038484024675
Iraq,2000,0.2942922701656846,4.904773087912754e-08,0.21380977968833959,0.18066189849928826,0.022799675302623636
Bosnia and Herzegovina,2022,0.29713161450190806,2.702995387864328e-07,0.33737238044062334,0.3021240564253157,0.022663631796898676
Turkiye,2020,0.303674885764851,3.2221137073879407e-07,0.3505642127888232,0.3110598663231665,0.022466780389039126
Syrian Arab Republic,2010,0.29772398355492935,8.305893112377803e-08,0.22864051585169262,0.19154340893941302,0.022353018502502573
Albania,2015,0.29726406516897796,1.514393442472332e-07,0.45924234282643744,0.42209090745311395,0.022296195161905223
Latvia,2010,0.29677060720234233,4.421456031804563e-07,0.5207415368081677,0.48192119912803777,0.021913214257009844
Bulgaria,2003,0.2983257973032938,7.912079214808166e-08,0.36628156904889847,0.32594087232240965,0.021764479945427684
Iraq,2001,0.2942922701656846,5.370189512313234e-08,0.21926383664696397,0.17967103248238947,0.02151069303460112
Croatia,2002,0.29725563235029173,1.9654893615066437e-07,0.40174637291778614,0.3548201127785684,0.020340409481653707
Iraq,2006,0.2966824018010279,6.15781730745251e-08,0.22353573347662548,0.17477074963518113,0.01991527420090046
Poland,2001,0.3017589528301666,1.632537611743223e-07,0.4926114991939817,0.4411875979606176,0.01989119666322442
Iraq,2012,0.2995754797109092,2.0836335307775348e-07,0.21131112305212252,0.16070045219521856,0.01983551798138667
Iraq,2002,0.2942922701656846,4.1887478196043225e-08,0.22893605588393337,0.17869818221125267,0.019381673225771414
Iraq,2005,0.29680926763048676,4.833170561081911e-08,0.22778076303062866,0.17574359990631805,0.01927351830403936
Iraq,2008,0.29809461122690867,1.1850218190504537e-07,0.22479849543256314,0.17116760048282198,0.01908334138383359
Iraq,2010,0.29765398500894696,1.514393442472332e-07,0.21942504030091348,0.16592501846613938,0.019065469853612002
Iraq,2011,0.29831161604328454,1.6396978644263075e-07,0.21738312735088663,0.16331273533067903,0.01901716518518015
Poland,2005,0.3069026286367968,2.570530713227268e-07,0.4699623858140784,0.411587727673987,0.019015459762197068
Iraq,2009,0.29784778383081867,1.3783486414937302e-07,0.22337452982267597,0.16853730160159985,0.01881740165629872
Iraq,2007,0.29724701707227025,8.305893112377803e-08,0.2296077377753896,0.17377988361828234,0.018559172405271135
Iraq,2004,0.2942922701656846,4.1171452927734796e-08,0.23156904889844168,0.17673446592321684,0.018462331007249953
Albania,2013,0.2975177701896044,1.5680953375954645e-07,0.42358946802794195,0.36662042625254465,0.018358047068647854
Croatia,2000,0.29728850977111165,1.8437650658942105e-07,0.42890918860827515,0.3704757958455689,0.01804226461282321
Montenegro,2017,0.2968527696827486,2.5955915976180634e-07,0.4293927995701236,0.37061992181166337,0.0179308311961627
Croatia,2001,0.29730930708781195,1.861665697601921e-07,0.422407307898979,0.36323346604932705,0.017896255422135687
Greece,2021,0.302195720225289,7.102970661619638e-07,0.3910800644814616,0.329003549101915,0.01780462409515266
Lebanon,2022,0.2968203324346081,1.4356306629584045e-07,0.30897367006985493,0.2478966616823104,0.017466703347485055
Croatia,2015,0.2967837179432768,4.804529550349573e-07,0.4318914562063407,0.3707820635235195,0.017456733484240955
Iraq,2003,0.2942922701656846,2.2554795951715585e-08,0.2379097259537883,0.17770731619435387,0.01738875634207955
"Iran, Islamic Rep.",2005,0.2967126693221242,9.6305398587484e-08,0.3146963997850618,0.2531392436989929,0.017359883867697934
"Iran, Islamic Rep.",2007,0.2966589762126088,1.399829399542983e-07,0.2867275658248254,0.22276469634460516,0.01687339371668681
Spain,2011,0.3220450506925983,1.1051850016340636e-06,0.5720042987641054,0.4919019222800728,0.016184582364954125
Iraq,2013,0.29407575490595655,2.3127616166362328e-07,0.24462654486835034,0.17813969409263697,0.016110320973533817
"Iran, Islamic Rep.",2006,0.296457481055535,1.1349000502688635e-07,0.3067974207415368,0.23825823769974952,0.015937968242198557
North Macedonia,2021,0.29698279048137255,2.4667070493225456e-07,0.42184309511015583,0.35218981389734616,0.015767746140927782
"Iran, Islamic Rep.",2019,0.29639647003154523,1.5645152112539223e-07,0.2858678130037614,0.21545030356531603,0.015556223341226007
Yemen,2000,0.29630692113854706,7.876277951392743e-09,0.30781837721655025,0.236546741852379,0.015376368979159435
"Iran, Islamic Rep.",2003,0.2960028056216443,7.231855209915155e-08,0.3070660934981193,0.2322409786153098,0.014635293744878576
Croatia,2012,0.2977200550112051,4.783048792300321e-07,0.4254433100483611,0.34610049182985936,0.013903681009859767
North Macedonia,2020,0.29632251113633434,2.2554795951715585e-07,0.44263836646963994,0.36101752932062614,0.01330819645781043
Syrian Arab Republic,2008,0.29772055685689697,6.40842615136046e-08,0.29124126813541107,0.2076494856504585,0.013053731230829934
"Iran, Islamic Rep.",2021,0.29639338681790844,1.331806999053682e-07,0.24669532509403547,0.16169131821211735,0.012638603895757178
Turkiye,2009,0.3045475078722398,3.361738634708085e-07,0.3741536808167652,0.2848649719855153,0.012597177107905734
"Iran, Islamic Rep.",2022,0.29641102591488394,1.4141499049091517e-07,0.24140247178936058,0.15598032680562812,0.012556744302237143
North Macedonia,2019,0.29684206367470917,2.2769603532208113e-07,0.4651800107469103,0.37751995243843117,0.012152308553792762
"Iran, Islamic Rep.",2023,0.2963982387790214,1.6074767273524282e-07,0.24022031166039765,0.15268344533121947,0.012132530985902872
Serbia,2009,0.29912404324852654,2.3342423746854858e-07,0.430306286942504,0.34037148467760814,0.01192556058399221
Yemen,2001,0.2963291461523745,9.666341122163821e-09,0.3123052122514777,0.2229268380564613,0.011757244609404728
Lebanon,2021,0.29689028557876146,1.650438243450934e-07,0.3376947877485223,0.24762642549588343,0.01167543862926055
"Iran, Islamic Rep.",2020,0.29639030359468244,1.281685230272092e-07,0.257576571735626,0.16738429387284492,0.011600638871173543
Iraq,2014,0.2865567250089827,2.248319342488474e-07,0.2818377216550242,0.1956870304646261,0.011425646678785782
Iraq,2016,0.2903161920112,1.7542619073556563e-07,0.28801719505642126,0.19965049453222106,0.011358366809375329
"Iran, Islamic Rep.",2000,0.2963525314659271,5.692400883052029e-08,0.3115529285330467,0.21735997261606643,0.010796690425201066
Serbia,2007,0.30055664515353564,1.7327811493064035e-07,0.4825362708221386,0.38616751040409314,0.010781999070801934
Iraq,2015,0.2890520406659575,1.8974669610173426e-07,0.28860827512090276,0.19766876249842358,0.010717396415447961
Poland,2004,0.30961351072205845,2.1946174473653417e-07,0.5030091348737238,0.4012827210982398,0.010616178047981414
Bosnia and Herzegovina,2021,0.29705114916045106,2.4380660385902087e-07,0.3975550779150994,0.30165564703550896,0.010525350643428938
Croatia,2014,0.29937193732779355,4.886872456205043e-07,0.46184846856528744,0.36341362350694506,0.010250469064733696
Albania,2014,0.29741782852098886,1.5680953375954645e-07,0.4824019344438474,0.38467220350586406,0.010195915069269104
Montenegro,2023,0.2968194024716753,4.092084408382685e-07,0.3901397098334229,0.29198119156142466,0.010050441196988308
Serbia,2004,0.2995241311100941,1.1384801766104056e-07,0.49435787211176785,0.3942565802511394,0.009932211662892557
Greece,2020,0.29948308613047225,6.340403750871159e-07,0.42447608812466414,0.3240492190174211,0.009863251811786163
"Iran, Islamic Rep.",2008,0.2965089820616026,1.632537611743223e-07,0.28291241268135414,0.18381465400760266,0.009831428098290556
Spain,2015,0.3191158193003089,1.0131757546564302e-06,0.5899247716281569,0.47840812870448757,0.009608759933174352
Montenegro,2016,0.29653252406922687,2.4810275546887143e-07,0.4737238044062332,0.37254760660817554,0.009418136898688895
Montenegro,2022,0.29715185192613514,3.6946903844715054e-07,0.39631918323482,0.2934224512223682,0.009136023524642364
Montenegro,2015,0.29698624277311403,2.5418897024949313e-07,0.4689682966147233,0.36582773343902575,0.009070638736657019
"Iran, Islamic Rep.",2018,0.29638667027431564,1.8222843078449574e-07,0.3249596990865126,0.22199001927684792,0.009044822179714015
Yemen,2002,0.29634207246666855,1.0740379024626468e-08,0.3154218162278345,0.20999153259949188,0.00854815589118784
"Iran, Islamic Rep.",2017,0.2963877704781865,1.9010470873588848e-07,0.3259537882858678,0.21919757868376955,0.008287630179753362
"Iran, Islamic Rep.",2001,0.29636307964524716,5.799804673298293e-08,0.3293927995701236,0.22085502729385476,0.007928782508294319
Bosnia and Herzegovina,2019,0.29674461260812257,2.155236057608378e-07,0.41891456206340677,0.3097627326283171,0.007844203135597208
Bulgaria,2000,0.29727550084062554,5.370189512313234e-08,0.43304674905964535,0.32219359720395613,0.007556946563872263
Greece,2019,0.3011094112804088,6.991986745031831e-07,0.4552659860290167,0.33846181562685773,0.006750456646946332
"Iran, Islamic Rep.",2002,0.2963297100005054,6.15781730745251e-08,0.34121440085975285,0.2252688850054948,0.006443898618285475
Lebanon,2020,0.2978560255279255,2.2160982054145945e-07,0.354218162278345,0.2369250725133767,0.00632709540470916
Tajikistan,2013,0.29658664421132497,4.081344029358058e-08,0.30405695862439547,0.18678725205829894,0.0062047435146333416
Tajikistan,2012,0.296546940519151,3.472722551295892e-08,0.3047823750671682,0.18711153548201132,0.006120543498496472
Greece,2011,0.2973624634311274,8.696126883605897e-07,0.480198817839871,0.36188228511719234,0.006073374604921175
Tajikistan,2014,0.2966283124731295,4.1529465561889014e-08,0.30464803868887697,0.1864449528888248,0.006022234852035298
Tajikistan,2009,0.2964580713220605,2.2554795951715585e-08,0.3062869425040301,0.18812041724467177,0.006012513357732362
Poland,2002,0.30023809715728905,1.69339975954944e-07,0.5403277807630307,0.42023528563964896,0.006005395361040541
"Iran, Islamic Rep.",2013,0.29649656589561746,2.5275691971287626e-07,0.28197205803331543,0.16361900300862953,0.005979171963084427
"Iran, Islamic Rep.",2015,0.29642990811479225,1.8974669610173426e-07,0.29731327243417516,0.17786945790621,0.005754322779234242
Tajikistan,2015,0.29675049731787295,3.8307351854501074e-08,0.30588393336915637,0.18612066946511252,0.005722416104654446
Tajikistan,2010,0.29640521546948395,2.6850947561566174e-08,0.3074153680816765,0.18777811807519773,0.005713084971126416
Tajikistan,2011,0.29645502493115883,3.0073061268954114e-08,0.30781837721655025,0.18745383465148535,0.005572609016633534
Poland,2003,0.30146552165998974,1.9153675927250535e-07,0.5319451907576572,0.4089934602842885,0.005556301839704875
Tajikistan,2016,0.296546825349535,3.329517497634205e-08,0.3062869425040301,0.18577837029563837,0.005552984740862646
Yemen,2003,0.2963620229094644,1.14564042929349e-08,0.32012358946802794,0.19781288846451794,0.005174067818446586
Bosnia and Herzegovina,2020,0.29677856187364954,2.1480758049252937e-07,0.42364320257925847,0.3005747022898013,0.005064263533263766
Croatia,2013,0.29722986511341415,4.933414098645091e-07,0.46080064481461586,0.3363719891184894,0.00483750204282106
"Iran, Islamic Rep.",2009,0.2964067769164687,1.8258644341864996e-07,0.32275658248253625,0.1975246365323292,0.004594379794827179
"Iran, Islamic Rep.",2014,0.29631843399681224,2.3270821220024015e-07,0.28425577646426653,0.15891689336480086,0.004564183133894187
Serbia,2015,0.29856202956694516,2.1659764366330043e-07,0.47178936055883935,0.3450735943214369,0.004513158008035853
Tajikistan,2017,0.29649332768195225,3.0073061268954114e-08,0.3059376679204729,0.17808564685535155,0.004078943591701592
Montenegro,2014,0.2967917130690276,2.563370460544184e-07,0.4823750671681891,0.35256814455834395,0.003717914953456747
Tajikistan,2018,0.29652692377849516,3.0073061268954114e-08,0.30459430413756045,0.16981641955068727,0.002697130497005519
West Bank and Gaza,2000,0.2963745920066238,4.9763756147435974e-08,0.28277807630306284,0.1474768948060604,0.002577247783139971
"Iran, Islamic Rep.",2016,0.29641496933254424,1.8974669610173426e-07,0.33632455668995165,0.19992073071864802,0.002360826612341757
Yemen,2004,0.2963358001356747,1.3604480097860193e-08,0.32326706072004296,0.18655304736339562,0.0022907841444780586
Tajikistan,2019,0.2965192020301991,3.186312443972519e-08,0.304110693175712,0.16210568036463868,0.0012509335723674651
Tajikistan,2023,0.29644993895065774,4.4393566635122735e-08,0.3075228371843095,0.16515034139838214,0.0011705169346636207
Bulgaria,2002,0.29718263462107075,6.480028678191303e-08,0.483879634605051,0.34035346893184637,0.0010130627276095372
Tajikistan,2022,0.29648200772094946,4.296151609850588e-08,0.3098871574422354,0.16426756985605417,0.0005243047356167513
Montenegro,2020,0.2968242297543991,2.771017788353629e-07,0.4776464266523375,0.32977822616967223,0.00010892142979626596
Yemen,2005,0.296025483500687,1.6468581171093918e-08,0.3254970445996776,0.17650026122831353,-0.00019680008991353887
"Iran, Islamic Rep.",2012,0.2976154649759208,2.5597903342026416e-07,0.3271090811391725,0.17475273388941936,-0.0007095949628418349
Montenegro,2021,0.29698037904059654,3.297296360560326e-07,0.441778613648576,0.2888644675446339,-0.0008846264519107375
Spain,2014,0.3269741768203073,1.037878626413071e-06,0.6539763567974207,0.4803718449925233,-0.002022965739635549
Spain,2012,0.3163072693802656,1.0529151570475481e-06,0.6633261687264912,0.49247842614445025,-0.0025382951208030857
Serbia,2014,0.2982325422762314,2.2518994688300163e-07,0.5137829124126814,0.3519195777109192,-0.002549300117755837
Yemen,2006,0.2973900599731045,1.969069487848186e-08,0.3291241268135411,0.16742032536436835,-0.002601744447176646
Tajikistan,2021,0.2963957197217765,3.472722551295892e-08,0.3286673831273509,0.16311456212729925,-0.0034709748642199195
Montenegro,2008,0.29725034625199304,2.2590597215131004e-07,0.4580870499731327,0.29205325454447184,-0.003481611507546792
Serbia,2005,0.2995241311100941,1.353287757102935e-07,0.5574959699086514,0.38905002972598035,-0.0037367072611369234
Serbia,2006,0.2995241311100941,1.4750120527153684e-07,0.5574959699086514,0.38436593582791356,-0.004673519954535507
Iraq,2017,0.29148943722921117,1.5287139478385005e-07,0.34712520150456744,0.1769506548723584,-0.004885889167823301
Greece,2018,0.3001752374772056,6.780759290880844e-07,0.5126007522837185,0.33747094960995905,-0.005008097749066784
Tajikistan,2020,0.2964172922936437,3.114709917141676e-08,0.3283449758194519,0.1550795395175384,-0.005011342457468745
Yemen,2007,0.29719475563836617,2.2196783317561368e-08,0.33283181085437935,0.1590069720936098,-0.005045481089925634
Bosnia and Herzegovina,2018,0.2968921986793468,1.9905502458974387e-07,0.491671144545943,0.31583403895004225,-0.005478101723733184
"Iran, Islamic Rep.",2011,0.29656217940668994,2.3342423746854858e-07,0.3329124126813541,0.15399859477183053,-0.0061264289291169775
"Iran, Islamic Rep.",2010,0.2965442743517568,2.0585726463867398e-07,0.36483073616335304,0.18426504765164753,-0.006458607338533109
Bulgaria,2001,0.2970946842959082,5.764003409882871e-08,0.5325362708221387,0.34961356225340934,-0.0068750444641380165
Yemen,2008,0.29780590755891795,2.577690965910352e-08,0.33737238044062334,0.151314248653323,-0.007431022713113439
Iraq,2018,0.29163068693956107,1.6683388751586446e-07,0.35975282106394413,0.17432035599113627,-0.007923340903661695
Spain,2013,0.34152206633623255,1.041100740120459e-06,0.6983879634605052,0.4875601275514799,-0.008012839997811758
North Macedonia,2018,0.29693721937101875,2.10869441516833e-07,0.5671144545943042,0.3734303781505035,-0.009042987916937514
Serbia,2010,0.2979388341026136,2.269800100537727e-07,0.5132724341751748,0.3168068892211793,-0.00949911209053271
Yemen,2009,0.2964390265363518,2.864101073233725e-08,0.3402203116603976,0.1442881078062226,-0.009542523796694468
Jordan,2009,0.2986291148902199,1.1134192922196107e-07,0.34390112842557763,0.14470246995874392,-0.009976764533380138
Jordan,2010,0.2979341776063075,1.1993423244166224e-07,0.33315421816227836,0.13389302250166646,-0.010058761404375414
Yemen,2010,0.2964960267837128,3.150511180557098e-08,0.3406501880709296,0.13783847082349976,-0.010912725018558792
Jordan,2008,0.29902577045191786,9.845347439240931e-08,0.33852767329392797,0.13389302250166646,-0.01102430388652332
Iraq,2019,0.2933658624377149,1.9189477190665957e-07,0.3763836646963998,0.16969030933035478,-0.012001988882051562
Jordan,2007,0.298829574587471,8.377495639208646e-08,0.3492745835572273,0.13929774623020508,-0.012112368119179151
Montenegro,2013,0.296743252327764,2.566950586885726e-07,0.5235088662009673,0.3126092204586809,-0.012505475568151528
Montenegro,2012,0.2969078705711687,2.448806417614835e-07,0.5295002686727567,0.3129154881366313,-0.01362604660978732
Jordan,2012,0.2977999820752904,1.3640281361275614e-07,0.32509403546480387,0.1068694038589727,-0.013864859912230382
Jordan,2011,0.2977401505331803,1.2709448512474654e-07,0.34390112842557763,0.12488514962076858,-0.01402911716040122
Montenegro,2009,0.2978017417236834,2.355723132734739e-07,0.5102095647501343,0.29100834129028763,-0.014059952733444361
Bosnia and Herzegovina,2017,0.29680363782545305,1.7578420336971985e-07,0.5488178398710372,0.32062622732268,-0.01595787083502445
Montenegro,2007,0.29721398949034117,1.7757426654049094e-07,0.5185384202041913,0.28999945952762707,-0.01598630439914546
Greece,2017,0.2996130042640719,6.372624887945038e-07,0.5726222461042451,0.34147044516907765,-0.016268741129381897
North Macedonia,2017,0.29668023364918206,1.8724060766265477e-07,0.6114185921547556,0.37993406237051175,-0.01662878897162673
Yemen,2011,0.2958185606420457,2.7566972829874603e-08,0.3549435787211177,0.1235159529428721,-0.016703655307958132
Jordan,2000,0.2971908797674241,5.119580668405283e-08,0.3653949489521762,0.13209144792548688,-0.01694158663069211
Montenegro,2010,0.29704224277253954,2.420165406882498e-07,0.5252283718430952,0.2914767506800944,-0.017045978947075872
Montenegro,2011,0.296848930709799,2.5418897024949313e-07,0.5281837721655025,0.29185508134109206,-0.01758071799941706
Jordan,2014,0.2984041050727134,1.3676082624691036e-07,0.3170338527673294,0.07804421064009937,-0.01795744953776154
Syrian Arab Republic,2012,0.29708535337776276,6.515829941606725e-08,0.3680816765180011,0.12848829877312773,-0.018210107632048687
Jordan,2013,0.2981817748639932,1.403409525884525e-07,0.33584094572810314,0.09065523267335651,-0.019218894954073713
Syrian Arab Republic,2022,0.29708535337776276,1.969069487848186e-08,0.353788285867813,0.10706757706235248,-0.0196355965779684
Jordan,2015,0.2978496841238153,1.3174864936875134e-07,0.34860290166577107,0.10072603455420037,-0.019790339135607925
Serbia,2013,0.298289845863597,2.316341742977775e-07,0.592530897367007,0.3438485236096348,-0.0199073743480276
Yemen,2012,0.2963014790563199,3.2937162342187835e-08,0.35929607737775393,0.11070675770623528,-0.020087699560090558
Syrian Arab Republic,2019,0.29708535337776276,2.8999023366491467e-08,0.35626007522837183,0.10706757706235248,-0.02012994979591591
Iraq,2023,0.29117193703167665,1.9619092351651015e-07,0.4123320795271359,0.16469994775433727,-0.02040913455593031
Iraq,2022,0.29431270537050136,1.9082073400419692e-07,0.4140515851692638,0.16410542814419804,-0.020557865457596025
Syrian Arab Republic,2018,0.29708535337776276,2.3270821220024014e-08,0.35994089199355184,0.103050065757472,-0.021669618274029082
Syrian Arab Republic,2017,0.29708535337776276,2.0048707512636075e-08,0.36262761955937667,0.10004143621525219,-0.022808691306694856
North Macedonia,2016,0.2968419392749226,1.8903067083342585e-07,0.6505104782375069,0.3850325184211,-0.023411303520453702
Yemen,2013,0.29618704885206465,3.8307351854501074e-08,0.36466953250940354,0.09901453870682975,-0.023512274721632365
Syrian Arab Republic,2016,0.29708535337776276,2.112274541509872e-08,0.3679473401397098,0.09811375141874001,-0.024258171845044973
Jordan,2006,0.29971357037747937,7.8046754245619e-08,0.3734551316496507,0.10146468013043408,-0.024426694242718268
Jordan,2001,0.2965775223771915,5.3343882488978124e-08,0.3922622246104245,0.12128200046840931,-0.02453826591874264
Yemen,2014,0.2960916033897432,3.90233771228095e-08,0.3591348737238044,0.08834921721584665,-0.024547951450928675
Bosnia and Herzegovina,2008,0.29727871210710116,1.5537748322292958e-07,0.6261418592154756,0.350892680202497,-0.025321886903144006
Jordan,2005,0.2982181066162001,7.446662790407686e-08,0.39494895217624937,0.11227412758751143,-0.026713117022813634
Syrian Arab Republic,2015,0.29708535337776276,2.6492934927411957e-08,0.37998387963460506,0.09732105860522089,-0.0268240156216331
Jordan,2016,0.2978043039925534,1.306746114662887e-07,0.40771090811391725,0.12371412614625188,-0.027018860656971996
Syrian Arab Republic,2013,0.29708535337776276,3.973940239111793e-08,0.3868887694787749,0.10290593979137763,-0.02708801073000197
Greece,2016,0.2989028363276394,6.60891322648682e-07,0.6290703922622246,0.3437224133893022,-0.027178981696159232
Iraq,2020,0.293573469785242,1.632537611743223e-07,0.42122514777001613,0.1375682346370728,-0.027373954021183883
Jordan,2004,0.2972134665855604,6.766438785514675e-08,0.39032778076303065,0.10414902624894151,-0.027514370412067852
Jordan,2003,0.2968396344578426,5.871407200129136e-08,0.3868887694787749,0.09605995640189524,-0.028481769812555666
Serbia,2011,0.30104314572942065,2.226838584439221e-07,0.6141590542718969,0.31853640081431167,-0.029020104776645766
Jordan,2002,0.2965435713392708,5.441792039144078e-08,0.40838259000537347,0.114075702163691,-0.029206993225449215
Syrian Arab Republic,2021,0.29708535337776276,1.9332682244327643e-08,0.39701773240193444,0.10168086907957563,-0.02935882766035436
Syrian Arab Republic,2014,0.29708535337776276,3.2579149708033624e-08,0.3944922084900591,0.0990505701983534,-0.02937977603099002
Bosnia and Herzegovina,2009,0.2964479551096011,1.6575984961340184e-07,0.6439548629768942,0.3484605545246544,-0.02945398329956303
Iraq,2021,0.2937861594373506,1.6396978644263075e-07,0.43183772165502415,0.13682958906083909,-0.02962292859020874
West Bank and Gaza,2011,0.2965441637786022,9.737943648994666e-08,0.47009672219236975,0.16743834111013023,-0.030877211148869446
Greece,2012,0.2979089539979113,8.245030964571585e-07,0.6617678667383129,0.3571621597276019,-0.031129833750802846
Syrian Arab Republic,2020,0.29708535337776276,2.2554795951715585e-08,0.4054540569586244,0.10056389284234413,-0.03126948620808181
North Macedonia,2015,0.2965995546749478,1.9296880980912222e-07,0.7064750134336378,0.395175383284991,-0.03259987407782966
Serbia,2012,0.2975380890516463,2.201777700048426e-07,0.6421278882321333,0.32583277784783904,-0.033505103082809226
Jordan,2019,0.297014878792478,1.4427909156414888e-07,0.44871037076840403,0.1292449600951231,-0.03419152211586261
Bosnia and Herzegovina,2000,0.2964552089881393,4.1887478196043225e-08,0.674019344438474,0.3537031365413371,-0.03441769973687435
Greece,2015,0.29753195073070193,7.163832809425854e-07,0.6684846856528749,0.34469526366043923,-0.035004331133776476
Jordan,2017,0.2982614818030334,1.3461275044198506e-07,0.48414830736163356,0.14697245392473013,-0.03760895520070213
West Bank and Gaza,2012,0.2963755316425401,1.0919385341703576e-07,0.5132186996238582,0.17314933251661957,-0.038376265660267035
West Bank and Gaza,2007,0.2963339244776065,5.8356059367137146e-08,0.48850080601826973,0.14142360423009703,-0.03978201873184421
North Macedonia,2014,0.29637351267244433,1.9583291088235594e-07,0.7553734551316497,0.4061649881996865,-0.04020424420269278
Bosnia and Herzegovina,2001,0.2964287614508069,4.510959190343117e-08,0.7036270822138636,0.3541355144396202,-0.04025541485497204
Bosnia and Herzegovina,2016,0.29661546703782393,1.7578420336971985e-07,0.6799570123589469,0.3246077071360368,-0.041408226448697946
West Bank and Gaza,2013,0.29649690744282503,1.1850218190504537e-07,0.5318108543793659,0.1753472534995586,-0.04164297018058801
Jordan,2018,0.29723083959571506,1.4069896522260673e-07,0.48782912412681356,0.12805592087484463,-0.04223148634133968
Jordan,2023,0.2971233319037972,1.5251338214969583e-07,0.4800913487372381,0.11659790657034241,-0.04298627898630834
West Bank and Gaza,2014,0.29646828494701966,1.217242956124333e-07,0.5487909725953789,0.18105824490604794,-0.04389965618101641
Greece,2014,0.29890168047147253,7.818995929928069e-07,0.7148844707146695,0.34521772028753117,-0.044042791088483926
Jordan,2022,0.2975151407156738,1.5072331897892477e-07,0.48629768941429335,0.11686814275676938,-0.04413431989827794
North Macedonia,2013,0.2967010608684005,1.8759862029680898e-07,0.7769210102095648,0.4071018069792999,-0.0442936407599028
Jordan,2020,0.2970441867939179,1.399829399542983e-07,0.513514239656099,0.1419460608571892,-0.0446091470889202
Montenegro,2006,0.2969555232954319,1.4893325580815368e-07,0.6633530360021495,0.2890446250022519,-0.0451660554038084
Bosnia and Herzegovina,2002,0.2965719044146846,5.04797814157444e-08,0.7311123052122516,0.35418956167690563,-0.04572733302571001
Bosnia and Herzegovina,2010,0.29674074302050846,1.6683388751586446e-07,0.7311123052122516,0.3468211216603311,-0.04718407899138949
Greece,2013,0.2991394293359868,7.969361236272839e-07,0.7411606663084364,0.3512529951177328,-0.04806719283648021
West Bank and Gaza,2006,0.29633295784245356,5.549195829390342e-08,0.5081676518001075,0.11821932368890409,-0.04835634209201617
Bosnia and Herzegovina,2011,0.2967673731315439,1.696979885890982e-07,0.7383664696399785,0.34442502747401227,-0.04911146627104457
Bosnia and Herzegovina,2013,0.29661555991451666,1.7936432971126203e-07,0.7358946802794197,0.3360837371863008,-0.05030054294500726
West Bank and Gaza,2015,0.2964157608263587,1.2566243458812967e-07,0.6153949489521763,0.21436935881960828,-0.05056347911266043
Bosnia and Herzegovina,2014,0.2968376195499162,1.7972234234541625e-07,0.7366200967221924,0.33143567477975755,-0.05135303257232417
Bosnia and Herzegovina,2003,0.29668123635896115,5.978810990375401e-08,0.7616066630843633,0.35350496333795733,-0.051952186419330124
Bosnia and Herzegovina,2012,0.2966910100228563,1.696979885890982e-07,0.7498656636217088,0.3398850595420396,-0.05232693496465392
Jordan,2021,0.2969114228979942,1.4606915473491997e-07,0.5302794196668459,0.11893995351937592,-0.05257667790511719
West Bank and Gaza,2009,0.2966032597705147,7.482464053823107e-08,0.5468027941966686,0.1344334948745204,-0.0528134964750579
Bosnia and Herzegovina,2015,0.2966824877358264,1.7829029180879938e-07,0.7414024717893606,0.32835498225449034,-0.05294115998824553
West Bank and Gaza,2005,0.2963498867496939,5.799804673298293e-08,0.5350886620096722,0.11843551263804564,-0.05369561220033256
West Bank and Gaza,2022,0.2966131918349782,1.632537611743223e-07,0.6534121440085976,0.23281748247968725,-0.05445753149540365
Bosnia and Herzegovina,2007,0.2980814473199121,1.2602044722228388e-07,0.7760343901128427,0.35060442827030824,-0.055277784626292084
West Bank and Gaza,2016,0.29659942937261047,1.3389672517367665e-07,0.6404889844169802,0.21080224115877266,-0.05627733876601787
West Bank and Gaza,2010,0.296487683415534,8.413296902624068e-08,0.5727028479312198,0.14284684814527893,-0.05632238954915027
Bosnia and Herzegovina,2004,0.29716819081066137,8.198489322131537e-08,0.7838796346050511,0.3522798926261552,-0.05660308832226642
North Macedonia,2012,0.29663916505199306,1.765002286380283e-07,0.8327780763030629,0.4000036031491523,-0.056890889875468476
North Macedonia,2011,0.29680219146377834,1.7829029180879938e-07,0.8436861902203117,0.40457960257264836,-0.05814100923800894
North Macedonia,2001,0.29676541664966033,5.94300972695998e-08,0.8173025255239119,0.37544814167582463,-0.05869430538960278
Bosnia and Herzegovina,2005,0.29691332335928494,9.487334805086713e-08,0.8094304137560452,0.3510548219143531,-0.0619837385957359
West Bank and Gaza,2019,0.2964415964412235,1.446371041983031e-07,0.678130037614186,0.2198461455311942,-0.06201254645392392
North Macedonia,2009,0.29656400359106805,1.6826593805248133e-07,0.8664965072541645,0.4077503738267245,-0.06209274219341217
Yemen,2018,0.29631859094413127,2.0764732780944507e-08,0.46974744760881243,0.010124849118129275,-0.062292650221357125
West Bank and Gaza,2017,0.29649152831806047,1.3497076307613927e-07,0.6871843095110156,0.2150359414127947,-0.0647804533024566
North Macedonia,2002,0.2964246363950391,6.050413517206245e-08,0.8554540569586245,0.3775739996757166,-0.06593351756501009
Yemen,2015,0.29630032295669334,3.114709917141676e-08,0.47823750671681886,0.0,-0.06601745347414485
West Bank and Gaza,2008,0.2963645257047394,6.730637522099253e-08,0.6129231595916175,0.13165907002720367,-0.06661633168922121
Bosnia and Herzegovina,2006,0.29712634865906273,1.074037902462647e-07,0.8331542181622784,0.35078458572792615,-0.06676123791906906
Yemen,2016,0.2963158880498945,2.8999023366491467e-08,0.492101020956475,0.004035527050642251,-0.06798149547666542
Yemen,2017,0.2963205043167351,2.577690965910352e-08,0.49712520150456746,0.007530581728430574,-0.06828686063509903
North Macedonia,2000,0.2965237064560932,6.301022361114194e-08,0.8624395486297691,0.3724575278793665,-0.06834400199935943
West Bank and Gaza,2001,0.2963335221131522,4.331952873266009e-08,0.5747716281569049,0.08211576918226526,-0.06889779792384833
West Bank and Gaza,2003,0.2963274766632657,4.331952873266009e-08,0.6153680816765181,0.12054335489217571,-0.06933217603077754
West Bank and Gaza,2018,0.29651717373503383,1.4427909156414888e-07,0.7027404621171414,0.20509124975228343,-0.06987805295992242
North Macedonia,2008,0.29690169689429635,1.5680953375954645e-07,0.9089199355185384,0.4077503738267245,-0.07054366424416626
West Bank and Gaza,2021,0.296654091499351,1.4714319263738262e-07,0.7063406770553466,0.20355991136253082,-0.07089067041703175
West Bank and Gaza,2023,0.2964144160651833,1.4392107892999466e-07,0.6626477700161205,0.15980279808030473,-0.07092748082010536
North Macedonia,2010,0.296604193458629,1.7363612756479457e-07,0.8875604513702311,0.3805105662348892,-0.0717494708631417
West Bank and Gaza,2004,0.29633481052466937,5.2985869854823913e-08,0.6210370768404084,0.11086889941809142,-0.07240012793906155
Montenegro,2000,0.2969555232954319,4.833170561081911e-08,0.819693713057496,0.3043940403913019,-0.07336435803784283
Montenegro,2002,0.2969555232954319,6.480028678191303e-08,0.8146963997850618,0.2992235213576665,-0.0733989909557925
Montenegro,2003,0.2969555232954319,8.162688058716116e-08,0.8156367544331005,0.2952420415443098,-0.07438334943477468
Montenegro,2001,0.2969555232954319,5.549195829390342e-08,0.8232401934443848,0.3024483398490281,-0.07446279064354902
Montenegro,2004,0.2969555232954319,1.0525571444133939e-07,0.8132724341751747,0.29192714432413924,-0.07457345301280667
Montenegro,2005,0.2969555232954319,1.2530442195397545e-07,0.8116603976356798,0.2899634280361034,-0.07464377893816113
West Bank and Gaza,2020,0.2963916028736941,1.2673647249059232e-07,0.6930413756045137,0.15976363341560518,-0.07701632478217607
North Macedonia,2007,0.2970184733906136,1.2781051039305497e-07,0.9438742611499195,0.4001837606067702,-0.07903618886431331
North Macedonia,2006,0.29672502084624747,1.170701313684285e-07,0.9750671681891457,0.3816095267263587,-0.08901896767286699
North Macedonia,2003,0.2964292855355803,7.017047629422627e-08,0.9830736163353037,0.3858071954888571,-0.08981032053049315
North Macedonia,2004,0.29661157330705656,8.771309536778283e-08,0.9957281031703387,0.3836813374889654,-0.0927481519490213
North Macedonia,2005,0.29645449362083554,1.0418167653887674e-07,1.0,0.38204190462464194,-0.09394611762214979
West Bank and Gaza,2002,0.29632418563131785,3.687530131788421e-08,0.7352229983879636,0.06916244797953408,-0.10357967308090348
Andorra,2000,,0.051288982365305054,0.11761051894078267,0.9488755105856236,
Andorra,2001,,0.05542989980853666,0.11761051894078267,0.9488755105856236,
Andorra,2002,,0.06316354858160789,0.11761051894078267,0.9488755105856236,
Andorra,2003,,0.08473949551116759,0.11761051894078267,0.9488755105856236,
Andorra,2004,,0.10383224973765759,0.11761051894078267,0.9488755105856236,
Andorra,2005,,0.11317095519332819,0.11761051894078267,0.9488755105856236,
Andorra,2006,,0.12384853108824465,0.11761051894078267,0.9488755105856236,
Andorra,2007,,0.14168789300292903,0.11761051894078267,0.9488755105856236,
Andorra,2008,,0.14686827391929633,0.11761051894078267,0.9488755105856236,
Andorra,2009,,0.13206993776887768,0.11761051894078267,0.9488755105856236,
Andorra,2010,,0.12351178739012358,0.09042184476492253,0.9978521811693261,
Andorra,2011,,0.12992762488075132,0.12334143669804395,0.9892812029684305,
Andorra,2012,,0.1141576191434124,0.19770146963715426,0.9757964722481302,
Andorra,2013,,0.11433171311510679,0.21113294010670797,0.9778729852432683,
Andorra,2014,,0.11713049110254556,0.18970040752312467,0.9635362658276606,
Andorra,2015,,0.09988120518929028,0.14140797380901118,0.9404498253407884,
Andorra,2016,,0.10370238171251074,0.1057990370842691,0.9274606301148124,
Andorra,2017,,0.10740952078112803,0.0772678294514726,0.8998452925988115,
Andorra,2018,,0.11522347701302536,0.07039006307069705,0.9172544663699717,
Andorra,2019,,1.657240483499864e-06,0.08116390137213052,0.9006622656843476,
Andorra,2020,,1.5140354298381778e-06,0.11405046429140638,0.9289973545468316,
Andorra,2021,,1.5953042977911847e-06,0.12094665884171021,0.9613784427758719,
Andorra,2022,,1.7897051581369238e-06,0.07316890291329863,0.9522161355223545,
Andorra,2023,,0.13551018686562724,0.050054335607008296,0.9516536277881235,
Faroe Islands,2000,,2.19231593757435e-06,,,
Faroe Islands,2001,,2.19231593757435e-06,,,
Faroe Islands,2002,,2.19231593757435e-06,,,
Faroe Islands,2003,,2.19231593757435e-06,,,
Faroe Islands,2004,,2.19231593757435e-06,,,
Faroe Islands,2005,,2.19231593757435e-06,,,
Faroe Islands,2006,,2.19231593757435e-06,,,
Faroe Islands,2007,,2.19231593757435e-06,,,
Faroe Islands,2008,,2.19231593757435e-06,,,
Faroe Islands,2009,,2.19231593757435e-06,,,
Faroe Islands,2010,,1.7503237683799602e-06,,,
Faroe Islands,2011,,1.9067752895053523e-06,,,
Faroe Islands,2012,,2.0170431808248507e-06,,,
Faroe Islands,2013,,2.125521008973578e-06,,,
Faroe Islands,2014,,2.1577421460474575e-06,,,
Faroe Islands,2015,,2.058930659020894e-06,,,
Faroe Islands,2016,,2.0496223305328842e-06,,,
Faroe Islands,2017,,2.0678809748747495e-06,,,
Faroe Islands,2018,,2.2461712666835487e-06,,,
Faroe Islands,2019,,2.35751319590551e-06,,,
Faroe Islands,2020,,2.2927129091235967e-06,,,
Faroe Islands,2021,,2.5010762622013505e-06,,,
Faroe Islands,2022,,2.5837771806909743e-06,,,
Faroe Islands,2023,,2.5773329532761983e-06,,,
Greenland,2000,,7.20679432552436e-07,,,
Greenland,2001,,6.884582954785566e-07,,,
Greenland,2002,,6.65903499526841e-07,,,
Greenland,2003,,7.260496220647492e-07,,,
Greenland,2004,,9.154383055323293e-07,,,
Greenland,2005,,1.1012468626583673e-06,,,
Greenland,2006,,1.0769020035358805e-06,,,
Greenland,2007,,1.2401557647102029e-06,,,
Greenland,2008,,0.08717458916526657,,,
Greenland,2009,,0.08825310172478,,,
Greenland,2010,,0.08734975212230525,,,
Greenland,2011,,0.09330975037284901,,,
Greenland,2012,,0.09089519344081112,,,
Greenland,2013,,0.0935707159498549,,,
Greenland,2014,,0.09902791431370798,,,
Greenland,2015,,0.08705844435330118,,,
Greenland,2016,,0.09427273418912899,,,
Greenland,2017,,0.0993406705009323,,,
Greenland,2018,,0.1064572740409942,,,
Greenland,2019,,0.10441294822960412,,,
Greenland,2020,,0.10738899342135472,,,
Greenland,2021,,0.11271480212716233,,,
Greenland,2022,,0.10193292112908385,,,
Greenland,2023,,0.10592477835302296,,,
Isle of Man,2000,,7.987261867980551e-07,,,
Isle of Man,2001,,8.212809827497706e-07,,,
Isle of Man,2002,,8.581562840676548e-07,,,
Isle of Man,2003,,9.820286554850133e-07,,,
Isle of Man,2004,,1.1997003370507764e-06,,,
Isle of Man,2005,,1.4059156143236048e-06,,,
Isle of Man,2006,,1.6003164746693439e-06,,,
Isle of Man,2007,,1.7109423786229963e-06,,,
Isle of Man,2008,,1.5566389333025294e-06,,,
Isle of Man,2009,,1.6694129130611075e-06,,,
Isle of Man,2010,,2.586641281764208e-06,,,
Isle of Man,2011,,2.6736383518636822e-06,,,
Isle of Man,2012,,2.9442959032842693e-06,,,
Isle of Man,2013,,3.133326574117695e-06,,,
Isle of Man,2014,,3.1651896985574204e-06,,,
Isle of Man,2015,,2.988331457285238e-06,,,
Isle of Man,2016,,2.8114732160130552e-06,,,
Isle of Man,2017,,2.782832205280718e-06,,,
Isle of Man,2018,,2.9811712046021533e-06,,,
Isle of Man,2019,,3.018404518554192e-06,,,
Isle of Man,2020,,2.832595961428154e-06,,,
Isle of Man,2021,,2.7309203733283566e-06,,,
Isle of Man,2022,,2.1478154321004544e-06,,,
Isle of Man,2023,,2.1478154321004544e-06,,,
Liechtenstein,2000,0.3153541892535346,2.8644590858678793e-06,,,
Liechtenstein,2001,0.3053186144126767,2.4634849356151576e-06,,,
Liechtenstein,2002,0.30289744395956225,2.336390450490411e-06,,,
Liechtenstein,2003,0.3129097800339492,2.4516705186880683e-06,,,
Liechtenstein,2004,0.2980851546493896,2.8114732160130552e-06,,,
Liechtenstein,2005,0.29605914885887785,3.3101848153898776e-06,,,
Liechtenstein,2006,0.33908170384230657,3.71294902881337e-06,,,
Liechtenstein,2007,0.3284758056169531,4.005803363551519e-06,,,
Liechtenstein,2008,0.3118639803081333,4.358087795559267e-06,,,
Liechtenstein,2009,0.3250204661882092,4.160822834140294e-06,,,
Liechtenstein,2010,0.32496393170337323,0.17847321190997983,,,
Liechtenstein,2011,0.32164505455814935,0.18872522914788054,,,
Liechtenstein,2012,0.32458710613016073,0.15856759439420287,,,
Liechtenstein,2013,0.29742261231826606,0.1829646459974348,,,
Liechtenstein,2014,0.3052715674031842,0.1924039663840529,,,
Liechtenstein,2015,0.3734131473927607,0.18482425452182022,,,
Liechtenstein,2016,0.35449297763959464,0.21430378318029786,,,
Liechtenstein,2017,0.3337128271388291,0.24161239331465464,,,
Liechtenstein,2018,0.21268524235682706,0.24765649320228,,,
Liechtenstein,2019,0.3149084607244599,0.22448268958302697,,,
Liechtenstein,2020,0.3149084607244599,0.2457911201190589,,,
Liechtenstein,2021,0.3149084607244599,0.25414565818687046,,,
Liechtenstein,2022,0.3149084607244599,0.260587066345415,,,
Liechtenstein,2023,0.3149084607244599,0.2803581505788821,,,
Monaco,2000,,0.09357177706511448,,,
Monaco,2001,,0.09439521213386426,,,
Monaco,2002,,0.10287453482441143,,,
Monaco,2003,,0.1263857090406356,,,
Monaco,2004,,0.14523439349264186,,,
Monaco,2005,,0.15053171066258947,,,
Monaco,2006,,0.1642127505523305,,,
Monaco,2007,,0.21036301613275082,,,
Monaco,2008,,0.23281465255815387,,,
Monaco,2009,,0.19598857093918917,,,
Monaco,2010,,0.19216619219566164,,,
Monaco,2011,,0.21798302724169163,,,
Monaco,2012,,0.20559969091625185,,,
Monaco,2013,,0.23469842167427132,,,
Monaco,2014,,0.2531154806061696,,,
Monaco,2015,,0.22428608762346522,,,
Monaco,2016,,0.23168026873229497,,,
Monaco,2017,,0.23021136279946455,,,
Monaco,2018,,0.25720832709568897,,,
Monaco,2019,,0.264338412525082,,,
Monaco,2020,,0.24096874764720944,,,
Monaco,2021,,0.30872292850531086,,,
Monaco,2022,,0.31506660617400933,,,
Monaco,2023,,0.35784634297876,,,
San Marino,2000,,0.03582504878896177,0.07254164427727028,,
San Marino,2001,,0.03733920987005452,0.1483429489898847,,
San Marino,2002,,0.04136752732389716,0.10265538241089016,,
San Marino,2003,,0.05318774070847451,0.10798405874977615,,
San Marino,2004,,0.061836775494798255,0.1483429489898847,,
San Marino,2005,,0.06368443286878248,0.05400322407307899,,
San Marino,2006,,0.06851428004742484,0.041106931757119824,,
San Marino,2007,,0.07933930156751076,0.1483429489898847,,
San Marino,2008,,0.08626799891048816,0.1483429489898847,,
San Marino,2009,,0.07229017481377593,0.10531972058033313,,
San Marino,2010,,0.06705261752866255,0.11472326706072004,,
San Marino,2011,,0.06436111651013354,0.13326168726491133,,
San Marino,2012,,0.05177060262610363,0.18404083825900053,,
San Marino,2013,,0.0571067620404295,0.2143784703564392,,
San Marino,2014,,0.0563222618596983,0.21698011821601296,,
San Marino,2015,,0.043280483096137905,0.1955937667920473,,
San Marino,2016,,0.044532024656477334,0.1706072004298764,,
San Marino,2017,,1.4266803471045493e-06,0.20929607737775388,,
San Marino,2018,,1.4907646086181538e-06,0.207684040838259,,
San Marino,2019,,1.5612930975465343e-06,0.199892530897367,,
San Marino,2020,,1.4467290546171853e-06,0.19156367544331004,,
San Marino,2021,,1.7195346818426975e-06,0.1676518001074691,,
San Marino,2022,,1.9250339338472175e-06,0.1292315959161741,,
San Marino,2023,,0.0631005933578255,0.1483429489898847,,
Turkmenistan,2000,,1.539454326863127e-08,0.3107469102632993,0.38696020321761204,
Turkmenistan,2001,,1.6826593805248135e-08,0.288850080601827,0.3831588808618732,
Turkmenistan,2002,,2.0048707512636075e-08,0.2700967221923697,0.3846541877601022,
Turkmenistan,2003,,2.792498546402882e-08,0.24747447608812467,0.38204190462464194,
Turkmenistan,2004,,3.8665364488655285e-08,0.22407307898979043,0.377267731997766,
Turkmenistan,2005,,4.797369297666489e-08,0.19841483073616337,0.3635217179815158,
Turkmenistan,2006,,5.764003409882871e-08,0.17409994626544867,0.3528563964905327,
Turkmenistan,2007,,7.160252683084311e-08,0.15029554003224072,0.3428216261012125,
Turkmenistan,2008,,9.451533541671291e-08,0.12721655024180548,0.3303547300340497,
Turkmenistan,2009,,1.1098391658780685e-07,0.10478237506716818,0.3262291242545985,
Turkmenistan,2010,,1.2745249775890076e-07,0.10478237506716818,0.31977948727187555,
Turkmenistan,2011,,1.4821723053984525e-07,0.10483610961848468,0.30992487434017324,
Turkmenistan,2012,,1.7471016546725723e-07,0.10440623320795271,0.3034932531032122,
Turkmenistan,2013,,2.0478322673621133e-07,0.10432563138097797,0.2982326553407678,
Turkmenistan,2014,,2.2626398478546425e-07,0.10478237506716818,0.2934404669681301,
Turkmenistan,2015,,2.198197573706884e-07,0.10521225147770016,0.2909723097987641,
Turkmenistan,2016,,2.1194347941929563e-07,0.10561526061257387,0.28877438881582496,
Turkmenistan,2017,,1.9654893615066437e-07,0.1059645351961311,0.28657646783288593,
Turkmenistan,2018,,2.0657328990698241e-07,0.1059645351961311,0.2846307672906119,
Turkmenistan,2019,,2.2518994688300163e-07,0.10593766792047286,0.282775145477147,
Turkmenistan,2020,,2.355723132734739e-07,0.11824288017195057,0.26020141603761693,
Turkmenistan,2021,,2.520408944445678e-07,0.11711445459430413,0.26418289585097365,
Turkmenistan,2022,,2.7280562722551234e-07,0.10771090811391724,0.2837479957482839,
Turkmenistan,2023,,2.8963222103076047e-07,0.10744223535733477,0.2814059487992505,
